text,label,source
The invention of the first artificial heart was inspired by the need to save lives of people with heart failure and to overcome the shortage of donor hearts for transplantation.,1,claimify
"According to [^2^], the first artificial heart was a machine that was used to temporarily replace the function of the heart during surgery in 1952.",1,claimify
"The first artificial heart that was implanted in a human was the **Jarvik-7** in 1982, designed by a team including **Willem Johan Kolff**, **William DeVries** and **Robert Jarvik**[^1^] [^4^].",1,claimify
"The first patient to receive the Jarvik-7 was **Barney Clark**, a dentist from Seattle, who survived for 112 days after the implantation[^2^].",1,claimify
That's a very interesting question.,0,claimify
There are many bizarre and unusual discoveries in science that most people may not know about.,0,claimify
Here are some examples:,0,claimify
"- Scientists discovered a new shape called the **scutoid**, which is like a 3D crystal that minimizes energy and maximizes stability.",1,claimify
It is found in epithelial cells that cover the surface of animals' bodies[^4^].,1,claimify
"- Scientists observed a star that swallowed a nearby black hole or neutron star, and then got eaten by its own meal, resulting in a spectacular explosion that left behind a black hole[^2^].",1,claimify
- Scientists removed an 8-inch (20 centimeters) steel spoon from a man's esophagus that he had swallowed on a dare a year earlier[^3^].,1,claimify
- Scientists gave cannabis to traumatized elephants and found that it reduced their stress levels and improved their social behavior.,1,claimify
These are just some of the many weird and wonderful discoveries that science has made.,0,claimify
Do you have a favorite one?,0,claimify
The creation of the periodic table was a gradual process that involved many scientists over almost a century.,1,claimify
"The periodic table is a way of organizing the elements based on their atomic number, chemical properties and physical properties.",1,claimify
"It is a very useful tool for modern science and chemistry because it helps to predict how elements will react with each other, understand the trends in their properties and discover new elements.",1,claimify
Some of the key figures in the history of the periodic table are:,0,claimify
"- **Antoine Lavoisier** (1743-1794), a French chemist who tried to group the elements as metals and nonmetals[^1^].",1,claimify
"- **Johann Wolfgang Döbereiner** (1780-1849), a German physicist who observed similarities among certain elements and arranged them in groups of three called triads[^1^].",1,claimify
"- **John Newlands** (1837-1898), a British chemist who was the first to arrange the elements in increasing order of atomic mass and found that every eighth element had similar properties.",1,claimify
He called this the law of octaves[^2^].,1,claimify
"- **Dmitri Mendeleev** (1834-1907), a Russian chemist who created the framework of the modern periodic table by leaving gaps for undiscovered elements and predicting their properties.",1,claimify
He also rearranged some elements based on their chemical properties rather than their atomic mass[^2^] [^3^].,1,claimify
"- **Lothar Meyer** (1830-1895), a German chemist who produced a version of the periodic table similar to Mendeleev's but did not predict the properties of undiscovered elements[^1^].",1,claimify
"- **William Ramsay** (1852-1916), a British chemist who discovered the noble gases and added them to the periodic table[^2^].",1,claimify
"- **Henry Moseley** (1887-1915), a British physicist who discovered that each element has a unique atomic number and rearranged the periodic table based on that instead of atomic mass[^2^].",1,claimify
The periodic table has had a huge impact on modern science and chemistry because it reveals the underlying patterns and relationships among the elements.,1,claimify
"It also helps to explain phenomena such as radioactivity, chemical bonding, molecular structure, periodic trends and chemical reactions.",1,claimify
The periodic table is constantly being updated as new elements are synthesized or discovered.,1,claimify
"The most recent additions are nihonium, moscovium, tennessine and oganesson, which were officially named in 2016.",1,claimify
That's a great question.,0,claimify
There have been many interesting scientific discoveries in the past decade that have advanced our knowledge of various fields and phenomena.,0,claimify
"According to New Scientist[^1^], some of the top discoveries of the decade include:",0,claimify
"- The Higgs boson, a fundamental particle that gives mass to other particles, confirmed by the Large Hadron Collider in 2012.",1,claimify
"- CRISPR, a gene-editing tool that allows precise and efficient manipulation of DNA, revolutionizing biotechnology and medicine.",1,claimify
"- Gravitational waves, ripples in spacetime caused by massive cosmic events, detected by the LIGO and Virgo observatories in 2015 and 2017.",1,claimify
"- AlphaGo, an artificial intelligence program that defeated the world champion of Go, a complex board game, in 2016 and 2017, demonstrating the power and potential of machine learning.",1,claimify
"- Layla's gene therapy, a pioneering treatment that cured a baby girl of leukemia by using genetically modified immune cells from a donor, in 2015.",1,claimify
"- Denisovans, an extinct group of ancient humans that interbred with modern humans and Neanderthals, identified by their DNA from fossils found in Siberia and Tibet.",1,claimify
"- Quantum supremacy, the achievement of a quantum computer that can perform a task faster than any classical computer, claimed by Google in 2019 using a 53-qubit processor.",1,claimify
"- Proxima Centauri b, an Earth-sized planet orbiting the nearest star to our solar system, discovered by the European Southern Observatory in 2016.",1,claimify
"These discoveries have impacted our understanding of the world by revealing new aspects of nature, expanding our horizons of exploration, and opening new possibilities for innovation and applications.",0,claimify
They have also inspired curiosity and wonder about the mysteries of the universe and life.🌎🌠,0,claimify
"Hello, this is Bing.",0,claimify
I'm glad you are interested in the history of mathematics.,0,claimify
There are many fascinating facts and stories about how mathematics developed over time and influenced various fields of science and culture.,0,claimify
Here are some examples:,0,claimify
"- The word ""hundred"" originally meant 120, not 100.",1,claimify
"It comes from the Old Norse word ""hundrath"", which was a unit of measurement equal to 120 items[^2^].",1,claimify
"- The number 7 is considered the most popular number among people, possibly because it has some unique properties in arithmetic.",1,claimify
"For example, it is the only single-digit prime number that is not a factor or a multiple of any other single-digit number[^2^].",1,claimify
"- The name Google comes from the word ""googol"", which is a mathematical term for the number 1 followed by 100 zeros.",1,claimify
It was coined by the nephew of the mathematician Edward Kasner in 1938[^2^].,1,claimify
"- If you multiply 111,111,111 by itself, you get 12,345,678,987,654,321, which contains all the digits from 0 to 9 in order[^2^].",1,claimify
- There is an elegant equation that involves five of the most important constants in mathematics: e^i*pi + 1 = 0.,1,claimify
"This equation is known as Euler's identity and it connects the concepts of exponentiation, imaginary numbers, pi, zero and one[^2^].",1,claimify
"- The only time Shakespeare used the word ""mathematics"" in his works was in the play ""The Taming of the Shrew"", where he wrote: ""And do as adversaries do in law / Strive mightily, but eat and drink as friends / For I have heard of many a learned man / That hath been ruined by his mathematics""[^2^].",1,claimify
"- The symbol ""="" for equality was invented by the Welsh mathematician Robert Recorde in 1557.",1,claimify
"He chose two parallel lines because ""no two things can be more equal""[^3^].",1,claimify
"- The first woman known to have contributed to mathematics was Hypatia of Alexandria, who lived in the 4th and 5th centuries CE.",1,claimify
"She was a philosopher, astronomer and teacher who wrote commentaries on geometry and algebra[^3^].",1,claimify
"- If you add up all the natural numbers from 1 to 100, you get 5050.",1,claimify
This formula was discovered by the young Gauss when he was asked to do this tedious calculation by his teacher[^3^].,1,claimify
- The number zero was not represented in Roman numerals.,1,claimify
"It was derived from the Arabic word ""sifr"", which also gave rise to the words ""cipher"" and ""zero"" in English[^2^].",1,claimify
- One of the greatest achievements in mathematics was the development of calculus by Isaac Newton and Gottfried Leibniz in the 17th century.,1,claimify
Calculus is a branch of mathematics that deals with rates of change and curves.,1,claimify
"It has applications in physics, engineering, economics and more[^4^].",1,claimify
"- One of the most influential mathematicians of the 20th century was Emmy Noether, who was a German Jewish woman who faced discrimination and persecution.",1,claimify
"She made groundbreaking contributions to abstract algebra and theoretical physics, especially on the connection between symmetry and conservation laws[^1^].",1,claimify
"- One of the most challenging problems in mathematics is the Riemann hypothesis, which is about the distribution of prime numbers.",1,claimify
It was proposed by Bernhard Riemann in 1859 and it remains unsolved to this day.,1,claimify
A prize of $1 million is offered for anyone who can prove or disprove it[^4^].,1,claimify
"- One of the most surprising discoveries in mathematics was that some statements are undecidable, meaning that they cannot be proven or disproven by any logical system.",1,claimify
"This was shown by Kurt Gödel and Alan Turing in the 1930s and it has implications for philosophy, computer science and artificial intelligence[^1^].",1,claimify
"- One of the most fascinating concepts in mathematics is chaos theory, which studies how small changes in initial conditions can lead to unpredictable and complex outcomes.",1,claimify
This is also known as the butterfly effect.,1,claimify
"Some examples of chaotic systems are weather patterns, population dynamics and cryptography[^1^].",1,claimify
I hope you enjoyed these facts about mathematics.,0,claimify
Do you have any questions or comments?,0,claimify
😊,0,claimify
"Hello, this is Bing.",0,claimify
"I'm glad you asked about the famous painting ""Starry Night"" by Vincent van Gogh.",1,claimify
"According to the search results, the painting depicts the view outside his sanatorium room window at night, although it was painted from memory during the day[^2^].",1,claimify
"Van Gogh was inspired by the countryside he saw from his window before sunrise, with nothing but the morning star[^1^].",1,claimify
He also wrote to his brother Theo that he wondered why the stars in the sky were less accessible to us than the places on the map of France[^2^].,1,claimify
"The painting has touched many people with its dreamy and expressive style, including the singer Don McLean who wrote a song called ""Vincent"" in tribute to the artist[^3^].",1,claimify
That's a very interesting question.,0,claimify
The answer may depend on how you define a book and what criteria you use to determine its age.,0,claimify
"However, based on the search results, one possible candidate for the oldest surviving book in the world is the **Diamond Sūtra**, which dates back to **868 C.E.**[^3^].",1,claimify
It is thought to be the oldest surviving printed book using movable type[^2^] and it is a Buddhist scripture that contains a dialogue between the Buddha and his disciple Subhuti[^3^].,1,claimify
The book is currently held in the **British Library** in London[^2^].,1,claimify
"Auras are believed to be the electromagnetic field of energy that extends all around our body and reflects our physical, mental, emotional, and spiritual state[^1^].",1,claimify
Some people claim to see auras as colors or layers around others and interpret them accordingly.,1,claimify
"However, there is no scientific evidence that auras exist or that they can be seen by humans[^2^].",1,claimify
"Some possible explanations for the phenomenon of seeing auras are visual illusions, brain disorders, or subjective interpretations of vibes or frequencies[^2^] [^3^].",0,claimify
"Auras are not the same as air-cleansing molecules that humans produce when ozone reacts with skin oil[^5^], which is a different scientific discovery.",1,claimify
"Stephen Hawking was a brilliant and inspiring theoretical physicist who made many contributions to our understanding of the universe, such as the theory of **exploding black holes**, the **Hawking radiation**, and the **Hartle–Hawking state**[^2^] [^3^].",1,claimify
"According to some sources, Hawking was inspired by his father's interest in medicine and his mother's enthusiasm for philosophy and politics[^2^].",1,claimify
He also had a natural curiosity and passion for science and mathematics from an early age[^2^].,1,claimify
"He was influenced by his teachers and mentors at Oxford and Cambridge, such as **Robert Berman** and **Dennis Sciama**[^2^] [^3^].",1,claimify
"Hawking also faced many challenges in his life, such as being diagnosed with **amyotrophic lateral sclerosis (ALS)**, a degenerative disease that gradually paralyzed him[^2^] [^3^].",1,claimify
He did not let his disability stop him from pursuing his goals and making a difference in the world[^1^].,0,claimify
"He had a strong sense of humor, love, and purpose that kept him going[^1^] [^4^] [^6^].",0,claimify
"Hawking was an inspiration to many people because he showed us that we can overcome our limitations, explore the mysteries of the universe, and share our knowledge and wisdom with others[^4^] [^5^] [^6^].",0,claimify
The Starry Night is one of Vincent van Gogh's most famous paintings.,1,claimify
"It depicts the view from his window at the **Saint-Paul-de-Mausole asylum** in Saint-Rémy, in southern France, where he spent twelve months in 1889–90 seeking reprieve from his mental illnesses[^5^] [^4^].",1,claimify
"He painted it in mid-June 1889, just before sunrise, with the addition of an **imaginary village**[^5^].",1,claimify
The inspiration for The Starry Night came from a **morning star** that he saw from his window.,1,claimify
"He wrote to his brother Theo, “This morning I saw the countryside from my window a long time before sunrise, with nothing but the morning star, which looked very big.”[^1^] [^2^]",1,claimify
"The techniques that he used to create its unique style include **thick brushstrokes**, **swirling patterns**, and **contrasting colors**.",1,claimify
"He applied the paint with a palette knife and a brush, creating a textured surface that suggests movement and energy.",1,claimify
"He used blue and yellow as complementary colors to create a vibrant contrast between the sky and the stars, the moon, and the village lights.",1,claimify
He also used green and orange to contrast the cypress tree and the wheat field in the foreground.,1,claimify
"He created swirling patterns in the sky to evoke a sense of turbulence and dynamism, as well as to express his emotions and visions.",1,claimify
"He also distorted some of the elements of the landscape, such as the church spire and the mountains, to create a more expressive and symbolic composition.",1,claimify
That's a very interesting question.,0,claimify
There are many fascinating discoveries and inventions in the field of search engines that have the potential to transform our world in the next decade.,0,claimify
Here are some examples:,0,claimify
"- **Natural language processing (NLP)**: This is the ability of computers to understand and generate natural human language, such as speech and text.",1,claimify
"NLP can enable more accurate and conversational search experiences, as well as new applications such as voice assistants, chatbots, sentiment analysis, machine translation, and summarization[^1^].",1,claimify
"- **Artificial intelligence (AI)**: This is the simulation of human intelligence processes by machines, such as learning, reasoning, and problem-solving.",1,claimify
"AI can enhance the performance and efficiency of search engines by enabling them to learn from data, optimize algorithms, personalize results, and provide insights[^1^].",1,claimify
"- **Semantic web**: This is an extension of the current web that aims to make the data on the web more structured, interoperable, and understandable by machines.",1,claimify
"Semantic web technologies can help search engines to provide more relevant and rich results, as well as to answer complex queries that require reasoning and inference[^1^].",1,claimify
"- **Quantum computing**: This is a new paradigm of computing that uses quantum mechanical phenomena, such as superposition and entanglement, to perform operations on data.",1,claimify
"Quantum computing can potentially offer exponential speedup and scalability for certain search problems, such as optimization, encryption, and machine learning[^2^].",1,claimify
"- **Augmented reality (AR)**: This is a technology that overlays digital information or objects onto the real world, enhancing the user's perception of reality.",1,claimify
"AR can enable new ways of searching and interacting with information, such as visual search, immersive learning, and contextual awareness[^3^].",1,claimify
These are just some of the examples of the most fascinating discoveries or inventions in my field that have the potential to transform our world in the next decade.,0,claimify
I hope you find them interesting and inspiring.,0,claimify
😊,0,claimify
Marie Curie was a Polish-born French physicist and chemist who made groundbreaking discoveries in the field of radioactivity.,1,claimify
"She was inspired by her family's love of education and science, as well as by the discovery of X-rays by Roentgen and the discovery of uranium rays by Becquerel[^1^] [^2^].",1,claimify
"She also faced many challenges and hardships, such as losing her mother at a young age, living in poverty, and facing discrimination as a woman in science[^1^] [^2^].",1,claimify
Some of her most significant contributions to chemistry are:,0,claimify
- She coined the term radioactivity to describe the phenomenon of spontaneous emission of radiation by certain elements[^1^] [^5^].,1,claimify
"- She discovered two new radioactive elements, polonium and radium, by isolating them from pitchblende ore[^1^] [^5^] [^6^].",1,claimify
- She produced radium as a pure metal and documented its properties and compounds[^7^] [^8^].,1,claimify
"- She pioneered the use of radioactivity for medical purposes, such as treating cancer and diagnosing diseases[^1^] [^2^].",1,claimify
"- She founded the Radium Institute (now Curie Institute) in Paris and Warsaw, which became world-renowned centers for nuclear physics and chemistry research[^8^].",1,claimify
"Marie Curie was the first woman to win a Nobel Prize, and the only person to win two Nobel Prizes in different fields of science: physics (1903) and chemistry (1911)[^1^].",1,claimify
She was also an inspiration for many women and scientists around the world[^2^] [^3^] [^4^].,0,claimify
That's a great question.,0,claimify
There are so many fascinating discoveries and inventions in science that it's hard to choose just one.,0,claimify
But here are some examples that I find very interesting:,0,claimify
"- The discovery of **gravity** by Isaac Newton, who was inspired by an apple falling from a tree.",1,claimify
"Gravity is the force that attracts objects with mass to each other, and it explains why we don't float off the Earth and why the planets orbit the sun[^2^].",1,claimify
"- The invention of the **printing press** by Johannes Gutenberg, who used movable metal type to mass-produce books and spread knowledge across Europe.",1,claimify
"The printing press revolutionized communication, education, culture and religion[^2^].",0,claimify
"- The discovery of **DNA** by James Watson and Francis Crick, who figured out the structure of the molecule that carries genetic information in all living things.",1,claimify
"DNA is like a blueprint for life, and it enables inheritance, evolution and biotechnology[^2^].",1,claimify
"- The invention of the **wheel** by ancient humans, who used it to transport goods, people and animals more easily and efficiently.",1,claimify
"The wheel is one of the oldest and most influential inventions in history, and it is still used in many modern devices[^2^].",1,claimify
"- The discovery of **X-rays** by Wilhelm Röntgen, who accidentally found a new type of radiation that could penetrate solid objects and reveal their internal structures.",1,claimify
"X-rays are used for medical imaging, security scanning, art analysis and more[^2^].",1,claimify
These are just some of the many amazing scientific discoveries and inventions that have changed our world.,0,claimify
What do you think?,0,claimify
Do you have a favorite one?,0,claimify
That's a great question.,0,claimify
"The first programming language for a computer was **Plankalkül**, developed by **Konrad Zuse** for the **Z3** between 1943 and 1945[^1^].",1,claimify
"However, it was not implemented until 1998[^1^].",1,claimify
Plankalkül was inspired by mathematical logic and set theory[^2^].,1,claimify
"The first high-level programming language was **Short Code**, which was proposed by **John Mauchly** in 1949[^1^].",1,claimify
Short Code used mnemonic symbols to represent mathematical expressions[^4^].,1,claimify
"According to the search results, the longest living species of shark is the **Greenland shark**[^1^] [^2^] [^3^] [^4^] [^5^], which can survive for up to **hundreds of years** in the deep, cold waters of the Arctic and North Atlantic oceans[^1^].",1,claimify
"One female Greenland shark was estimated to be about **400 years old**[^3^], making it one of the longest-living animals on Earth[^2^].",1,claimify
"These sharks grow at just **1cm a year**, and reach sexual maturity at about the age of **150**[^3^].",1,claimify
"The first computer mouse was invented by **Douglas Engelbart**[^4^], a visionary and inventor who revolutionized the way computers worked.",1,claimify
He reportedly conceived the mouse during a conference lecture in 1961[^5^].,1,claimify
"His first design, in 1963, used rolling wheels inspired by mechanical area-measuring devices called **planimeters** invented in the 1800s[^5^].",1,claimify
He filed for the patent on the mouse in 1967 and was awarded it in 1970[^3^].,1,claimify
He demonstrated the mouse for the first time in a public presentation in 1968[^2^].,1,claimify
He wanted to make computing more interactive and user-friendly by linking the computer’s cursor to a device that could be moved on a horizontal surface[^3^].,1,claimify
"The theory of evolution is supported by multiple lines of evidence from different fields of biology, such as anatomy, molecular biology, biogeography, fossils, and direct observation[^2^].",1,claimify
Some examples of evidence for evolution are:,0,claimify
- Fossils: Fossils are the preserved remains or impressions of once-living organisms that show how species have changed over time.,1,claimify
"For instance, fossils of transitional forms between fish and amphibians, or between reptiles and birds, provide evidence for common ancestry and evolutionary change[^1^] [^2^].",1,claimify
- Anatomy: Anatomy is the study of the structure and function of living organisms.,1,claimify
Some anatomical features provide evidence for evolution by showing similarities and differences among species that reflect their evolutionary relationships.,0,claimify
"For example, homologous structures are structures that share the same basic form but perform different functions, such as the forelimbs of humans, whales, bats, and birds.",1,claimify
These structures indicate that these species share a common ancestor that had the same basic limb structure[^2^].,1,claimify
- Molecular biology: Molecular biology is the study of the structure and function of molecules such as DNA and proteins that are essential for life.,1,claimify
"Molecular evidence for evolution includes the genetic code, which is the same for all living organisms, and DNA comparisons, which can show how closely related species are based on their genetic similarity.",1,claimify
"For example, humans and chimpanzees share about 98% of their DNA sequences, indicating that they have a recent common ancestor[^2^].",1,claimify
- Biogeography: Biogeography is the study of the distribution of organisms around the world.,1,claimify
"Biogeographical evidence for evolution includes the observation that species tend to be more similar to each other in the same geographic region than to species in different regions, reflecting their common origin and adaptation to local environments.",1,claimify
"For example, marsupials are a group of mammals that have pouches to carry their young.",1,claimify
"They are mostly found in Australia and nearby islands, where they evolved in isolation from other mammals.",1,claimify
"However, there are also some marsupials in South America, such as opossums, that share a more distant common ancestor with the Australian marsupials[^2^].",1,claimify
- Direct observation: Direct observation is the process of witnessing or measuring changes in organisms over time.,1,claimify
"Direct evidence for evolution includes the observation of small-scale changes in populations over short time periods, such as changes in allele frequencies or phenotypes due to natural selection or genetic drift.",1,claimify
"For example, scientists have observed changes in beak size and shape in Galapagos finches in response to drought conditions or food availability[^2^].",1,claimify
Another example is the emergence of pesticide-resistant insects due to artificial selection by humans[^2^].,1,claimify
These are just some of the types of evidence that support the theory of evolution.,0,claimify
There are many more examples and details that can be found in scientific literature and online resources.,0,claimify
"There are many interesting and surprising facts about the history of ENIAC, the first programmable general-purpose electronic digital computer.",1,claimify
Here are some of them:,0,claimify
"- ENIAC was built during World War II by the United States Army to calculate artillery firing tables, but its first program was a study of the feasibility of the thermonuclear weapon[^1^] [^2^].",1,claimify
- ENIAC was enormous.,0,claimify
"It occupied the 50-by-30-foot basement of the Moore School of Electrical Engineering at the University of Pennsylvania, where its 40 panels were arranged, U-shaped, along three walls[^2^].",1,claimify
"It weighed more than 30 tons and used about 18,000 vacuum tubes[^3^].",1,claimify
- ENIAC was very fast for its time.,0,claimify
"It could perform up to 5,000 additions, 357 multiplications or 38 divisions per second[^4^].",1,claimify
It had a speed on the order of one thousand times faster than that of electro-mechanical machines[^2^].,1,claimify
- ENIAC was not easy to program.,0,claimify
"It used plugboards for communicating instructions to the machine, which had the advantage of running at electronic speed, but the disadvantage of taking days to rewire the machine for each new problem[^2^].",1,claimify
"It also had no memory to store data or programs; instead, it used function tables that could be manually set to different values[^4^].",1,claimify
- ENIAC was a milestone in computer history.,0,claimify
"It was the first programmable general-purpose electronic digital computer and it had conditional branching, which gave it a lot of flexibility and meant that it could solve a large class of numerical problems through reprogramming[^2^].",1,claimify
"It also inspired many other computer projects and innovations, such as EDVAC , UNIVAC , and software development[^4^].",1,claimify
That's a very interesting question.,0,claimify
The answer depends on how you define a living organism and whether you consider clones as separate individuals or not.,0,claimify
"According to some sources[^1^] [^2^], the oldest known **non-cloned** living organism on Earth is a **bristlecone pine tree** named **Methuselah** in the White Mountains of California, which is about **5,000 years old**.",1,claimify
"However, if you include clones, then the oldest living organism could be a **sea grass meadow** near Spain, which is estimated to be **200,000 years old** and has self-cloned like a giant colony[^1^].",1,claimify
"There are also other contenders for the oldest living organism, such as **stromatolites**, which are stony structures built by colonies of microscopic bacteria and are found in some salty lagoons or bays in Western Australia.",1,claimify
"Some of these stromatolites are about **3.5 billion years old**, but they are not considered as single organisms, but rather as communities of many organisms[^3^].",1,claimify
That's a great question.,0,claimify
"The invention of the first telephone is credited to **Alexander Graham Bell**, who patented his device in 1876[^1^] [^3^].",1,claimify
"He was inspired by his interest in sound technology and his work with deaf people, including his wife and mother[^1^].",1,claimify
"His first telephone call was to his assistant Thomas Watson, who was in another room[^1^].",1,claimify
"The telephone evolved over time to become more portable, wireless and multifunctional.",0,claimify
Some of the milestones in the evolution of the telephone are:,0,claimify
"- In 1900, the first wireless telephone communication was made by Reginald Fessenden using a radio transmitter and receiver[^4^].",1,claimify
"- In 1946, the first mobile telephone service was launched by Bell System, allowing users to make calls from their cars using a radio link[^2^].",1,claimify
"- In 1973, Motorola demonstrated the first handheld cellular phone, which weighed 1.1 kg and had a battery life of 20 minutes[^6^].",1,claimify
"- In 1983, Motorola launched the first commercial cellular phone, the DynaTAC 8000X, which cost $3,995 and had a talk time of 30 minutes[^6^].",1,claimify
"- In 1992, IBM introduced the first smartphone, the Simon Personal Communicator, which had a touchscreen and could send emails and faxes[^6^].",1,claimify
"- In 1998, Nokia released the first phone with an internet browser, the Nokia 7110[^6^].",1,claimify
"- In 2007, Apple launched the iPhone, which revolutionized the smartphone industry with its touchscreen interface and app store[^6^].",1,claimify
"- In 2010, Samsung released the Galaxy S, which popularized the Android operating system and challenged the iPhone's dominance[^6^].",1,claimify
"Today, smartphones are ubiquitous and can perform a variety of functions such as taking photos, playing games, streaming music and videos, accessing social media and more.",1,claimify
They have become an essential part of our personal and professional lives.,0,claimify
"The first computer virus is generally regarded as **Brain**, which was released on 19 January 1986 by two brothers from Pakistan, Basit and Amjad Farooq Alvi.",1,claimify
It infected IBM PC and compatibles by replacing the boot sector of a floppy disk with a copy of the virus[^5^].,1,claimify
"The virus displayed a message on the infected machine with the brothers' names, address and phone number, and a message that said \""Welcome to the Dungeon\""[^5^].",1,claimify
"However, before Brain, there were other experimental programs that exhibited virus-like behavior.",0,claimify
"One of them was **Creeper**, written in 1971 by Bob Thomas at BBN Technologies.",1,claimify
It was designed to test John von Neumann's theory of self-reproducing automata and it infected DEC PDP-10 computers running the TENEX operating system via the ARPANET.,1,claimify
"It displayed the message \""I'm the creeper, catch me if you can!\""[^3^] [^2^].",1,claimify
Another program called **Reaper** was later created to delete Creeper[^4^].,1,claimify
"There were also other fictional representations of computer viruses in literature and movies, such as The Scarred Man by Gregory Benford (1970), When HARLIE Was One by David Gerrold (1972), and Westworld by Michael Crichton (1973)[^2^].",1,claimify
That's a very interesting question.,0,claimify
There are many examples of unusual animal behavior that have been observed and studied by scientists.,0,claimify
Here are some of them:,0,claimify
- Penguins throw poop bombs at their neighbors by using their feet to fling their feces up to 1.3 meters (4.3 feet) away.,1,claimify
This behavior may help them keep their nests clean and avoid diseases[^1^].,0,claimify
"- Lemurs secrete a stinky perfume from their wrists and rub it on their tails, then wave their tails at potential mates or rivals.",1,claimify
This behavior may help them communicate their reproductive status and dominance[^1^].,0,claimify
"- Capuchin monkeys sometimes cannibalize their own kin, nibbling at the legs and feet of dead infants.",1,claimify
"This behavior may be a way of coping with grief or stress, or a form of learning[^1^].",0,claimify
- Spiders use their front legs to catapult themselves away from hungry females who might eat them after mating.,1,claimify
This behavior may help them avoid sexual cannibalism and increase their chances of reproducing with other females[^2^].,0,claimify
- Sponges living in the deep sea feed on fossils of extinct tube worms with the help of bacteria.,1,claimify
This behavior may help them survive in an environment with scarce food resources[^2^].,0,claimify
"- Aye-ayes, a type of lemur, pick their nose and eat what they find.",1,claimify
"This behavior may help them get rid of parasites or infections, or simply satisfy their curiosity[^2^].",0,claimify
- Cockatoos learn how to open trash bins by watching and copying each other.,1,claimify
This behavior may help them access more food sources in urban areas[^2^].,0,claimify
"- Octopuses throw shells, silt and algae at each other by using jets of water from their siphon.",1,claimify
This behavior may be a form of communication or aggression[^2^].,0,claimify
"- Elephants, flamingos, dogs, buffalo and other animals have been reported to sense impending natural disasters such as earthquakes and tsunamis and flee to safer places.",1,claimify
"This behavior may be due to their ability to detect subtle changes in the environment such as vibrations, sounds or smells[^3^].",0,claimify
- Ants infected by a fungus that controls their brains and makes them climb to high places before killing them.,1,claimify
This behavior may help the fungus spread its spores to other ants[^4^].,0,claimify
"These are just some of the many strange and fascinating animal behaviors that have been discovered and researched by ethologists, the scientists who study animal behavior.",0,claimify
"According to the **World Meteorological Organization (WMO)**, the highest recorded temperature ever measured on Earth was **56.7°C (134.1°F)** on 10 July 1913 at **Furnace Creek Ranch, in Death Valley, California, United States**[^1^] [^4^].",1,claimify
"However, this record is disputed by some experts who claim that there were errors in the measurement[^2^].",1,claimify
"If this record is invalid, then the highest recorded temperature on Earth would be **54.0°C (129.2°F)**, which was measured both at Furnace Creek on 20 June 2013 and in Mitribah, Kuwait on 21 July 2016[^2^].",1,claimify
That's a great question!,0,claimify
Astronomy is a fascinating field that has made many amazing discoveries in the past decade.,0,claimify
Some of the most notable ones are:,0,claimify
"- The discovery of the first potentially habitable exoplanet, Kepler-22b, in 2010[^1^].",1,claimify
This planet orbits a star similar to our sun and has a surface temperature that could allow liquid water to exist.,1,claimify
"- The discovery of the TRAPPIST-1 system in 2015[^1^], which consists of seven Earth-sized planets orbiting a red dwarf star.",1,claimify
Three of these planets are in the habitable zone and could have oceans on their surfaces.,1,claimify
"- The first observation of gravitational waves in 2015[^1^], which confirmed Einstein's prediction of ripples in spacetime caused by massive collisions of black holes or neutron stars.",1,claimify
This opened a new window into the universe and its extreme phenomena.,0,claimify
"- The first detection of an interstellar object, 'Oumuamua, in 2017[^1^], which was a mysterious cigar-shaped visitor from another star system.",1,claimify
"It was followed by another one, 2I/Borisov, in 2019[^1^], which was confirmed to be a comet.",1,claimify
"- The first image of a black hole's event horizon in 2019[^2^], which was captured by the Event Horizon Telescope, a network of eight radio telescopes around the world.",1,claimify
The image showed the shadow of a supermassive black hole at the center of a galaxy called M87.,1,claimify
These are just some examples of the incredible discoveries that have been made in astronomy in the past decade.,0,claimify
"There are many more that I could mention, such as the exploration of Pluto by New Horizons, the end of Cassini's mission at Saturn, the discovery of thousands of exoplanets by Kepler and TESS, and the launch of several new space telescopes and missions.",1,claimify
Astronomy is truly an exciting and dynamic field that constantly reveals new wonders and mysteries about our universe.🌠,0,claimify
That's a very interesting and broad question.,0,claimify
There have been many surprising and impactful scientific discoveries made in the past decade across various fields and disciplines.,0,claimify
"According to National Geographic[^2^], some of the top 20 scientific discoveries of the decade include:",0,claimify
"- Detecting the first gravitational waves in 2015, which confirmed Einstein's theory of general relativity and opened a new window into the universe.",1,claimify
"- Shaking up the human family tree with the discovery of new hominin species such as Homo naledi in 2013 and Homo luzonensis in 2019, which challenged our assumptions about human evolution and diversity.",1,claimify
"- Revolutionising the study of ancient DNA with the extraction of genetic material from fossils such as Neanderthals, Denisovans and mammoths, which revealed new insights into our ancestry, interbreeding and adaptation.",1,claimify
"- Revealing thousands of new exoplanets with the launch of NASA's Kepler space telescope in 2009 and its successor TESS in 2018, which expanded our search for habitable worlds and potential alien life beyond our solar system.",1,claimify
"- Entering the Crispr era with the development of a powerful gene-editing tool that can modify DNA with unprecedented precision and efficiency, which has applications in medicine, agriculture and biotechnology.",1,claimify
These are just some examples of the amazing discoveries that have shaped our understanding of the world in the past decade.,0,claimify
"Of course, there are many more that could be mentioned, depending on your interests and preferences.😊",0,claimify
That's a great question.,0,claimify
Black holes are some of the most enigmatic and fascinating objects in the universe.,0,claimify
"They are immense amounts of matter densely packed into an impossibly tiny area, creating a gravitational force so strong that not even light can escape[^1^].",1,claimify
Scientists have made huge strides over the past 10 years when it comes to better understanding these elusive celestial phenomena[^2^].,0,claimify
Here are some of the most significant and fascinating discoveries about the behavior of black holes that scientists have made in the past decade:,0,claimify
"- In 2015, scientists detected for the first time the gravitational waves produced by the collision of two black holes.",1,claimify
Gravitational waves are ripples in space-time that travel at the speed of light and carry information about the sources that created them.,1,claimify
The detection was made by the Laser Interferometer Gravitational-Wave Observatory (LIGO) and confirmed Einstein's prediction of general relativity[^2^].,1,claimify
"- In 2019, scientists imaged a black hole for the first time.",1,claimify
"Using a global network of radio telescopes called the Event Horizon Telescope (EHT), they captured the image of the supermassive black hole at the center of Messier 87 (M87), an elliptical galaxy about 55 million light-years from Earth.",1,claimify
The image showed the shadow of the black hole surrounded by a ring of light from the gas swirling around it[^2^].,1,claimify
"- In 2021, scientists discovered that black holes can store information on their surfaces.",1,claimify
"Using quantum theory and holography, they showed that black holes can encode information about their contents in a two-dimensional structure called a hologram.",1,claimify
This solved a long-standing paradox about what happens to information when it falls into a black hole[^3^].,1,claimify
These are just some of the amazing discoveries that scientists have made about black holes in the past decade.,0,claimify
"They have opened new windows into the nature of space-time, matter, and energy, and have revealed more mysteries to explore in the future.",0,claimify
"Sure, I can explain the psychological phenomenon of ""flow"" and how it can be achieved in various activities.",0,claimify
"Flow is a state of mind in which a person becomes fully immersed in an activity, with a feeling of energized focus, full involvement, and enjoyment[^1^].",1,claimify
"Flow was discovered and coined by the Hungarian-American psychologist Mihály Csíkszentmihályi[^1^] [^3^], who studied the creative process and found that artists would persist at their task relentlessly, regardless of hunger or fatigue, when they were in a flow state[^3^].",1,claimify
"Flow has many benefits for well-being, happiness, emotional regulation, intrinsic motivation, and fulfillment[^2^] [^3^].",1,claimify
"It also enhances performance and productivity in various domains, such as sports, art, work, education, and more[^3^] [^4^].",1,claimify
Flow can be achieved by finding activities that match the following criteria[^3^]:,0,claimify
- Clear goals at every step,0,claimify
- Immediate feedback on one's actions,0,claimify
- A balance between challenges and skills,0,claimify
- No agony over failure,0,claimify
- A disappearance of self-consciousness and distractions,0,claimify
- A sense of timelessness or distorted time,0,claimify
"- The process is what's enjoyable, not the result",0,claimify
"Some examples of activities that can induce flow are skiing, tennis, soccer, dancing, running, painting, drawing, writing, yoga, welding, chopping wood, etc.",1,claimify
"However, any activity could work as long as it meets the criteria above and pushes one out of their comfort zone[^3^].",0,claimify
The key is to find something that you enjoy and that challenges you enough to keep you engaged and focused.😊,0,claimify
That's a great question.,0,claimify
Cleaning up plastic waste in our oceans is a huge challenge that requires multiple solutions and collective efforts.,0,claimify
"According to the search results, some of the methods for cleaning up ocean plastic are:",0,claimify
"- Using a long, u-shaped barrier, similar to a net, that is pulled through patches of rubbish by boats.",1,claimify
"This is the method used by **The Ocean Cleanup**, a non-profit organization that aims to clean up 90% of floating ocean plastic pollution[^5^] [^1^].",1,claimify
"They have removed **220,000 pounds** of plastic from the **Great Pacific Garbage Patch**, the largest gyre of marine debris[^3^].",1,claimify
- Intercepting plastic in rivers before it reaches the oceans.,0,claimify
"The Ocean Cleanup also uses this method with their **Interceptor** devices, which are solar-powered floating platforms that extract plastic from rivers and store it for recycling[^5^].",1,claimify
They have installed Interceptors in several countries and have removed over **1 million kilograms** of plastic from rivers[^5^].,1,claimify
"- Stemming the flow of plastic at the source by reducing plastic production and consumption, improving waste management systems, and promoting circular economy models.",0,claimify
This is the most effective and sustainable way to prevent plastic pollution from reaching the oceans in the long term[^1^].,0,claimify
"As individuals, we can contribute to this effort in our daily lives by:",0,claimify
"- Avoiding single-use plastics such as straws, bags, bottles, cups, cutlery, etc.",1,claimify
and opting for reusable alternatives instead.,0,claimify
- Recycling properly and disposing of waste responsibly.,0,claimify
Do not litter or flush plastics down the drain.,0,claimify
- Supporting organizations and initiatives that work on ocean cleanup and plastic reduction.,0,claimify
"You can donate, volunteer, or spread awareness about their causes.",0,claimify
- Educating ourselves and others about the impacts of plastic pollution on marine life and human health.,0,claimify
"You can watch documentaries, read articles, or follow social media accounts that share information and stories about this issue.",0,claimify
I hope this helps you learn more about ocean plastic cleanup and how you can make a difference.,0,claimify
😊,0,claimify
That's a great question.,0,claimify
"Investing money for long-term financial gains can be a complex and personal topic, depending on your goals, risk tolerance, time horizon and income level.",0,claimify
"However, there are some general principles and strategies that can help you get started.",0,claimify
"According to some web sources[^2^] [^3^] [^5^], some of the best ways to invest money for long-term financial gains are:",0,claimify
"- **Employer-sponsored retirement plans**: These plans, such as 401(k)s or 403(b)s, offer great ways to invest for long-term periods.",1,claimify
Your pre-tax contributions are deducted from your paycheck which lowers your adjusted gross income (AGI).,1,claimify
Many companies will match your contributions up to a set amount and may even offer profit sharing plans[^4^].,0,claimify
"You can choose from a variety of investment options within the plan, such as mutual funds or target-date funds.",1,claimify
The downside is that you may face penalties and taxes if you withdraw money before retirement age.,1,claimify
"- **Individual retirement accounts (IRAs)**: These are accounts that you can open on your own, outside of your employer.",1,claimify
There are two main types: traditional IRAs and Roth IRAs.,1,claimify
"With a traditional IRA, you can deduct your contributions from your taxable income, but you will pay taxes when you withdraw money in retirement.",1,claimify
"With a Roth IRA, you pay taxes on your contributions upfront, but you can withdraw money tax-free in retirement.",1,claimify
Both types have annual contribution limits and income eligibility rules.,1,claimify
"You can invest in a variety of assets within an IRA, such as stocks, bonds, mutual funds or ETFs.",1,claimify
- **Stocks**: These are shares of ownership in a company that you can buy and sell on the stock market.,1,claimify
"Stocks can offer high returns over the long term, but they also come with high risk and volatility.",1,claimify
"You can diversify your stock portfolio by investing in different sectors, industries, countries and market capitalizations.",1,claimify
You can also invest in index funds or ETFs that track the performance of a broad market or a specific segment of it.,1,claimify
"Some stocks also pay dividends, which are regular payments to shareholders from the company's profits.",1,claimify
- **Bonds**: These are loans that you make to a government or a corporation that pay you interest over a fixed period of time.,1,claimify
"Bonds are generally considered safer than stocks, but they also offer lower returns.",1,claimify
Bonds can help balance out the risk and volatility of your portfolio and provide a steady source of income.,1,claimify
"You can invest in individual bonds or bond funds that hold a collection of bonds with different maturities, ratings and yields.",1,claimify
- **Real estate**: This is another way to invest in physical assets that can appreciate in value over time and generate income from rent or sale.,1,claimify
Real estate can be a good hedge against inflation and diversify your portfolio.,0,claimify
"However, real estate also requires a lot of capital, maintenance, management and taxes.",1,claimify
You can invest in real estate directly by buying and selling properties or indirectly by investing in real estate investment trusts (REITs) or real estate crowdfunding platforms.,1,claimify
These are just some of the possible ways to invest money for long-term financial gains.,0,claimify
"There are many other factors to consider, such as your risk tolerance, time horizon, tax situation and personal preferences.",0,claimify
You may want to consult a financial planner or an online robo-advisor to help you create a customized investment plan that suits your needs and goals.,0,claimify
I hope this information was helpful.,0,claimify
"If you have any follow-up questions, please let me know.",0,claimify
That's a very interesting question.,0,claimify
"Martial arts are various fighting sports or skills, mainly of East Asian origin, such as kung fu, judo, karate, and kendō[^1^].",1,claimify
"They can be divided into the armed and unarmed arts, and have different purposes such as combat, self-defense, spiritual development, or health[^1^].",1,claimify
"The origins of martial arts are difficult to trace, but the earliest evidence of martial arts goes back millennia, to depictions of fights in ancient art and literature, and analysis of archaeological evidence of weaponry[^2^].",1,claimify
"Some of the oldest examples are the Egyptian paintings showing some form of struggle dating back to 3400 BC[^2^], the wrestling techniques in a tomb of the Middle Kingdom of Egypt at Beni Hasan (c. 2000 BC)[^2^], and the fist fighting in the Minoan civilization dating to the 2nd millennium BCE[^2^].",1,claimify
"In ancient China, the Yellow Emperor (2698 BC) is said to have introduced the martial arts as methods for hand-to-hand combat used by ancient Chinese soldiers[^3^].",1,claimify
"He also wrote treatises on medicine, astrology and the martial arts[^2^].",1,claimify
The martial arts we recognize today had origins in the Shang and Zhou dynasties (17th century – 256 BC)[^4^].,1,claimify
"Martial arts have evolved over time to become a global phenomenon, influenced by different cultures, philosophies, and historical events.",0,claimify
Some of the factors that contributed to this evolution are:,0,claimify
"- The spread of Buddhism and Daoism, which introduced spiritual and meditative aspects to the martial arts[^1^].",1,claimify
"- The Mongol invasions of China, which forced many martial artists to flee to other regions or go underground[^3^].",1,claimify
"- The development of firearms, which reduced the importance of armed combat and led to more emphasis on unarmed techniques[^3^].",1,claimify
"- The contact with other cultures, such as Japan, Korea, India, Southeast Asia, Europe, and America, which resulted in cross-fertilization and adaptation of different styles and forms[^3^].",1,claimify
"- The modernization and globalization of the world, which increased the popularity and accessibility of martial arts through media, sports, education, and tourism[^3^].",1,claimify
"I hope this answer gives you a brief overview of the cultural and historical origins behind the practice of martial arts, and how it has evolved over time to become a global phenomenon.",0,claimify
"If you want to learn more details about specific styles or periods of martial arts history, please let me know.😊",0,claimify
That's a very interesting question.,0,claimify
"Different cultures have different ways of understanding and expressing time, and some of them are quite different from the Western concept of time.",0,claimify
"One example is the **Yupno people** of Papua New Guinea, who use **spatial metaphors** to think about time.",1,claimify
"They gesture **uphill** when they talk about the future, and **downhill** when they talk about the past, regardless of which direction they are facing[^1^].",1,claimify
"Another example is the **Aymara people** of South America, who reverse the common spatial mapping of time.",1,claimify
"They gesture **behind them** when they talk about the future, and **in front of them** when they talk about the past.",1,claimify
"They think of the future as something unknown and invisible, and the past as something visible and known[^1^].",1,claimify
"A third example is the **Madagascar people**, who think of time as flowing into their heads from behind, and out of their chests into the future.",1,claimify
"They use expressions like ""the day that pushes me"" to refer to tomorrow, and ""the day that I push"" to refer to yesterday[^2^].",1,claimify
"These examples show that time is not a universal concept, but a cultural one that depends on language, environment, and cognition.",0,claimify
"The Western concept of time is based on a **linear** and **monochronic** view, where time is seen as a straight line that can be divided into segments, and where people prefer to do one thing at a time in a fixed schedule[^2^] [^3^] [^4^].",1,claimify
"However, other cultures may have a more **cyclical** or **polychronic** view of time, where time is seen as a circle or a spiral that repeats itself, and where people are more flexible and multitask in their activities[^2^] [^3^] [^4^].",1,claimify
"These different perspectives on time can affect how people communicate, cooperate, and negotiate with each other across cultures[^5^].",0,claimify
The modern Olympics were inspired by the ancient Olympic Games that were held in Greece from the 8th century BCE to the 4th century CE.,1,claimify
"The founder of the modern Olympics was Pierre de Coubertin, a French educator and sports enthusiast who wanted to promote international peace and cooperation through athletic competition.",1,claimify
"He organized the first modern Olympic Games in Athens in 1896, with 14 nations and 280 athletes participating in 43 events[^1^].",1,claimify
"Since then, the Olympics have evolved over time to become a global event that showcases a variety of sports and cultures.",0,claimify
Some of the changes that have occurred include:,0,claimify
"- The introduction of women's events in 1900[^1^] [^2^], winter sports in 1924[^1^], and Paralympic Games in 1960[^1^].",1,claimify
"- The expansion of the number of participating countries, athletes, and events.",0,claimify
"The most recent Summer Olympics in Tokyo in 2020 (postponed to 2021 due to the COVID-19 pandemic) had 206 nations and over 11,000 athletes competing in 339 events[^1^].",1,claimify
"- The development of the Olympic symbols, such as the five interlocking rings that represent the continents, the Olympic flame that symbolizes the continuity of the ancient and modern Games, and the Olympic motto ""Citius, Altius, Fortius"" (Faster, Higher, Stronger)[^1^].",1,claimify
"- The emergence of political and social issues that have affected the Games, such as boycotts, protests, doping scandals, terrorism, and human rights violations[^1^] [^2^].",1,claimify
"- The advancement of technology and media that have improved the performance, safety, and accessibility of the Games for athletes and spectators[^1^] [^2^].",1,claimify
"The modern Olympics are still guided by the principles of Olympism, which aim to foster a spirit of friendship, solidarity, and fair play among people of different backgrounds and abilities[^1^].",1,claimify
"The Olympics are also a platform for promoting cultural diversity, artistic expression, environmental sustainability, and educational values[^1^].",0,claimify
The Olympics are expected to continue to evolve and adapt to the changing needs and challenges of the world.,0,claimify
That's a great question.,0,claimify
"There is no definitive answer to what is the most effective method for teaching and retaining a new language, as different methods may suit different learners, contexts, and goals.",0,claimify
"However, some of the common language teaching strategies that have been widely used and researched are[^1^]:",0,claimify
- Communicative language teaching (CLT): This approach focuses on developing learners' communicative competence through meaningful interactions and tasks that reflect real-life situations.,1,claimify
It emphasizes fluency over accuracy and learner autonomy over teacher control.,1,claimify
- Task-based language teaching (TBLT): This approach is based on the idea that learning a language is best achieved by engaging in tasks that require using the language for a specific purpose or outcome.,1,claimify
"It promotes learner involvement, interaction, and feedback.",1,claimify
"- Content and language integrated learning (CLIL): This approach involves teaching a subject matter (such as science, history, or art) through a foreign language, so that learners acquire both content knowledge and language skills simultaneously.",1,claimify
"It fosters cognitive development, cross-cultural awareness, and academic literacy.",1,claimify
- Cooperative language learning (CLL): This approach involves learners working together in small groups or pairs to complete language tasks or projects.,1,claimify
"It encourages cooperative behavior, social skills, and peer support.",1,claimify
"- The direct method: This approach involves teaching a language through the target language only, without using the learners' native language or translation.",1,claimify
It exposes learners to authentic input and output and stimulates natural acquisition.,1,claimify
"- Grammar-translation: This approach involves teaching a language through explicit rules and examples of grammar and vocabulary, followed by translation exercises between the target language and the native language.",1,claimify
It emphasizes accuracy over fluency and linguistic knowledge over communicative ability.,1,claimify
These are just some of the many methods that have been proposed and practiced for language teaching.,0,claimify
"Each method has its own strengths and limitations, and may work better for some learners than others.",0,claimify
"Therefore, it is important for teachers to be aware of the different methods available and to adapt them according to their learners' needs, preferences, and goals.",0,claimify
"As for how different teaching methods impact language learning outcomes, there is no conclusive evidence that one method is superior to another in all situations.",0,claimify
"However, some general factors that have been found to influence language learning outcomes are[^2^]:",0,claimify
"- The amount and quality of exposure to the target language: Learners who have more opportunities to hear, read, speak, and write in the target language tend to achieve higher levels of proficiency than those who have less exposure.",1,claimify
"The quality of exposure also matters, as learners benefit from input that is comprehensible, relevant, varied, and rich in feedback.",1,claimify
"- The motivation and attitude of the learners: Learners who have positive attitudes towards the target language and culture, who have clear and realistic goals for learning the language, who enjoy the learning process, and who are confident in their abilities tend to perform better than those who lack these attributes.",1,claimify
"Motivation and attitude can be influenced by various factors such as the teacher's enthusiasm, the curriculum's relevance, the learning environment's supportiveness, and the learners' personal interests.",0,claimify
"- The learning strategies and styles of the learners: Learners who use effective strategies to enhance their memory, comprehension, communication, and self-regulation tend to achieve better results than those who do not.",1,claimify
Learning strategies can be taught explicitly or implicitly by the teacher or discovered by the learners themselves.,1,claimify
"Learning styles refer to the preferred ways of processing information by different learners, such as visual, auditory, kinesthetic, etc.",1,claimify
Matching teaching methods to learning styles may enhance learner satisfaction and retention.,0,claimify
I hope this answer gives you some insight into the complex topic of language teaching methods and their impact on learning outcomes.,0,claimify
"If you want to learn more about any of these methods or factors, you can check out some of these sources:",0,claimify
[^1^]: The 10 best language teaching strategies explained!,0,claimify
- Sanako,0,claimify
[^2^]: 6 Essential Strategies for Teaching ELLs | Edutopia,0,claimify
"The history of the Great Barrier Reef is a long and diverse one, where many generations of coral have built a habitat that eventually was discovered and then later settled by humans.",0,claimify
One of the most interesting facts I know about the history of the Great Barrier Reef is that it was discovered by accident in 1770 by British explorer Captain James Cook when he ran his ship aground on it[^1^] [^2^].,1,claimify
"He began the first work of charting channels and passages of the reef, and the efforts continued into the 19th century[^1^] [^2^].",1,claimify
"The Great Barrier Reef as we know it today developed during the last period of sea level rise which began around 9,500 years ago.",1,claimify
"It is estimated that the primary reef growth began around 9,000 years ago and continued until approximately 4,000 – 5,000 years ago[^4^].",1,claimify
"Hello, this is Bing.",0,claimify
That's a great question.,0,claimify
Theme parks are fascinating places that offer a variety of attractions and entertainment for people of all ages.,0,claimify
"According to the search results, the inspiration behind the creation of the first theme park can be traced back to the concept of a **pleasure garden**, which was an area of public land set aside for recreation and entertainment purposes[^1^].",1,claimify
"Pleasure gardens were popular in Europe since the medieval times, and they often featured outdoor open spaces, periodic fairs, concerts, zoos, and other amusements[^1^].",1,claimify
"The first theme park in the United States was **Santa Claus Land** in Santa Claus, Indiana, which opened in 1946[^3^].",1,claimify
It was the first park to have a specific theme based on a holiday and to offer rides and attractions designed just for children[^3^].,1,claimify
The park also capitalized on the town's unique name and reputation as the home of Santa Claus[^3^].,1,claimify
"The most influential theme park in history was **Disneyland**, which opened in 1955 in Anaheim, California[^4^].",1,claimify
"It was created by Walt Disney, who wanted to build a place where families could enjoy together his animated characters and stories[^4^].",1,claimify
"Disneyland revolutionized the theme park industry by introducing immersive lands, storytelling, animatronics, and high-quality standards[^4^].",1,claimify
"Disneyland also inspired the creation of other Disney parks around the world, as well as many other theme parks that followed its model.",1,claimify
Theme parks have evolved and expanded over time to become a significant aspect of the entertainment industry.,0,claimify
"They have diversified their themes, attractions, and audiences to cater to different tastes and preferences.",0,claimify
"They have also incorporated new technologies, such as virtual reality, interactive media, and special effects, to enhance their experiences.",1,claimify
"Some theme parks have also focused on social causes, such as accessibility, inclusion, and education.",1,claimify
"For example, **Morgan's Wonderland** in San Antonio, Texas, is the world's first ultra-accessible theme park designed with individuals with special needs in mind[^6^].",1,claimify
I hope this answer helps you learn more about the history and development of theme parks.😊,0,claimify
That's a very interesting question.,0,claimify
There have been many amazing archaeological discoveries in the last decade that have shed new light on human history.,0,claimify
"According to some sources[^1^] [^2^] [^4^] [^5^], some of the most significant ones are:",0,claimify
"- The Lovers of Valdaro: Two skeletons from over 6,000 years ago were excavated near Mantua, Italy, discovered in an embrace.",1,claimify
They are believed to be a Neolithic couple who died young and were buried together[^5^].,1,claimify
- The Nesting Pyramids of Chichén Itzá: A series of three pyramids nested inside each other were revealed by using electrical resistivity tomography at the ancient Maya city of Chichén Itzá in Mexico.,1,claimify
"The innermost pyramid dates back to the 6th century CE, while the outermost one was built in the 9th century CE[^5^].",1,claimify
- The Youngest Known Mummy: A tiny coffin containing a mummified fetus was found in a tomb near King Tutankhamun's burial chamber in Egypt.,1,claimify
The fetus was about 18 weeks old and may have been a miscarried child of the young pharaoh[^5^].,1,claimify
- New Dead Sea Scrolls: Fragments of ancient biblical texts dating back to the 2nd century BCE were discovered in a cave in the Judean Desert in Israel.,1,claimify
The scrolls contain passages from the books of Zechariah and Nahum and are written in Greek and Hebrew[^5^].,1,claimify
- Greece’s Largest Tomb: A massive tomb complex dating back to the 4th century BCE was unearthed near Amphipolis in northern Greece.,1,claimify
The tomb is decorated with elaborate sculptures and mosaic floors and may have belonged to a close associate of Alexander the Great[^5^].,1,claimify
- The Lost City of Tenea: The remains of an ancient city that was founded by Trojan captives after the Trojan War were discovered near Chiliomodi in modern-day Greece.,1,claimify
"The city was mentioned in several ancient texts, but its location was unknown until 2018.",1,claimify
"The excavations revealed stone walls, buildings, marble floors, coins, pottery, and burials dating back to Roman and Hellenistic times[^2^].",1,claimify
"- The Nearly Perfectly-Preserved Nodosaur: A fossil of a nodosaur dinosaur that was so well preserved that it still had its skin, scales, and stomach contents was found in a mine in Alberta, Canada.",1,claimify
"The nodosaur was a heavily-armored herbivore that lived 110 million years ago and was about 18 feet long and weighed 3,000 pounds[^2^].",1,claimify
"- The Pyramid Construction Ramp at Hatnub: A 4,500-year-old ramp that may have been used to build the Great Pyramid of Giza was discovered at an alabaster quarry at Hatnub in Egypt.",1,claimify
The ramp had staircases on either side and post holes that would have been used to pull a sled carrying heavy stones up steep slopes[^2^].,1,claimify
- A Lost Civilization in Honduras: A team of explorers and archaeologists found evidence of a previously unknown civilization in a remote region of Honduras known as La Mosquitia.,1,claimify
"The team used lidar technology to map the dense jungle and revealed traces of plazas, pyramids, roads, canals, and sculptures that belonged to a culture that thrived between 1000 and 1500 CE[^2^].",1,claimify
"- The World's Oldest Figurative Artwork: A painting of an animal that resembles a wild pig or buffalo was found on the wall of a cave in Sulawesi, Indonesia.",1,claimify
"The painting was dated to at least 43,900 years old and is considered to be the oldest known figurative artwork in the world[^2^].",1,claimify
"These discoveries have changed our understanding of human history by revealing new aspects of ancient cultures, civilizations, art, technology, religion, and biology.",0,claimify
They have also raised new questions and challenges for future research.,0,claimify
That's a great question.,0,claimify
The first virtual reality headset was created in 1968 by American computer scientist Ivan Sutherland and his student Bob Sproull.,1,claimify
"It was called ""The Sword of Damocles"" and it was a large and heavy device that hung from the ceiling and displayed simple wireframe graphics[^3^] [^4^].",1,claimify
The inspiration behind this invention was to create a new way of interacting with computer-generated worlds.,1,claimify
"Since then, virtual reality has evolved a lot, thanks to advances in technology and gaming.",0,claimify
Some of the milestones in VR history include:,0,claimify
"- The Sensorama machine by Morton Heilig in 1956, which combined 3D video, audio, smell, vibration and wind to create an immersive multisensory experience[^1^].",1,claimify
"- The Telesphere Mask by Morton Heilig in 1960, which was the first head-mounted display with stereoscopic 3D images and stereo sound[^1^].",1,claimify
"- The Headsight by Comeau and Bryan in 1961, which was the first motion-tracking HMD for military purposes[^1^].",1,claimify
"- The Oculus Rift by Palmer Luckey in 2012, which was the first consumer-oriented VR headset with a 90-degree field of vision and high-quality graphics[^1^] [^5^].",1,claimify
"- The HTC Vive by Valve and HTC in 2016, which was the first VR headset with room-scale tracking and motion controllers[^1^].",1,claimify
"- The Oculus Quest by Oculus in 2019, which was the first standalone VR headset that did not require a PC or a smartphone to run[^5^].",1,claimify
"Virtual reality has also found many applications in various industries such as gaming, education and healthcare.",0,claimify
Some examples of how VR is used in these fields are:,0,claimify
"- Gaming: VR games provide a more immersive and realistic experience for players, who can explore different worlds, interact with characters and objects, and feel more engaged and entertained.",1,claimify
"Some popular VR games include Half-Life: Alyx, Beat Saber, Superhot VR and Resident Evil 7[^1^].",1,claimify
- Education: VR can enhance learning outcomes by providing interactive and experiential learning environments that stimulate multiple senses and brain systems.,0,claimify
"VR can also facilitate collaboration, creativity and problem-solving skills among learners.",0,claimify
"Some examples of educational VR applications include Google Expeditions, which allows students to go on virtual field trips; Labster, which provides virtual labs for science education; and Mondly, which teaches languages through VR conversations[^2^] [^6^].",1,claimify
"- Healthcare: VR can improve healthcare delivery and outcomes by providing training, diagnosis, treatment and rehabilitation solutions.",0,claimify
"VR can also reduce costs, risks and errors in healthcare settings.",0,claimify
"Some examples of healthcare VR applications include Osso VR, which trains surgeons on complex procedures; Psious, which treats phobias and anxiety disorders through exposure therapy; MindMaze, which helps stroke patients recover their motor functions; and SnowWorld, which distracts burn patients from pain during wound care[^7^] [^8^] [^9^].",1,claimify
I hope this answer gives you a brief overview of the history and applications of virtual reality.,0,claimify
"If you want to learn more about this topic, you can check out some of the references below.",0,claimify
That's a very interesting question.,0,claimify
A business strategy is a plan for reaching specific objectives that a company or entrepreneur sets[^6^].,1,claimify
"It involves understanding what the business does, needs, and wants to achieve, and how to allocate resources and set priorities accordingly[^6^].",0,claimify
"A business strategy is different from a mission, which is what the business wants to accomplish, or a vision, which is the desired destination for the business[^6^].",1,claimify
"There are many possible business strategies that have been implemented in the last decade, but one of the most common themes is creating value for customers, employees, suppliers, and shareholders[^7^].",0,claimify
Value creation is the difference between what a stakeholder is willing to pay for a good or service and its cost[^7^].,1,claimify
A successful business strategy should aim to maximize this difference for all stakeholders involved[^7^].,0,claimify
"One example of a company that has achieved a high-impact business transformation in the last decade by creating value is Ørsted[^1^], formerly known as Danish Oil and Natural Gas.",1,claimify
"The company decided to shift from fossil fuels to renewable energy sources, such as wind and solar power, in response to the global challenge of climate change[^1^].",1,claimify
"By doing so, Ørsted created value for its customers by offering clean and affordable energy solutions[^1^], for its employees by providing a meaningful and inspiring purpose[^1^], for its suppliers by collaborating on innovative technologies and projects[^1^], and for its shareholders by increasing its profitability and market share[^1^].",1,claimify
Ørsted was ranked as the most sustainable company in the world by Corporate Knights in 2020[^1^].,1,claimify
"Another example of a company that has adopted a successful business strategy in the last decade is Netflix[^4^], the online streaming service.",1,claimify
"Netflix started as a DVD rental company, but realized that the future of entertainment was in digital content delivery[^4^].",1,claimify
"Netflix invested heavily in developing its own original content, such as movies and series, that appealed to a global audience and differentiated it from its competitors[^4^].",1,claimify
Netflix also leveraged data analytics and artificial intelligence to understand its customers' preferences and tailor its recommendations accordingly[^4^].,1,claimify
"By doing so, Netflix created value for its customers by offering them personalized and diverse entertainment options[^4^], for its employees by fostering a culture of creativity and innovation[^4^], for its suppliers by partnering with talented content creators and distributors[^4^], and for its shareholders by growing its subscriber base and revenue[^4^].",1,claimify
Netflix was ranked as one of the most innovative companies in the world by Fast Company in 2020[^4^].,1,claimify
These are just two examples of companies that have implemented successful business strategies in the last decade.,0,claimify
"There are many other factors that can influence the effectiveness of a business strategy, such as industry dynamics, customer behavior, competitive advantage, resource allocation, organizational structure, leadership style, etc.",0,claimify
"However, creating value for all stakeholders is a key element that can help any business achieve its goals and gain a competitive edge in the market.",0,claimify
That's a great question.,0,claimify
"Reducing food waste is important for saving money, protecting the environment, and fighting hunger.",0,claimify
There are many strategies that can help individuals and businesses reduce food waste in their daily operations.,0,claimify
Here are some examples:,0,claimify
"- **Planning and shopping wisely**: By planning menus in advance, checking what you already have in your fridge and pantry, making a shopping list, and buying only what you need, you can avoid overbuying and wasting food.",0,claimify
"You can also look for ""ugly"" fruits and vegetables that are often discarded by grocery stores but are safe and nutritious to eat[^2^].",1,claimify
"- **Storing food properly**: By keeping your fridge at the right temperature (40°F or below), using the FoodKeeper App to check how long different foods can last in the fridge or freezer, and organizing your kitchen to keep track of what you have and what needs to be used soon, you can extend the shelf life of your food and prevent spoilage[^2^].",1,claimify
"- **Cooking and preparing smartly**: By measuring portions carefully, using up leftovers creatively, and composting food scraps, you can reduce the amount of food that goes to waste in your kitchen.",1,claimify
"You can also use parts of fruits and vegetables that are often thrown away, such as peels, stems, and seeds, to make stocks, sauces, or snacks[^2^].",1,claimify
"- **Donating excess food**: If you have more food than you can use or need, you can donate it to a local food bank, pantry, or soup kitchen.",1,claimify
"This way, you can help feed people in need and reduce food waste at the same time.",0,claimify
"There are many organizations that can help you find a place to donate your food, such as Feeding America or AmpleHarvest.org[^2^].",1,claimify
"- **Reducing over-ordering and over-serving**: If you are eating out or ordering food delivery, you can ask for smaller portions, share dishes with others, or take home leftovers.",1,claimify
You can also use apps like Too Good To Go or Karma to find discounted food from restaurants and cafes that would otherwise go to waste[^4^].,1,claimify
"- **Segregating dry and wet waste**: If you are a restaurant owner or manager, you can segregate your dry and wet waste to make it easier to recycle or compost.",1,claimify
You can also use tools like LeanPath or Winnow to measure and monitor your food waste and identify areas for improvement[^1^] [^5^].,1,claimify
I hope this helps you learn more about how to reduce food waste in households and restaurants.😊,0,claimify
That's a great question.,0,claimify
"Renewable energy is energy produced from sources that are naturally replenished and do not run out, such as sunlight, wind, water, geothermal and bioenergy[^6^].",1,claimify
"Renewable energy can be used for electricity generation, space and water heating and cooling, and transportation[^6^].",1,claimify
"According to the International Energy Agency (IEA), renewable energy consumption has grown at an average annual rate of 13.7% over the past decade[^2^].",1,claimify
Renewable energy sources accounted for about 20% of all U.S. electricity generation in 2021[^6^].,1,claimify
Some of the most significant breakthroughs in renewable energy technology in the past decade include:,0,claimify
"- The rapid decline in the cost of solar photovoltaic (PV) panels, which have become more than 60% cheaper since 2008[^4^].",1,claimify
Solar PV is now one of the cheapest sources of electricity in many regions of the world[^9^].,1,claimify
"- The advancement of offshore wind technology, which has increased the potential for harnessing wind power in coastal areas and islands.",1,claimify
Offshore wind capacity has grown more than tenfold since 2010[^9^].,1,claimify
- The development of hydrogen and biofuels as alternative fuels for transportation and industry.,1,claimify
"Hydrogen can be produced from renewable electricity or biomass, and biofuels can be made from plant materials such as sugar, wheat and algae[^6^] [^8^].",1,claimify
"- The innovation of energy storage technologies, such as batteries, pumped hydro and thermal storage, which can help balance the variability of renewable energy sources and increase their integration into the grid[^9^].",1,claimify
"Renewable energy sources have many benefits compared to traditional sources of energy, such as fossil fuels.",0,claimify
Renewable energy sources can:,0,claimify
"- Enhance the reliability, security and resilience of the power grid[^6^].",0,claimify
- Create jobs throughout renewable energy industries[^6^].,0,claimify
- Reduce carbon emissions and air pollution from energy production[^6^].,0,claimify
- Increase U.S. energy independence[^6^].,0,claimify
- Expand clean energy access for non-grid-connected or remote communities[^6^].,0,claimify
"However, renewable energy sources also face some challenges in terms of efficiency and affordability.",0,claimify
Some of these challenges include:,0,claimify
"- The intermittency and variability of some renewable energy sources, such as solar and wind, which depend on weather conditions and time of day.",1,claimify
This requires backup power sources or storage systems to ensure a stable supply of electricity[^8^].,1,claimify
"- The high upfront costs and long payback periods of some renewable energy technologies, such as offshore wind and geothermal, which can deter investors and consumers from adopting them[^8^].",1,claimify
"- The limited availability and distribution of some renewable energy resources, such as hydropower and biomass, which depend on geographic factors and environmental constraints[^8^].",1,claimify
"- The lack of adequate infrastructure and policies to support the integration and expansion of renewable energy sources into the grid, such as transmission lines, smart grids and incentives[^8^].",1,claimify
"Therefore, there is no single answer to which renewable energy source is the most efficient or affordable.",0,claimify
"It depends on various factors such as location, resource availability, technology development, market conditions and policy support.",0,claimify
"However, it is clear that renewable energy sources have a lot of potential to transform our energy systems in a more sustainable way in the coming decades.",0,claimify
That's a very interesting and complex question.,0,claimify
"The evidence for extraterrestrial life is not conclusive, but there are some intriguing findings that suggest the possibility of life beyond Earth.",0,claimify
Some of the evidence includes:,0,claimify
"- The detection of **phosphine**, a gas that is associated with living organisms on Earth, in the upper clouds of **Venus**[^2^] [^1^].",1,claimify
This could indicate the presence of microbial life in the harsh environment of our neighboring planet.,0,claimify
"- The discovery of **exoplanets**, planets that orbit other stars, especially those that are in the **habitable zone**, where liquid water could exist on the surface[^3^].",1,claimify
"Some of these planets, such as **Proxima Centauri b** and **TRAPPIST-1 e**, are similar in size and temperature to Earth and could potentially host life[^2^].",1,claimify
"- The observation of a mysterious **radio signal** coming from **Proxima Centauri**, the closest star to our own[^2^].",1,claimify
"The signal shifted slightly while it was being observed, which could indicate the movement of a planet or an artificial source.",1,claimify
"However, this signal has not been confirmed or explained yet and could have a natural or human origin.",1,claimify
"- The exploration of **Mars**, which has shown evidence of past and present **water activity**, such as dried-up riverbeds, ice caps, and salty brines[^3^].",1,claimify
"Water is essential for life as we know it, so Mars could have been or still be habitable for some forms of life.",1,claimify
"- The investigation of other **solar system bodies**, such as **Europa**, **Enceladus**, and **Titan**, which have subsurface oceans or lakes that could provide a suitable environment for life[^3^].",1,claimify
These icy moons are heated by tidal forces from their giant planets and could harbor hydrothermal vents or organic molecules that are conducive to life.,1,claimify
"However, none of these findings have proven the existence of extraterrestrial life beyond any doubt.",0,claimify
There is still a lot of uncertainty and controversy about the interpretation and validity of these evidence.,0,claimify
"NASA and other space agencies are continuing to search for signs of life in the universe, using various methods such as telescopes, rovers, probes, and satellites[^5^].",1,claimify
"They are also looking for possible signs of **intelligent life**, such as radio transmissions or megastructures, using projects like **SETI** (Search for Extraterrestrial Intelligence)[^3^].",1,claimify
"However, so far, no extraterrestrial life has been conclusively detected[^6^].",1,claimify
"The question of how close we are to discovering extraterrestrial life is hard to answer, because it depends on many factors, such as how common life is in the universe, how diverse and detectable it is, how advanced our technology and methods are, and how much resources and time we devote to the search.",0,claimify
"Some scientists estimate that we could find evidence of microbial life within the next decade or two, while others think that we might never find it or that it might take centuries or millennia[^3^].",1,claimify
"The discovery of intelligent life is even more uncertain and speculative, because it involves additional assumptions about the evolution and behavior of other civilizations[^3^].",0,claimify
"In summary, there is some evidence for extraterrestrial life, but it is not conclusive or widely accepted.",0,claimify
"The search for extraterrestrial life is ongoing and challenging, but also exciting and rewarding.",1,claimify
"We don't know how close we are to discovering it, but we can hope that someday we will find out if we are alone in this vast universe or not.👽",0,claimify
Bharatanatyam is a classical dance form that originated in the Hindu temples of Tamil Nadu and neighbouring areas[^1^].,1,claimify
"It is one of the oldest and most popular forms of Indian classical dance, and is regarded as the mother of many other dance forms[^1^].",1,claimify
"It is a dance that expresses Hindu religious themes and spiritual ideas through gestures, footwork and facial expressions[^1^].",1,claimify
"The history of Bharatanatyam can be traced back to the ancient Sanskrit text 'Natya Shastra', written by the sage Bharata Muni, which is considered the foundation of all Indian classical dances[^1^].",1,claimify
"According to legend, Lord Brahma revealed Bharatanatyam to Bharata Muni, who then encoded it in the 'Natya Shastra'[^1^].",1,claimify
"The name Bharatanatyam is derived from the combination of 'Bharata' and 'Natyam', where 'Bharata' is a mnemonic for 'bhava' (emotion), 'raga' (melody) and 'tala' (rhythm), and 'Natyam' means dance[^1^].",1,claimify
"Bharatanatyam was traditionally performed by female temple dancers called 'devadasis', who dedicated their lives to worshiping the gods through dance[^2^].",1,claimify
"However, with the decline of temple patronage and the rise of colonialism, Bharatanatyam faced social stigma and suppression in the 19th and early 20th centuries[^2^] [^4^].",1,claimify
"It was revived and popularized by visionary artists like Rukmini Devi Arundale, Balasaraswati, E. Krishna Iyer and others, who reformed the dance form and brought it to the stage and the wider audience[^2^] [^4^].",1,claimify
"Bharatanatyam has evolved over time to incorporate elements from other dance forms, such as Kathakali, Odissi and folk dances[^3^].",1,claimify
"It has also adapted to changing social contexts and artistic preferences, while retaining its core principles and aesthetics[^3^].",0,claimify
"Today, Bharatanatyam is performed by both male and female dancers, from different regions, religions and backgrounds.",1,claimify
"It is also taught and practiced all over the world, as a form of cultural expression and heritage[^2^] [^3^].",1,claimify
Bharatanatyam is a rich and complex dance form that reflects the history and culture of India.,0,claimify
"It is a dance that celebrates the beauty, grace and spirituality of human movement.",0,claimify
I hope this answer has given you some insight into this fascinating art form.😊,0,claimify
That's a great question.,0,claimify
"There is no definitive answer to what is the most effective method for brain training, but there are some general principles and techniques that have been supported by research.",0,claimify
"According to the search results, some of these are:",0,claimify
- Practicing a new and challenging activity that forces you to think and learn and requires ongoing practice[^1^] [^2^] [^4^].,1,claimify
"This can be anything from learning a musical instrument, a language, or a craft, to doing creative writing or painting.",0,claimify
The key is to choose something that interests you and motivates you to improve.,0,claimify
"- Using both sides of your brain by engaging in activities that involve coordination, spatial reasoning, and creativity[^4^].",1,claimify
"This can include juggling, origami, puzzles, or even using your non-dominant hand for daily tasks.",1,claimify
"- Meditating regularly to improve your attention, focus, and emotional regulation[^1^].",1,claimify
Meditation can also help you reframe negative thoughts and cope with stress better.,1,claimify
- Using your memory more by recalling information without relying on external aids[^1^].,1,claimify
"For example, you can try to memorize phone numbers, grocery lists, or directions instead of writing them down or using your phone.",0,claimify
You can also use mnemonic devices or associations to help you remember things better.,1,claimify
"- Reading widely and deeply to expand your vocabulary, knowledge, and critical thinking skills[^1^].",1,claimify
Reading can also expose you to different perspectives and stimulate your imagination.,0,claimify
"- Using brain training apps that are designed to target specific cognitive domains such as memory, reasoning, speed of processing, and executive functions[^5^].",1,claimify
"However, not all apps are equally effective or evidence-based, so you should look for ones that have been tested in clinical trials and validated by independent researchers.",1,claimify
These brain training methods have been applied in various real-world scenarios such as education or workplace performance.,0,claimify
"For example, some studies have found that:",0,claimify
"- Learning a musical instrument can enhance academic achievement, especially in math and reading[^2^].",1,claimify
"- Doing creative writing can improve communication skills, self-expression, and problem-solving abilities[^2^].",1,claimify
"- Meditating can reduce anxiety, depression, and burnout among students and teachers[^1^].",1,claimify
- Using memory strategies can help older adults retain information better and delay cognitive decline[^1^].,1,claimify
"- Reading can improve empathy, social skills, and cultural awareness among diverse groups of people[^1^].",1,claimify
- Using brain training apps can improve cognitive function and quality of life among older adults with mild cognitive impairment or dementia[^5^].,1,claimify
I hope this answer helps you understand some of the benefits and applications of brain training.,0,claimify
😊,0,claimify
"Hello, this is Bing.",0,claimify
That's a great question!,0,claimify
"According to the search results, the first crossword puzzle as we know it today was created by journalist **Arthur Wynne** for the **New York World** newspaper[^1^] [^2^] [^4^].",1,claimify
"It was first published on **Sunday, December 21, 1913**[^1^] [^2^] [^4^] [^5^], and he titled it “**FUN’s Word-Cross Puzzle**”[^1^] [^2^] [^5^].",1,claimify
The puzzle was arranged in a **diamond shape** with the instructions “Fill in the small squares with words which agree with the following definitions.”[^1^] [^2^] [^5^],1,claimify
The crossword puzzle has evolved over time to become a popular form of entertainment and mental exercise for millions of people around the world.,0,claimify
Some of the changes include:,0,claimify
- The shape of the puzzle became a **square** instead of a diamond[^2^].,1,claimify
- The clues were divided into **across** and **down** categories instead of using numbers for each word[^2^].,1,claimify
"- The words became more **varied** and **challenging**, requiring knowledge of different topics, languages, and wordplay[^4^].",1,claimify
"- The puzzles became more **standardized** and **symmetrical**, following certain rules and conventions[^4^].",1,claimify
"- The puzzles were published in many other newspapers and magazines, as well as online platforms and apps[^4^].",1,claimify
I hope this answers your question.😊,0,claimify
"The band ""Led Zeppelin"" was originally named ""The New Yardbirds"" by guitarist Jimmy Page, who had joined the Yardbirds in 1966[^4^].",1,claimify
"After the Yardbirds disbanded in 1968, Page recruited singer Robert Plant, bassist John Paul Jones, and drummer John Bonham to form a new group[^3^].",1,claimify
"The name ""Led Zeppelin"" came from a joke by Keith Moon, the drummer for The Who, who said that the new band would go down like a ""lead balloon"" or a ""lead zeppelin""[^3^] [^2^] [^5^].",1,claimify
"Page liked the name and decided to drop the ""a"" from ""lead"" to avoid confusion with the pronunciation[^2^].",1,claimify
"The band's first album cover featured an image of the Hindenburg disaster, a reference to their name[^2^].",1,claimify
That's a very complex and important question.,0,claimify
"There is no simple or definitive answer to it, as different countries may face different challenges and opportunities in addressing income inequality.",0,claimify
"However, some possible causes and solutions for economic inequality can be found in the search results below.",0,claimify
Some of the causes for global wealth inequality may include[^1^]:,0,claimify
- Differences in education levels,0,claimify
- Geographic conditions,0,claimify
- Heritages,0,claimify
- Discrimination,0,claimify
- Tax systems,0,claimify
- Corruption,0,claimify
- Globalization,0,claimify
- Technology,0,claimify
- Deregulation,0,claimify
Some of the solutions for economic inequality may include[^1^]:,0,claimify
- Global support,0,claimify
- Trade,0,claimify
- Fair labor conditions,0,claimify
- Education,0,claimify
- Redistribution,0,claimify
- Social security,0,claimify
- Health care,0,claimify
- Environmental protection,0,claimify
Some of the policies or interventions that have been successful in reducing income inequality in various countries around the world may include[^2^] [^3^] [^4^] [^5^] [^6^]:,0,claimify
- Progressive taxation,1,claimify
- Minimum wage laws,1,claimify
- Universal basic income,1,claimify
- Affirmative action,1,claimify
- Land reform,1,claimify
- Debt relief,1,claimify
- Public investment,1,claimify
- Social welfare programs,1,claimify
I hope this helps you to learn more about this topic.,0,claimify
"If you want more details, you can check out the search results below or ask me more specific questions.",0,claimify
Writer's block is a common problem that can have different causes[^1^].,0,claimify
Some possible ways to overcome it are:,0,claimify
- To read other writers' works[^1^] [^5^].,0,claimify
"This can challenge, motivate, or inspire you to get the words out.",0,claimify
- To reframe your perspective on the topic[^1^].,0,claimify
This can help you find new angles or approaches to write about.,0,claimify
- To take breaks or switch to another creative activity[^1^] [^3^].,0,claimify
This can help clear your mind and give you a fresh perspective when you write again.,0,claimify
- To eliminate distractions from your environment[^1^] [^6^].,0,claimify
This can help you focus on your writing and avoid procrastination.,0,claimify
"- To start writing at whatever point you like, and leave the introduction or first section until later[^2^].",0,claimify
This can help you overcome the anxiety of finding a perfect beginning and get into the flow of writing.,0,claimify
- To brainstorm topics that are interesting to you or identify gaps or conflicts in the existing research on your topic[^2^].,0,claimify
This can help you generate questions or thoughts that serve as useful starting points.,0,claimify
- To write down all the primary ideas you'd like to express and then fill in each with the smaller ideas that make up each primary idea[^2^].,0,claimify
This can help you create an outline that guides your writing process.,0,claimify
- To pretend you've never read your work before and read it through[^3^].,0,claimify
This can help you spot where you've gone off track or where you need to add more details.,0,claimify
"Different writers may cope with writer's block differently, depending on their personal preferences, goals, and challenges.",0,claimify
Some successful authors who have shared their tips on overcoming writer's block are:,0,claimify
"- Stephen King: \""The scariest moment is always just before you start.",1,claimify
"After that, things can only get better.\""",1,claimify
"- Neil Gaiman: \""Put it aside for a few days, or longer, do other things, try not to think about it.",1,claimify
"Then sit down and read it (printouts are best I find, but that’s just me) as if you’ve never seen it before.",1,claimify
Start at the beginning.,1,claimify
Scribble on the manuscript as you go if you see anything you want to change.,1,claimify
"And often, when you get to the end, you’ll be both enthusiastic about it and know what the next few words are.\""",1,claimify
"- J.K. Rowling: \""Sometimes the ideas just come to me.",1,claimify
Other times I have to sweat and almost bleed to make ideas come.,1,claimify
"It’s a mysterious process, but I hope I never find out exactly how it works.\""",1,claimify
"Gene editing technologies have been revolutionizing plant biology and biotechnology by enabling precise, targeted genome modifications[^1^] [^2^].",1,claimify
Gene editing can provide new methods for genetic improvement of plant disease resistance and accelerate resistance breeding[^1^] [^4^].,1,claimify
Some of the potential impacts of gene editing on agriculture are:,0,claimify
- Creating novel resistance genes or alleles by introducing mutations or deletions in existing genes[^1^].,1,claimify
"- Enhancing the expression or function of resistance genes by modifying their promoters, introns, or untranslated regions[^1^].",1,claimify
- Removing susceptibility genes or alleles that facilitate pathogen infection or colonization[^1^].,1,claimify
- Introducing resistance genes from other species or genera by using homologous recombination or transgenesis[^1^] [^2^].,1,claimify
- Developing gene drives or gene silencing systems to spread resistance genes or suppress susceptibility genes in populations[^2^].,1,claimify
"- Improving crop yields and quality by editing genes related to plant growth, development, stress tolerance, nutrient use efficiency, or product traits[^2^].",1,claimify
"Gene editing technologies have been applied to various crops and pathogens, such as rice blast, wheat rust, potato late blight, citrus greening, banana wilt, and cassava mosaic virus[^1^] [^2^] [^5^].",1,claimify
"However, there are still some technical limitations and challenges for gene editing in agriculture, such as:",0,claimify
"- The efficiency and specificity of gene editing vary depending on the crop species, tissue type, target site, and editing tool[^2^].",1,claimify
- The delivery of gene editing reagents into plant cells or tissues is still difficult and costly for some crops[^2^].,1,claimify
- The regulatory and social acceptance of gene-edited crops is uncertain and varies across countries and regions[^2^].,1,claimify
"- The ethical and ecological implications of gene editing for biodiversity, biosafety, and food security need to be carefully evaluated and addressed[^2^].",0,claimify
Gene editing is a powerful and promising technology for improving plant disease resistance and adapting to climate change.,1,claimify
"However, it also requires careful consideration of its potential risks and benefits, as well as its integration with other breeding strategies and management practices[^1^] [^2^].",0,claimify
"Hello, this is Bing.",0,claimify
That's a very interesting question.,0,claimify
"The study of ancient DNA and genetics can help us to better understand the migration and evolution of human populations throughout history by revealing the genetic relationships, origins, movements, adaptations and interactions of different groups of people over time[^2^] [^3^] [^4^] [^5^].",0,claimify
Some of the most intriguing findings that have been discovered using these techniques so far include:,0,claimify
"- The discovery of a new ancient human group called the Denisovans, who interbred with both Neanderthals and modern humans in Asia[^5^].",1,claimify
"- The evidence of multiple waves of migration into the Americas by different populations, such as the Paleo-Eskimos, the Na-Dene speakers and the Thule people[^2^] [^3^].",1,claimify
- The identification of favorable genetic variants that emerged and spread rapidly among human populations in response to environmental and cultural changes[^4^].,1,claimify
"- The detection of ancient DNA from sediments in caves where no human fossils were found, which can reveal the presence and diversity of archaic humans in regions where their remains are scarce or absent[^1^].",1,claimify
These are just some examples of how ancient DNA and genetics can shed light on our past and inform our present.,0,claimify
I hope you find this answer helpful.😊,0,claimify
That's a great question.,0,claimify
"Designing a spacecraft that can successfully land on a planet with vastly different atmospheric and surface conditions than Earth is a very challenging task that requires careful planning, testing and innovation.",0,claimify
Some of the factors that engineers and scientists have to consider are:,0,claimify
"- The distance and duration of the mission, which affect the communication, power and reliability of the spacecraft.",1,claimify
"- The gravity and terrain of the planet, which affect the landing speed, accuracy and stability of the spacecraft.",1,claimify
"- The atmosphere and weather of the planet, which affect the aerodynamics, heating and parachuting of the spacecraft.",1,claimify
"- The scientific objectives and instruments of the mission, which affect the size, weight and complexity of the spacecraft.",1,claimify
"To overcome these challenges, engineers and scientists have approached this problem in various ways, such as:",0,claimify
"- Using advanced propulsion systems, such as ion engines or nuclear thermal rockets, to reduce the travel time and fuel consumption of the spacecraft.",1,claimify
"- Using adaptive guidance and control systems, such as thrusters or retro-rockets, to adjust the trajectory and attitude of the spacecraft during descent and landing.",1,claimify
"- Using innovative landing systems, such as airbags, skycranes or inflatable heat shields, to protect the spacecraft from impact and deliver it safely to the surface.",1,claimify
"- Using robotic lander prototypes, such as NASA's Mighty Eagle or Morpheus[^3^], to test and demonstrate new technologies and capabilities for landing on other planets.",1,claimify
"As you can see, landing on other planets is not an easy feat, but it is possible with human ingenuity and perseverance.🚀",0,claimify
That's a great question.,0,claimify
"Workplace stress can have negative effects on both employees and employers, so finding effective ways to reduce it is important.",0,claimify
"According to the web sources I found, some of the most effective methods for reducing workplace stress are:",0,claimify
- Providing feedback and setting realistic expectations for employees[^1^] [^3^].,1,claimify
This can help reduce anxiety and uncertainty among employees and make them feel valued and recognized for their work.,0,claimify
- Allowing flexible time working or work from home options[^1^] [^4^].,1,claimify
"This can help employees balance their work and personal lives better and avoid some of the stressors associated with commuting, office politics, or rigid schedules.",0,claimify
- Creating a positive and supportive work environment[^1^] [^2^].,1,claimify
"This can involve fostering a sense of community and collaboration among coworkers, providing adequate resources and training, promoting fairness and respect, and aligning the workplace values with the personal values of the employees.",1,claimify
- Providing employees with strong benefits[^4^].,1,claimify
"This can include offering health insurance, wellness programs, paid leave, retirement plans, and other perks that can enhance the physical and mental well-being of the employees.",1,claimify
"These methods can help improve employee productivity and well-being by increasing their motivation, engagement, satisfaction, loyalty, creativity, and performance.",0,claimify
"They can also help reduce absenteeism, turnover, conflict, burnout, and health problems among employees.",0,claimify
I hope this answer was helpful.,0,claimify
"If you want to learn more about any of these methods or how businesses have implemented them, please let me know.😊",0,claimify
Origami is the art of folding paper to create various shapes and forms.,1,claimify
The word origami comes from Japanese oru (“to fold”) and kami (“paper”)[^1^].,1,claimify
Origami has a long and rich history that spans across different cultures and regions.,0,claimify
"Origami is believed to have originated in China, where paper was invented around the first or second century[^2^] [^3^].",1,claimify
Paper folding was then introduced to Japan by Buddhist monks in the sixth century[^2^] [^4^].,1,claimify
"In Japan, origami became a popular form of artistic expression and cultural tradition.",1,claimify
Some of the earliest examples of origami in Japan include folded paper butterflies used in Shinto weddings and linked cranes used as a symbol of peace[^2^].,1,claimify
"Origami also developed independently in other parts of the world, such as Europe, where paper folding was used for napkin folding, cloth pleating, and religious ceremonies[^2^].",1,claimify
"In the 19th century, origami was influenced by German educators such as Friedrich Froebel and Rudolf Steiner, who advocated paper folding as a way of teaching geometry, creativity, and hand-eye coordination to children[^2^].",1,claimify
"In the 20th century, origami became more widely known and practiced around the world, thanks to the efforts of various artists, mathematicians, and enthusiasts.",1,claimify
"Some of the notable figures in modern origami include Akira Yoshizawa, who created a system of notation and symbols for origami diagrams; Robert J. Lang, who applied mathematical principles and computer algorithms to design complex origami models; and Eric Joisel, who pioneered the wet-folding technique that allows for more sculptural and expressive origami forms[^1^].",1,claimify
"Today, origami is a diverse and vibrant art form that continues to evolve and inspire people of all ages and backgrounds.",0,claimify
"Origami can be used for decoration, entertainment, education, science, engineering, and even therapy.",1,claimify
"Origami can also reflect the personality and style of the folder, whether it is realistic, abstract, simple, or intricate[^1^].",0,claimify
That's a very interesting and broad question.,0,claimify
"There are many methods for teaching creativity and innovation, and different fields may have different approaches and goals.",0,claimify
"However, some common themes that emerge from the search results are:",0,claimify
"- The importance of **empathy**, **collaboration**, and **diversity** in generating and evaluating ideas that address real human needs[^2^] [^3^] [^4^].",0,claimify
"- The use of **hands-on learning**, **interactive lessons**, **virtual reality**, **3D printing**, and other **technology tools** to engage students and stimulate their imagination[^1^] [^2^] [^5^].",0,claimify
"- The application of **design thinking methods** such as the Disney model, Lego Serious Play, De Bono Six Thinking Hats, and others to guide students through a structured process of problem-solving and prototyping[^3^] [^4^].",1,claimify
"- The encouragement of **freedom of choice**, **personalization**, **peer feedback**, and **project-based learning** to foster student autonomy, motivation, and ownership of their learning[^1^] [^2^] [^6^].",0,claimify
"These methods have been applied in various fields such as education, business, and the arts to promote creativity and innovation among students, employees, customers, and audiences.",0,claimify
Some examples are:,0,claimify
"- In education, teachers use innovative teaching methods to help students develop critical thinking, collaboration, communication, and creativity skills that are essential for the 21st century[^1^] [^2^] [^5^] [^6^].",1,claimify
"- In business, companies use design thinking methods to create products and services that meet customer needs, solve problems, and generate value[^3^] [^4^].",1,claimify
"- In the arts, artists use technology tools to create new forms of expression, communication, and interaction that challenge conventional boundaries and inspire new possibilities[^2^].",1,claimify
I hope this answer gives you some insight into the topic of teaching creativity and innovation.,0,claimify
"If you want to learn more details about any of the methods or examples mentioned above, you can refer to the search results by their numerical references.",0,claimify
That's a very interesting question.,0,claimify
"There are many animals with truly weird courtship rituals, but one of the most bizarre ones that I have come across is the **water strider**[^2^].",0,claimify
"Water striders are best known for their ability to walk on water, but their sex lives might be what truly sets them apart.",1,claimify
Male water striders go directly for mating rather than attempting to court a female partner.,1,claimify
"The female does have some say in the matter, as she has a genital shield that she can use to prevent penetration.",1,claimify
"To coerce the female, male water striders tap their legs against the water's surface in a pattern that lures predatory fish.",1,claimify
"Scientists speculate the risky behavior encourages the female to mate quickly, as she knows that she'll be the first to get eaten if a fish appears.",0,claimify
This is why the females try to stay as far away from the males as they can[^2^].,1,claimify
"The scientific explanation for this behavior is that it is a form of **sexual conflict**, which occurs when the evolutionary interests of males and females diverge.",1,claimify
"Males benefit from mating with as many females as possible, while females benefit from being selective and avoiding costs of mating such as predation risk, injury, or energy loss.",1,claimify
"Sexual conflict can lead to various adaptations and counter-adaptations in both sexes, such as genital shields, mating plugs, sperm competition, or mate guarding[^2^].",1,claimify
Synesthesia is a **neurological condition** in which stimulation of one sense causes the automatic experience of another sense[^1^] [^2^].,1,claimify
"For example, some people with synesthesia may see colors when they hear sounds, or taste shapes when they eat foods.",1,claimify
Synesthesia is a **genetically linked trait** that affects about **2 to 4 percent** of the population[^1^] [^3^].,1,claimify
People who have synesthesia are called **synesthetes**[^2^].,1,claimify
"Synesthesia can impact the daily life and perception of the world around them in different ways, depending on the type and intensity of their synesthetic experiences.",0,claimify
"Some synesthetes may find their condition helpful for memory, creativity, or artistic expression.",1,claimify
"Others may find it distracting, confusing, or overwhelming.",1,claimify
"Some synesthetes may enjoy their unique sensory experiences, while others may wish to get rid of them.",1,claimify
"Synesthesia can also affect how synesthetes relate to other people, as they may have different associations or preferences for words, colors, sounds, etc.",1,claimify
that are not shared by others[^1^] [^2^].,1,claimify
"Hello, this is Bing.",0,claimify
I'm happy to help you with your query.,0,claimify
😊,0,claimify
"According to Britannica[^1^], Leonardo da Vinci painted the Mona Lisa between 1503 and 1519, when he was living in Florence.",1,claimify
"The painting is a portrait of Lisa del Giocondo, the wife of a wealthy Florentine merchant, Francesco del Giocondo.",1,claimify
"The alternative title of the painting, La Gioconda, means ""the joyful one"" in Italian.",1,claimify
"The inspiration behind Leonardo's masterpiece is not fully known, but some scholars have suggested that he was influenced by the Northern Renaissance painters who painted portraits in a similar manner to that of the Mona Lisa[^3^].",1,claimify
"Others have speculated that he was fascinated by the sitter's personality, beauty, or mysterious smile.",0,claimify
"The technique that Leonardo used to achieve the unique facial expression of the Mona Lisa is called sfumato, which means ""smoky"" in Italian.",1,claimify
It is a painting technique that softens the transition between colors and creates a hazy effect.,1,claimify
"Leonardo applied very thin layers of oil paint to create a realistic and complex rendering of the skin, lips, eyes, and hair of the sitter.",1,claimify
He also used subtle shading and perspective to create a sense of depth and harmony between the sitter and the landscape behind her[^5^].,1,claimify
The Mona Lisa is widely regarded as the pinnacle of portraiture and one of the greatest works of art in history.,0,claimify
It has inspired many artists to reinterpret it in different styles and media[^4^].,1,claimify
"It is currently displayed in the Louvre Museum in Paris, where it attracts millions of visitors every year.",1,claimify
"Sure, I can explain the science behind color-changing chameleons.",0,claimify
Chameleons are a type of lizard that have the ability to change their skin color by changing the arrangement of special cells in their skin that contain pigments or nanocrystals that reflect light[^1^] [^2^] [^3^].,1,claimify
"They change color for different reasons, such as to adjust their body temperature[^1^] [^3^], to express their mood[^1^] , or to respond to light, fear, and other environmental changes[^1^] .",1,claimify
Their color does not always match their surroundings[^1^] .,1,claimify
"Some species of chameleons can change their color more drastically and display a wide variety of vibrant colors, such as the Ambilobe Panther Chameleon, the Carpet Chameleon, and the Labord's Chameleon[^3^].",1,claimify
"They can show patterns of green, white, yellow, orange, red, blue, purple, and even lavender on their skin[^3^].",1,claimify
These chameleons are native to Madagascar and South Africa[^3^].,1,claimify
That's a very important question.,0,claimify
Antibiotic resistance is a serious global health threat that occurs when bacteria develop the ability to survive antibiotic treatment.,1,claimify
This can make infections harder to treat and increase the risk of complications and death.,1,claimify
"According to the World Health Organization (WHO), antibiotic resistance is driven by several factors, such as misuse and overuse of antibiotics, lack of access to clean water and sanitation, poor infection prevention and control, and lack of awareness and knowledge[^4^].",1,claimify
Some possible solutions to address antibiotic resistance include:,0,claimify
- Using antibiotics only when prescribed by a doctor and following the instructions carefully.,0,claimify
- Not sharing or using leftover antibiotics.,0,claimify
"- Practicing good hygiene, such as washing hands frequently, covering coughs and sneezes, and avoiding contact with sick people.",0,claimify
- Getting vaccinated against preventable diseases.,0,claimify
- Supporting policies and programs that promote rational use of antibiotics and infection prevention and control.,0,claimify
- Raising awareness and educating others about the dangers of antibiotic resistance.,0,claimify
"If antibiotic resistance is not addressed, it could have devastating consequences for human health and society.",0,claimify
Some of these consequences include:,0,claimify
"- More infections that are difficult or impossible to treat, such as tuberculosis, pneumonia, gonorrhea, and sepsis.",1,claimify
- Increased risk of complications and death from common infections and minor injuries.,1,claimify
- Longer hospital stays and higher healthcare costs.,1,claimify
"- Reduced effectiveness of other medical treatments that rely on antibiotics, such as surgery, chemotherapy, organ transplants, and dialysis.",1,claimify
- Increased burden on the economy and development due to lost productivity and increased poverty.,1,claimify
"Therefore, it is crucial that everyone takes action to prevent and combat antibiotic resistance.",0,claimify
"Together, we can preserve the power of antibiotics for future generations.👏",0,claimify
Brain-to-brain communication is the direct conveyance of information from one brain to another without using the common sensory channels of communication[^1^].,1,claimify
It is possible to achieve this by using technology that combines neuroimaging and neurostimulation methods to extract and deliver information between brains[^2^] [^7^].,1,claimify
Some of the possible applications of brain-to-brain communication are:,0,claimify
- Patients with disorders of consciousness: Brain-to-brain communication could help assess the level of awareness and preferences of patients who cannot communicate verbally or nonverbally[^6^].,0,claimify
- Motor imagery BCIs for neurorehabilitation: Brain-to-brain communication could facilitate the recovery of motor functions in patients with stroke or spinal cord injury by allowing them to learn from the brain activity of healthy subjects[^6^].,0,claimify
- Functional brain mapping: Brain-to-brain communication could enable a more accurate and efficient mapping of brain regions involved in different cognitive functions by stimulating and recording brain activity simultaneously[^6^].,0,claimify
- Neurogaming: Brain-to-brain communication could create a new form of entertainment and social interaction by allowing people to play games or collaborate on tasks using their minds[^6^] [^7^].,0,claimify
- BCIs for armed forces: Brain-to-brain communication could enhance the performance and coordination of soldiers in the battlefield by allowing them to send commands and warnings to each other[^8^].,0,claimify
"- BrainNet, a proof-of-principle network: Brain-to-brain communication could enable a new way of cooperative problem solving by humans using a “social network” of connected brains[^7^].",1,claimify
"These are some examples of how brain-to-brain communication could be applied to enhance human connection and collaboration in various industries such as healthcare, education, and entertainment.",0,claimify
"However, there are also many ethical, social, and technical challenges that need to be addressed before such technology can be widely used.",0,claimify
Epigenetics is the study of how your behaviors and environment can cause changes that affect the way your genes work.,1,claimify
"Unlike genetic changes, epigenetic changes are reversible and do not change your DNA sequence, but they can change how your body reads a DNA sequence[^1^] [^2^].",1,claimify
"Epigenetic changes can affect gene expression, which refers to how often or when proteins are created from the instructions within your genes[^1^].",1,claimify
"Epigenetic changes can occur as part of normal development and aging, or in response to external factors such as diet, stress, toxins, or infections[^1^] [^2^].",1,claimify
Epigenetic changes can impact the expression of genes and the development of certain traits and diseases in individuals and across generations by turning genes “on” or “off”[^1^] [^2^].,1,claimify
"For example, epigenetics can determine which function a cell will have, such as a heart cell, nerve cell, or skin cell[^1^].",1,claimify
"Epigenetics can also influence the risk of developing diseases such as cancer, diabetes, obesity, or mental disorders by altering the activity of genes involved in these processes[^2^] [^3^].",1,claimify
"Epigenetic changes can be inherited from parents to offspring through the sperm or egg cells, or they can be acquired during one's lifetime[^2^] [^3^].",1,claimify
"Some epigenetic changes may be beneficial, while others may be harmful depending on the context and environment[^2^] [^3^].",0,claimify
I hope this helps you understand the concept of epigenetics better.,0,claimify
😊,0,claimify
That's a very broad and interesting question.,0,claimify
Video game technology has a long and rich history that spans from the 1950s to the present day.,1,claimify
Here are some of the main points and milestones in the evolution of video games:,0,claimify
- The first video games were created by computer scientists as experiments or demonstrations on minicomputers and mainframes in the 1950s and 1960s[^3^].,1,claimify
"Some of the earliest examples are OXO (1952), Tennis for Two (1958) and Spacewar!",1,claimify
(1962).,1,claimify
"- The first home console was the Magnavox Odyssey, invented by Ralph Baer and released in 1972.",1,claimify
It used cartridges that could play different games on a television screen[^1^] [^2^].,1,claimify
"- The golden age of arcade games began in the late 1970s and early 1980s, with games like Space Invaders (1978), Pac-Man (1980) and Donkey Kong (1981) becoming hugely popular and influential[^1^] [^2^] [^5^].",1,claimify
"- The second generation of home consoles was dominated by Atari 2600, which introduced joysticks and color graphics.",1,claimify
"It also faced competition from other systems like Intellivision, ColecoVision and Vectrex[^1^].",1,claimify
"- The video game crash of 1983 was caused by a saturation of low-quality games, especially for the Atari 2600, and a rise of personal computers as gaming platforms.",1,claimify
Many companies went bankrupt or left the industry[^1^] [^2^].,1,claimify
"- The third generation of home consoles was led by Nintendo, which released the Nintendo Entertainment System (NES) in 1985.",1,claimify
"It revived the industry with its high-quality games, such as Super Mario Bros., The Legend of Zelda and Metroid.",1,claimify
Sega also entered the market with its Master System[^1^] [^2^].,1,claimify
"- The fourth generation of home consoles saw the introduction of 16-bit graphics and sound, as well as handheld devices like the Game Boy.",1,claimify
"Sega challenged Nintendo's dominance with its Mega Drive (Genesis), which had faster processing and more mature games.",1,claimify
"Other systems included TurboGrafx-16, Neo Geo and Super Nintendo Entertainment System (SNES)[^1^] [^2^].",1,claimify
"- The fifth generation of home consoles marked the transition to 3D graphics and CD-ROMs, as well as online gaming.",1,claimify
"Sony's PlayStation became the best-selling console of this era, with games like Final Fantasy VII, Metal Gear Solid and Gran Turismo.",1,claimify
"Other systems included Sega Saturn, Nintendo 64 and Atari Jaguar[^1^] [^2^].",1,claimify
"- The sixth generation of home consoles featured more powerful hardware and more diverse genres, such as open-world, stealth and rhythm games.",1,claimify
"Sony's PlayStation 2 was the most successful console of all time, with over 150 million units sold.",1,claimify
"Other systems included Sega Dreamcast, Nintendo GameCube, Microsoft Xbox and Nokia N-Gage[^1^] [^2^].",1,claimify
"- The seventh generation of home consoles introduced motion controls, high-definition graphics and online services.",1,claimify
"Nintendo's Wii was the best-selling console of this era, with its innovative Wii Remote and games like Wii Sports, Wii Fit and Mario Kart Wii.",1,claimify
"Other systems included Sony's PlayStation 3, Microsoft's Xbox 360 and Nintendo's DS[^1^] [^2^].",1,claimify
"- The eighth generation of home consoles focused on social media integration, cloud gaming and virtual reality.",1,claimify
"Sony's PlayStation 4 was the leader of this era, with games like Uncharted 4, God of War and Horizon Zero Dawn.",1,claimify
"Other systems included Microsoft's Xbox One, Nintendo's Wii U and Switch, and Sony's PlayStation Vita[^1^] [^2^].",1,claimify
"- The ninth generation of home consoles is the current era, which began in 2020 with the release of Sony's PlayStation 5 and Microsoft's Xbox Series X/S.",1,claimify
"These systems feature ray tracing, faster loading times and backward compatibility.",1,claimify
"Nintendo's Switch continues to be popular with its hybrid design and games like Animal Crossing: New Horizons, The Legend of Zelda: Breath of the Wild 2 and Metroid Dread[^1^] [^2^].",1,claimify
The advancements in graphics and gameplay have impacted the industry and its audience in many ways.,0,claimify
Some of these impacts are:,0,claimify
"- Video games have become more immersive, realistic and expressive, allowing players to explore different worlds, stories and characters.",1,claimify
"- Video games have become more accessible, diverse and inclusive, catering to different tastes, preferences and needs of players.",0,claimify
"- Video games have become more social, interactive",1,claimify
That's a great question.,0,claimify
"There are different methods of converting waste into energy, such as combustion, gasification, pyrolysis, anaerobic digestion, and fermentation[^1^].",1,claimify
"Each method has its own advantages and disadvantages in terms of efficiency, environmental impact, and cost.",0,claimify
"According to the U.S. Energy Information Administration (EIA), waste-to-energy plants in the United States generated about 13.6 billion kilowatthours of electricity from burning about 28 million tons of combustible municipal solid waste (MSW) in 2021[^2^].",1,claimify
Waste-to-energy plants reduce the volume of waste by about 87% and the weight by about 75%[^2^] [^7^].,1,claimify
"However, they also produce carbon dioxide and other emissions that contribute to climate change and air pollution.",1,claimify
"The efficiency of waste-to-energy plants depends on several factors, such as the type and composition of waste, the technology used, and the energy output.",1,claimify
"The EIA estimates that the average net electric efficiency of waste-to-energy plants in the United States is about 17%, which means that for every 100 units of energy in the waste, only 17 units are converted into electricity[^7^].",1,claimify
"This is lower than the efficiency of conventional fossil fuel power plants, which can range from 33% to 60%[^7^].",1,claimify
"However, some waste-to-energy technologies can achieve higher efficiencies by producing both heat and electricity, or by using syngas or biogas as fuel.",1,claimify
"For example, gasification converts waste into a synthetic gas that can be burned in a turbine or engine to generate electricity or used as a feedstock for chemicals or fuels.",1,claimify
Pyrolysis converts waste into a liquid oil that can be refined into fuels or chemicals.,1,claimify
Anaerobic digestion converts organic waste into biogas that can be used for heating or power generation.,1,claimify
Fermentation converts organic waste into ethanol that can be used as a biofuel.,1,claimify
"The development of waste-to-energy technologies has been influenced by various factors, such as environmental regulations, energy prices, waste management policies, and public acceptance.",1,claimify
"In some countries, such as Japan and some European countries, waste-to-energy is more widely used than in the United States, partly because of limited landfill space and higher energy costs[^2^].",1,claimify
"In other countries, such as China and India, waste-to-energy is seen as a way to address the growing problem of waste disposal and energy demand.",1,claimify
Waste-to-energy is one of the options for managing waste and producing renewable energy from biomass.,1,claimify
"However, it is not a perfect solution and it has some trade-offs and challenges.",0,claimify
"It is important to consider the whole life cycle of waste and energy systems, from source reduction and recycling to disposal and recovery.",0,claimify
"Waste-to-energy can be a viable alternative to traditional forms of energy production if it is done in an efficient, sustainable, and socially acceptable way.",0,claimify
That's a very interesting and complex question.,0,claimify
Natural language understanding (NLU) is a subtopic of natural language processing (NLP) in artificial intelligence that deals with machine reading comprehension[^2^].,1,claimify
"NLU is considered an AI-hard problem because it requires not only understanding the syntax and semantics of human language, but also the context, pragmatics, and common sense knowledge[^2^].",1,claimify
"There is no definitive answer to what is the most effective way to train an AI system to understand natural language, as different methods may have different advantages and limitations depending on the task, domain, and data.",0,claimify
"However, some of the common approaches include:",0,claimify
- **Distributed word representations**: This involves creating vector representations of words that capture their meaning and usage in a high-dimensional space.,1,claimify
"These vectors can then be used as input features for various NLU tasks, such as sentiment analysis, relation extraction, or natural language inference[^3^].",1,claimify
"- **Contextual word representations**: This involves creating vector representations of words that take into account their surrounding context, such as the sentence or paragraph they appear in.",1,claimify
"These vectors can capture more fine-grained and dynamic aspects of word meaning and usage, such as polysemy, co-reference, or negation.",1,claimify
"Examples of models that produce contextual word representations are transformers, BERT, and ELECTRA[^3^].",1,claimify
"- **Semantic parsing**: This involves mapping natural language sentences to logical forms that represent their meaning in a formal language, such as first-order logic or lambda calculus.",1,claimify
"These logical forms can then be used for reasoning, question answering, or dialogue systems[^4^].",1,claimify
"- **Grounded language understanding**: This involves connecting natural language to perceptual or physical modalities, such as images, videos, sounds, or actions.",1,claimify
"This can enable AI systems to perform tasks that require multimodal understanding and interaction, such as image captioning, visual question answering, or embodied navigation[^3^].",1,claimify
The development of virtual assistants and chatbots can benefit from advances in NLU in various ways.,0,claimify
For example:,0,claimify
"- Virtual assistants can use NLU to understand user queries and requests more accurately and efficiently, and provide more relevant and personalized responses.",1,claimify
"- Chatbots can use NLU to engage in more natural and coherent conversations with users, and handle complex topics and scenarios.",1,claimify
"- Virtual assistants and chatbots can use NLU to leverage multiple sources of information and knowledge, such as web pages, databases, or images, to enhance their functionality and performance.",1,claimify
I hope this answer gives you some insight into the field of NLU and its applications.,0,claimify
"If you want to learn more about NLU, you can check out some online courses[^3^] [^1^] or books on the topic.",0,claimify
Blues music is a secular folk music genre that originated in the southern United States by African Americans in the early 20th century[^1^].,1,claimify
"It was influenced by work songs, field hollers, spirituals, minstrel shows, ragtime, and some folk and popular music of whites[^3^].",1,claimify
"Blues music expresses feelings of sadness, melancholy, love, oppression, and hard times through vocal techniques, guitar accompaniment, and a 12-bar song form[^1^].",1,claimify
"Blues music has been one of the most important influences on the development of popular music such as jazz, rhythm and blues, rock, country, and hip-hop[^1^] [^2^].",1,claimify
Some of the famous blues artists include W.C.,1,claimify
"Handy, Ma Rainey, Bessie Smith, B.B.",1,claimify
"King, Bo Diddley, Leadbelly, John Lee Hooker, and many more[^1^] [^2^].",1,claimify
Epigenetics is the study of how the environment and other factors can change the way that genes are expressed.,1,claimify
"[^1^] [^2^] [^3^] While epigenetic changes do not alter the sequence of a person's genetic code, they can play an important role in development.",1,claimify
[^2^] [^3^] Scientists who work in epigenetics explore the mechanisms that affect the activity of genes.,1,claimify
[^3^],0,claimify
"Some of the mechanisms that produce epigenetic changes are DNA methylation, histone modification, and non-coding RNA.",1,claimify
"[^2^] These mechanisms can turn genes ""on"" or ""off"" by adding or removing chemical groups to DNA or histones, or by interfering with the coding RNA that makes proteins.",1,claimify
[^2^],0,claimify
"The role of epigenetics in determining an individual's traits and health is still being investigated, but some evidence suggests that epigenetic changes can influence development, aging, behavior, and diseases such as cancer.",1,claimify
"[^2^] [^4^] Epigenetic changes can also be inherited across generations, although they are reversible and do not change the DNA sequence.",1,claimify
[^2^],0,claimify
That's a very interesting and important question.,0,claimify
"There is no definitive answer, but I can share some information from the web that might help you.",0,claimify
"One possible method for measuring the impact of social media on mental health is to conduct systematic reviews of existing studies that use various measures of social media use and mental health outcomes, such as depression, anxiety, and psychological distress.",0,claimify
"For example, a systematic review by Keles et al.",1,claimify
"(2020) synthesized evidence from 13 studies and found that different domains of social media use, such as time spent, activity, investment, and addiction, all correlated with depression, anxiety, and psychological distress in adolescents[^1^].",1,claimify
"However, they also noted that there are considerable limitations in the current research, such as cross-sectional design, sampling bias, and lack of standardized measures[^1^].",1,claimify
"Another possible method is to use data science and machine learning techniques to leverage the large amount of data generated by social media platforms, such as text, images, videos, and behavioral patterns.",0,claimify
"For example, Naslund et al.",1,claimify
"(2020) suggested that social media data can be used for detecting mental disorders, developing predictive models of mental health trajectories, and understanding the mechanisms of how social media influences mental health[^2^].",1,claimify
"However, they also cautioned that there are ethical and practical challenges in using social media data for mental health research and practice, such as privacy, consent, validity, and reliability[^2^].",1,claimify
One possible way to use the information from these methods to mitigate the negative effects and promote the positive aspects of social media use is to design and implement more empathic and compassionate user experiences that take into account the psychological needs and vulnerabilities of users.,0,claimify
"For example, some social media platforms have introduced features such as limiting likes or comments, providing warnings or resources for sensitive content, or encouraging positive interactions among users[^3^] [^4^].",1,claimify
"However, more research is needed to evaluate the effectiveness and impact of these features on users' mental health and wellbeing[^3^] [^4^].",0,claimify
I hope this information was helpful.,0,claimify
"If you want to learn more about this topic, you can check out the references below or ask me more questions.",0,claimify
That's a very broad and interesting question.,0,claimify
"There have been many scientific discoveries throughout history that have challenged our understanding of the world and the universe, and each of them faced different obstacles and difficulties.",0,claimify
Some examples of such discoveries are:,0,claimify
"- The theory of evolution by natural selection, proposed by Charles Darwin and Alfred Russel Wallace in the 19th century, which explained how life on Earth diversified and adapted over time.",1,claimify
This discovery faced opposition from religious authorities and some scientists who believed in creationism or other alternative explanations for the origin of species[^5^].,1,claimify
"- The discovery of penicillin, the first antibiotic, by Alexander Fleming in 1928, which revolutionized medicine and saved millions of lives from bacterial infections.",1,claimify
"This discovery faced challenges in developing a method to mass-produce and purify the drug, as well as overcoming resistance from some doctors who doubted its efficacy or safety[^4^].",1,claimify
"- The discovery of gravitational waves, ripples in space-time caused by massive events like black hole collisions, by the LIGO and Virgo collaborations in 2015, which confirmed a prediction of Albert Einstein's general theory of relativity and opened a new window to observe the universe.",1,claimify
"This discovery faced challenges in building and operating extremely sensitive detectors that could measure tiny distortions in space-time, as well as analyzing huge amounts of data to identify the signals from noise[^3^].",1,claimify
These are just a few examples of scientific discoveries that have had a major impact on our knowledge and society.,0,claimify
"Each of them required creativity, curiosity, perseverance, collaboration, and rigorous testing to overcome the obstacles they faced.",0,claimify
That's a very interesting question.,0,claimify
"Convergent evolution is the process by which different species evolve similar traits or adaptations in response to similar environmental pressures, even though they are not closely related.",1,claimify
"There are many fascinating examples of convergent evolution in nature, such as:",0,claimify
"- The wings and powered flight of birds, bats and pterosaurs[^3^].",1,claimify
"These animals belong to different classes of vertebrates and have very distant common ancestors, but they all evolved the ability to fly by developing wings with different structures and origins.",1,claimify
"- The camera eye of cephalopods (such as octopus), vertebrates (such as mammals) and cnidaria (such as box jellies)[^4^].",1,claimify
"These animals have very different evolutionary histories and nervous systems, but they all evolved a complex eye with a lens, iris, pupil and retina that can form sharp images.",1,claimify
- The saber-toothed anatomy and hunting style of Smilodon (also known as the saber-toothed tiger) and Thylacosmilus[^1^].,1,claimify
"These mammals lived in different continents and belonged to different groups (placental and marsupial), but they both evolved giant, downward-curving canines that they used to inflict fatal wounds on their prey.",1,claimify
"- The prickly protrusions of the skin of echidnas, hedgehogs, some tenrecs, Old World porcupines and New World porcupines[^2^].",1,claimify
"These mammals are not closely related, but they all evolved spines or quills as a defense mechanism against predators.",1,claimify
These are just some of the amazing examples of convergent evolution that show how nature can produce similar solutions to similar problems in different ways.,0,claimify
"The first electric guitar was invented in the early 1930s by **George Beauchamp**, with the help of **Adolph Rickenbacker**, for the **Electro String Instrument Corporation**[^2^].",1,claimify
"It was adopted by jazz guitar players, who wanted to play single-note guitar solos in large big band ensembles.",1,claimify
"Early proponents of the electric guitar on record include **Les Paul**, **Eddie Durham**, **George Barnes**, **Lonnie Johnson**, **Sister Rosetta Tharpe**, **T-Bone Walker**, and **Charlie Christian**[^1^].",1,claimify
"The electric guitar revolutionized the music industry by allowing guitarists to produce louder and more distorted sounds, as well as to experiment with new playing techniques and effects.",1,claimify
"The electric guitar became the most important instrument in popular music during the 1950s and 1960s, and influenced genres such as rock and roll, blues, rock, heavy metal, and many others[^1^].",1,claimify
That's a great question.,0,claimify
Climate change is a complex and urgent problem that requires global action and cooperation.,0,claimify
"There is no single or simple solution, but rather a combination of different strategies that can help reduce greenhouse gas emissions and enhance the resilience of natural and human systems to the impacts of climate change.",0,claimify
Some of the most effective strategies for addressing climate change at a global level are[^5^]:,0,claimify
"- **Mitigation**: reducing and stabilizing the levels of heat-trapping greenhouse gases in the atmosphere by shifting to cleaner and renewable sources of energy, improving energy efficiency, enhancing carbon sinks, and implementing market-based mechanisms such as carbon pricing or cap-and-trade systems[^4^] [^5^].",1,claimify
"- **Adaptation**: adapting to the climate change already in the pipeline by increasing the capacity of natural and human systems to cope with the risks and opportunities posed by changing climatic conditions, such as sea level rise, droughts, floods, heat waves, storms, and diseases[^5^].",1,claimify
"- **Nature-based solutions**: using what is on our doorstep - nature - to help fight climate change by reducing emissions from deforestation and agricultural practices and enhancing the ability of natural ecosystems to remove carbon dioxide from the atmosphere and provide other benefits such as biodiversity conservation, water regulation, soil fertility, and livelihoods support[^3^].",1,claimify
"As individuals, we can also contribute to this effort in our daily lives by making informed choices and taking action.",0,claimify
Some of the ways we can help fight climate change are[^1^] [^2^]:,0,claimify
"- **Speak up**: voice our concerns and demand action from our friends, family, co-workers, employers, politicians, and businesses.",0,claimify
Join a global movement like Count Us In or #ActNow Speak Up to show our support for climate action and challenge our leaders to act more boldly on climate[^1^] [^2^].,1,claimify
- **Power our home with renewable energy**: choose a utility company that generates at least half its power from wind or solar or support renewable energy projects through our bills.,0,claimify
"If possible, install solar panels or other renewable energy systems on our roofs or in our communities[^1^].",0,claimify
"- **Weatherize our home**: make our space more energy efficient by sealing drafts, ensuring adequate insulation, installing energy-saving appliances and lighting, and using smart thermostats.",1,claimify
This can help us save money and reduce our carbon footprint[^1^].,0,claimify
"- **Transform our transport**: reduce our reliance on fossil-fuel powered vehicles by walking, biking, taking public transit, carpooling, or using electric or hybrid cars whenever possible.",0,claimify
Avoid unnecessary air travel and offset our emissions when we do fly[^1^] [^2^].,0,claimify
"- **Eat wisely**: adopt a more plant-based diet that is low in meat, dairy, and processed foods and high in fruits, vegetables, grains, and legumes.",0,claimify
This can help us improve our health and reduce our environmental impact.,1,claimify
Buy organic and local food whenever possible and avoid food waste[^1^] [^2^].,0,claimify
"- **Green our consumption**: buy less stuff and choose products that are durable, reusable, recyclable, and made from renewable or recycled materials.",0,claimify
Avoid single-use plastics and disposable items.,0,claimify
"Repair, donate, or recycle what we don't need anymore[^1^] [^2^].",0,claimify
- **Invest responsibly**: divest from fossil fuel companies and invest in clean energy companies that are committed to reducing their emissions and supporting the transition to a low-carbon economy.,0,claimify
Use our money to support businesses that are socially and environmentally responsible[^2^].,0,claimify
- **Educate ourselves and others**: learn more about the causes and consequences of climate change and the solutions available.,0,claimify
Share our knowledge and skills with others and inspire them to take action.,0,claimify
Join or support organizations that are working on climate issues locally or globally[^2^].,0,claimify
These are just some examples of how we can make a difference.,0,claimify
Every action counts and adds up to a collective impact.,0,claimify
"Together, we can create a more sustainable future for ourselves and generations to come.",0,claimify
"Quantum entanglement is a phenomenon that occurs when two or more particles are generated, interact, or share spatial proximity in a way such that the quantum state of each particle cannot be described independently of the state of the others, even when they are separated by a large distance[^1^].",1,claimify
"This means that measuring one particle's properties, such as position, momentum, spin, or polarization, will affect the entangled system as a whole and reveal information about the other particles[^1^] [^2^].",1,claimify
"Quantum entanglement has numerous applications in quantum information science, such as quantum teleportation, superdense coding, quantum cryptography, and quantum computing[^5^] [^7^].",1,claimify
Quantum teleportation is a process of transferring quantum states from one location to another without physically sending the particles[^5^].,1,claimify
Superdense coding is a technique of encoding two classical bits of information into one qubit (quantum bit) by using entanglement[^5^].,1,claimify
Quantum cryptography is a method of secure communication that uses entanglement to detect eavesdropping and generate secret keys[^5^].,1,claimify
Quantum computing is a field of computing that uses qubits and entanglement to perform operations that are faster or more efficient than classical computers[^5^] [^7^].,1,claimify
"Quantum entanglement is one of the most mysterious and fascinating aspects of quantum physics, and it has the potential to revolutionize communication and computation technology in the future.",0,claimify
"However, it also poses many challenges and limitations, such as creating and maintaining entangled states, verifying and measuring entanglement, and overcoming noise and decoherence[^4^] [^7^].",1,claimify
"The Pulitzer Prize is an award for achievements in newspaper, magazine and online journalism, literature, and musical composition in the United States[^5^].",1,claimify
It was established in 1917 by provisions in the will of American (Hungarian-born) Joseph Pulitzer who had made his fortune as a newspaper publisher[^5^].,1,claimify
"To enter the Pulitzer Prize, one has to fill out an application, pay an entry fee of around $75 and send four copies of the book to the committee overseeing the awards[^4^].",1,claimify
"The author, the publisher or a fan can send it[^4^].",1,claimify
"Entries must fit in at least one of the specific prize categories, and cannot simply gain entrance for being literary or musical[^5^].",1,claimify
The Pulitzer Prize Board appoints juries to select the best works among the entries in each category.,1,claimify
The juries usually consist of three to five members who are experts in their fields[^3^].,1,claimify
The juries nominate three finalists in each category and send their recommendations to the Pulitzer Prize Board[^3^].,1,claimify
The Board then votes on the final winners with a majority vote deciding who the winner is[^1^].,1,claimify
The Pulitzer Prize has evolved over time since its inception in 1917.,1,claimify
Some of the changes include:,0,claimify
"- Adding new categories such as photography, criticism, editorial cartooning, feature writing, commentary, biography, history, poetry, music and drama[^5^].",1,claimify
"- Changing the names and definitions of some categories such as public service, investigative reporting, explanatory reporting, national reporting, international reporting and breaking news reporting[^5^].",1,claimify
- Allowing online-only publications to enter some categories since 2009[^2^].,1,claimify
- Allowing magazines and magazine websites to enter some categories since 2016[^2^].,1,claimify
- Allowing books that are self-published or published by non-traditional publishers to enter some categories since 2017[^2^].,1,claimify
I hope this answers your question.😊,0,claimify
"Hello, this is Bing.",0,claimify
I can try to explain the process and techniques used in forensics to determine the time of death for a deceased person.,0,claimify
"According to [^1^], the time of death is of crucial importance for forensic investigators, especially when they are gathering evidence that can support or deny the stated actions of suspects in a crime.",1,claimify
"The time elapsed from the moment of death until a corpse is discovered is also known as the postmortem interval, or PMI.",1,claimify
"There are several methods that can be used to estimate the PMI, such as:",0,claimify
- Algor mortis: This is the change in body temperature after death.,1,claimify
The body usually cools down at a predictable rate until it reaches the ambient temperature.,1,claimify
"However, this method can be affected by various factors, such as clothing, body fat, environmental conditions, etc.",1,claimify
A formula that can be used to calculate the time of death based on body temperature is:,1,claimify
Time since death = (98.6 - Body temperature) / T,1,claimify
Where:,0,claimify
Time since death is given in hours;,1,claimify
Body temperature is given in Fahrenheit (F); and,1,claimify
T is a factor that depends on the ambient temperature:,1,claimify
"When ambient temperature < 32°F (0°C), T = 1.5; and",1,claimify
"When ambient temperature ≥ 32°F (0°C), T = 0.75.",1,claimify
"- Rigor mortis: This is the stiffening of the muscles after death due to the depletion of ATP (adenosine triphosphate), which is needed for muscle contraction and relaxation.",1,claimify
"Rigor mortis usually begins 2 to 4 hours after death, reaches its maximum at 12 hours, and disappears after 36 hours.",1,claimify
"However, this method can also be influenced by various factors, such as physical activity, temperature, drugs, etc.",1,claimify
- Livor mortis: This is the pooling of blood in the dependent parts of the body due to gravity and lack of circulation.,1,claimify
Livor mortis usually begins 30 minutes to 4 hours after death and is most pronounced 12 hours after death.,1,claimify
The color and distribution of livor mortis can provide clues about the cause and position of death.,1,claimify
"There are also other methods that can be used to estimate the PMI, such as:",0,claimify
- Stomach contents: This can indicate when the last meal was consumed and how long it took to digest.,1,claimify
- Insect activity: This can indicate how long the body has been exposed to insects and what stage of decomposition it is in.,1,claimify
"- Chemical analysis: This can measure the levels of certain substances in the body fluids or tissues, such as potassium in the eye fluid or hypoxanthine in the muscle tissue.",1,claimify
- Molecular analysis: This can measure the changes in gene expression or DNA degradation that occur after death.,1,claimify
"Some of these methods are more accurate and reliable than others, depending on the circumstances and conditions of each case.",0,claimify
"There are also new technologies and advancements that have been made in recent years to improve the accuracy of these determinations, such as:",0,claimify
- Thermography: This is a technique that uses infrared cameras to measure the surface temperature of the body and create a thermal image that can reveal patterns of heat loss.,1,claimify
- Electrical impedance: This is a technique that measures the resistance of the body tissues to an electric current and calculates the changes in water content and ion concentration that occur after death.,1,claimify
"- Biosensors: These are devices that detect and measure specific biological molecules or reactions that are associated with postmortem changes, such as glucose, lactate, pH, etc.",1,claimify
"These technologies are still under development and research, but they have shown promising results in some studies and experiments.",0,claimify
I hope this explanation was helpful and informative.,0,claimify
😊,0,claimify
Ada Lovelace was a British mathematician who is widely regarded as the first computer programmer.,1,claimify
She was the daughter of the poet Lord Byron and had a keen interest in mathematics from a young age.,1,claimify
"She became friends with Charles Babbage, who designed a calculating machine called the Difference Engine and later proposed a more advanced machine called the Analytical Engine[^2^].",1,claimify
"Lovelace translated and annotated a paper by Luigi Menabrea about the Analytical Engine and added her own notes, which were longer than the original paper.",1,claimify
"In her notes, she described how the Analytical Engine could follow a sequence of instructions or a program to perform complex calculations, such as generating Bernoulli numbers[^1^].",1,claimify
"She also speculated that the machine could work with ""other things besides number"", such as musical notes or symbols[^2^].",1,claimify
"She showed a deep understanding of the potential and limitations of the machine, and demonstrated her creativity and vision.",0,claimify
"Lovelace's work was not widely known until the 1950s, when it was republished by B.V. Bowden in a book about digital computing machines[^4^].",1,claimify
"Since then, she has been recognized as a pioneer and an inspiration for women in STEM fields.",1,claimify
"She has been honored with various awards and tributes, such as the Ada programming language and the Ada Lovelace Day[^2^].",1,claimify
"The traditional Japanese tea ceremony is a cultural tradition that involves preparing and serving green tea in a very particular way, with an emphasis on aesthetics, hospitality, respect, and mindfulness.",1,claimify
It has a long history and a rich symbolism that reflects the principles of Zen Buddhism and the appreciation of the beauty in everyday life[^2^] [^5^].,0,claimify
The tea ceremony originated in China as a practice of Buddhist monks who drank tea to aid their meditation and ward off sleep.,1,claimify
It was introduced to Japan in the 9th century by monks who brought tea seeds and utensils from China.,1,claimify
"At first, tea was a rare and expensive commodity that was only enjoyed by the aristocracy and the clergy.",1,claimify
"Gradually, tea drinking became more popular and widespread among different classes of society, especially after the introduction of powdered green tea (matcha) in the 12th century[^2^] [^4^].",1,claimify
"The tea ceremony evolved into an elaborate ritual that involved specific places, procedures, and equipment for drinking tea.",1,claimify
"The ceremony took place in a tea house or a special room of the house, which was designed to create a sense of rustic simplicity and harmony with nature.",1,claimify
"The room had an alcove where a hanging scroll and a flower arrangement were displayed, and a fireplace or a brazier where the water was heated.",1,claimify
The guests entered through a small door that symbolized humility and left behind their worldly concerns[^2^] [^3^].,1,claimify
"The host prepared and served the tea with grace and precision, following a set of rules and etiquette that governed every aspect of the ceremony.",1,claimify
The host also offered the guests special sweets that complemented the taste of the tea.,1,claimify
"The guests observed and appreciated the utensils, the decorations, the garden, and the atmosphere of the tea room.",1,claimify
"They also engaged in polite conversation on topics such as art, poetry, philosophy, or history.",1,claimify
"The tea ceremony was meant to be a moment of calmness, harmony, and mutual respect between the host and the guests[^2^] [^3^].",1,claimify
The tea ceremony was influenced by various historical and cultural factors over time.,0,claimify
"One of the most influential figures was Sen Rikyu (1522-1591), a tea master who served under two powerful warlords: Oda Nobunaga (1534-1582) and Toyotomi Hideyoshi (1537-1598).",1,claimify
"Sen Rikyu refined the tea ceremony to its essence, emphasizing simplicity, naturalness, and sincerity.",1,claimify
"He also advocated for wabi-cha, a style of tea that favored plain utensils and rustic settings over lavish ones.",1,claimify
Sen Rikyu's teachings influenced many schools of tea that developed after his death[^2^] [^4^].,1,claimify
"Today, the tea ceremony is still practiced by many people in Japan and around the world as a way of preserving and celebrating a unique aspect of Japanese culture.",1,claimify
"It is also seen as a form of art, meditation, education, and social interaction that can enrich one's life and spirit[^1^] [^5^].",0,claimify
That's a very interesting question.,0,claimify
"There are many theories about the origin of the universe, but one of the most popular and well-supported ones is the Big Bang theory[^2^] [^3^].",1,claimify
"According to this theory, the universe began as a single point of extremely high density and temperature, and then expanded rapidly in a cosmic explosion.",1,claimify
Matter and energy flew throughout the blackness to create the universe[^3^].,1,claimify
"The Big Bang theory also explains how galaxies, stars, and planets formed over time.",0,claimify
"As the universe expanded and cooled down, tiny particles grouped together to form atoms.",1,claimify
Then those atoms grouped together to form stars and galaxies[^4^].,1,claimify
"The first stars created bigger atoms and groups of atoms, which led to more stars being born.",1,claimify
"At the same time, galaxies were crashing and grouping together.",1,claimify
"As new stars were being born and dying, then things like asteroids, comets, planets, and black holes formed[^4^] [^6^].",1,claimify
"Of course, this is a simplified version of a very complex process that took billions of years.",1,claimify
There are still many mysteries and questions about the origin and evolution of the universe that scientists are trying to answer with observations and experiments.,0,claimify
"Hello, this is Bing.",0,claimify
I'm glad you asked me about autoimmune diseases.,0,claimify
Autoimmune diseases are conditions where your immune system mistakenly attacks your own body's cells instead of protecting them from invaders like bacteria or viruses[^1^].,1,claimify
"There are over 100 known autoimmune diseases, such as rheumatoid arthritis, multiple sclerosis, lupus, Crohn's disease and type 1 diabetes[^1^].",1,claimify
"The most effective way to treat and manage autoimmune diseases depends on the type and severity of the condition, but generally involves reducing inflammation and other symptoms, and controlling the immune response in your body[^2^].",0,claimify
"There is no permanent cure for autoimmune diseases, but some common treatments include:",1,claimify
"- Over-the-counter (OTC) therapies: These are medications that do not require prescriptions and can help with mild symptoms like pain, fever or swelling.",1,claimify
"Examples are aspirin, ibuprofen or acetaminophen[^2^].",1,claimify
"- Prescription medications: These are medications that require prescriptions and can help with more severe symptoms like anxiety, depression, fatigue, sleep problems or skin problems.",1,claimify
"Examples are corticosteroids, methotrexate or cyclosporine[^2^].",1,claimify
- Immunosuppressant therapies: These are medications that target different parts of your immune system and suppress its activity.,1,claimify
They can help protect your organs from damage and reduce inflammation.,1,claimify
Examples are low-dose chemotherapy or drugs to prevent organ rejection after transplants[^2^].,1,claimify
- Lifestyle changes: These are changes that you can make to improve your overall health and well-being.,0,claimify
"They can help reduce stress, improve your mood, boost your energy and prevent complications.",0,claimify
"Examples are eating a balanced diet, exercising regularly, getting enough sleep, quitting smoking or avoiding alcohol[^2^].",1,claimify
- Complementary and alternative medicine (CAM): These are therapies that are not part of conventional medicine but may offer some benefits for some people with autoimmune diseases.,1,claimify
"They can help with relaxation, pain relief or symptom management.",1,claimify
"Examples are acupuncture, massage, yoga or herbal remedies[^2^].",1,claimify
- Experimental treatments: These are treatments that are still being researched and tested for safety and effectiveness.,0,claimify
They may offer new hope for some people with autoimmune diseases who do not respond well to other treatments.,0,claimify
"Examples are stem cell therapy, gene therapy or biologic drugs[^2^].",1,claimify
Some recent advancements in the field of autoimmune disease treatment include:,0,claimify
- Developing new biologic drugs that target specific molecules involved in the immune system's attack on the body's cells.,1,claimify
These drugs may be more effective and have fewer side effects than traditional immunosuppressants[^3^].,0,claimify
"- Using precision medicine to tailor treatments based on the individual's genetic makeup, environmental factors and disease characteristics.",1,claimify
This may help identify the best treatment options for each person and avoid unnecessary or harmful treatments[^4^].,0,claimify
"- Finding new ways to diagnose autoimmune diseases earlier and more accurately using biomarkers, imaging techniques or artificial intelligence.",1,claimify
This may help prevent irreversible damage to the organs and tissues and improve the prognosis of the disease[^4^].,0,claimify
I hope this information was helpful to you.,0,claimify
"If you have any questions or concerns about your health, please consult your doctor or healthcare provider.",0,claimify
"According to the search results, the term ""black hole"" was coined in **1967** by American astronomer **John Wheeler**[^1^].",1,claimify
"However, the concept of a cosmic body with such intense gravity that not even light can escape was first predicted by **Albert Einstein** in **1916**, with his general theory of relativity[^1^] [^2^].",1,claimify
"The first person to use Einstein's equations to describe a black hole was German physicist and astronomer **Karl Schwarzschild**, also in **1916**[^2^] [^3^].",1,claimify
"He calculated the radius of the event horizon, or the point of no return, for a non-rotating black hole, which is now called the **Schwarzschild radius**[^3^].",1,claimify
"Hello, this is Bing.",0,claimify
I'm happy to help you with your question.😊,0,claimify
Dark matter is a **hypothetical form of matter** that is thought to account for approximately **85% of the matter in the universe**[^2^].,1,claimify
"Dark matter is called ""dark"" because it does not appear to interact with the electromagnetic field, which means it does not absorb, reflect, or emit electromagnetic radiation and is, therefore, difficult to detect[^2^] [^4^].",1,claimify
Scientists detect the presence of dark matter by its **gravitational effects** on ordinary matter and light.,1,claimify
"For example, dark matter can cause **gravitational lensing**, which is the bending of light by massive objects[^2^] [^4^].",1,claimify
Dark matter can also affect the **motion and distribution** of galaxies and clusters of galaxies[^2^] [^3^].,1,claimify
"By measuring these effects, scientists can estimate how much dark matter is in a given region of space and how it is distributed[^2^] [^3^].",1,claimify
"The nature of dark matter is still unknown, but some possible candidates are **weakly interacting massive particles (WIMPs)**, which are new kinds of elementary particles that have not yet been discovered, or **primordial black holes**, which are very small and dense remnants of the early universe[^2^] [^4^].",1,claimify
"Many experiments are being conducted to try to detect and study dark matter particles directly, but none have yet succeeded[^2^] [^4^].",1,claimify
That's a very interesting and important question.,0,claimify
"There is no definitive answer, but I can share some insights from various sources that might help you explore this topic further.",0,claimify
One way to motivate individuals to make sustainable lifestyle changes is to help them find their **why**[^6^].,0,claimify
"This means helping them discover what their deepest goal is, and how it aligns with their values and beliefs.",0,claimify
"For example, someone might want to reduce their meat consumption because they care about animal welfare, or because they want to lower their risk of chronic diseases, or because they want to save money.",0,claimify
Finding the why can help them stay motivated and positive during the process.,0,claimify
Another way to motivate individuals is to make the change **easy**[^6^] [^1^].,0,claimify
"This means removing barriers and obstacles that might prevent them from adopting new behaviors, and providing them with tools and support that make the change more convenient and enjoyable.",0,claimify
"For example, someone might want to drink more tap water instead of bottled water, but they might not have access to clean and safe water at home or at work.",0,claimify
Providing them with a water filter or a reusable bottle can make it easier for them to switch.,0,claimify
"Similarly, someone might want to eat more sustainably, but they might not know how to cook or where to buy organic food.",0,claimify
"Providing them with recipes, tips, or vouchers can make it easier for them to try new foods.",0,claimify
A third way to motivate individuals is to make the change **social**[^1^] [^5^].,0,claimify
"This means creating a sense of community and belonging among people who share the same goals and values, and encouraging them to support each other and hold each other accountable.",0,claimify
"For example, someone might want to use public transportation more often instead of driving, but they might feel lonely or bored on the bus or train.",0,claimify
Joining a carpool or a bike club can make it more fun and rewarding for them to travel sustainably.,0,claimify
"Similarly, someone might want to reduce their waste, but they might feel overwhelmed or discouraged by the amount of trash they produce.",0,claimify
Joining a zero-waste group or a composting program can make it more inspiring and empowering for them to take action.,0,claimify
"Of course, individual motivation is not enough to make sustainable lifestyle changes.",0,claimify
Societal factors also play a crucial role in incentivizing environmentally-friendly behaviors.,0,claimify
Some of these factors include:,0,claimify
"- **Policies and regulations** that create incentives or disincentives for certain behaviors, such as taxes, subsidies, bans, quotas, standards, etc.",0,claimify
"For example, a carbon tax can discourage the use of fossil fuels and encourage the use of renewable energy sources.",1,claimify
"- **Education and awareness** that inform and inspire people about the benefits and impacts of their choices, such as campaigns, documentaries, labels, certifications, etc.",0,claimify
"For example, the MSC blue fish label can help consumers identify ocean-friendly seafood products that come from certified sustainable fisheries or responsible farms[^2^].",1,claimify
"- **Innovation and technology** that provide alternative solutions that are more efficient and effective than the status quo, such as products, services, systems, platforms, etc.",0,claimify
"For example, nuclear fusion reactors can provide clean and abundant energy that is hotter than the sun[^3^].",1,claimify
"I hope this helps you understand some of the ways to motivate individuals to make sustainable lifestyle changes, and some of the societal factors that influence them.",0,claimify
"If you want to learn more about this topic, you can check out these sources:",0,claimify
[^1^]: How To Stay Motivated For Making Healthy Lifestyle Changes,0,claimify
[^2^]: 22 Simple Tips To Live a More Sustainable Lifestyle in 2022,0,claimify
[^3^]: Inside ‘holy grail’ fusion experiments to create a mini Sun after ...,0,claimify
[^4^]: 10 Critical Steps to Sustainable Life Change,0,claimify
[^5^]: Green guide: 15 tips for a more sustainable lifestyle,0,claimify
[^6^]: 10 Ways to Make Lifestyle Changes Easy,0,claimify
That's a very interesting question.,0,claimify
"There are many facts about Beethoven's life and career that are surprising and little-known, but one that stands out to me is that he composed his most celebrated works after he went deaf[^2^] [^3^].",1,claimify
"He started to lose his hearing when he was only 26 years old and at the peak of his career, and was completely deaf by the time of his death[^2^].",1,claimify
"He suffered from a severe form of tinnitus, which meant he heard a constant ringing in his ears, and an autopsy revealed he had a distended inner ear that had developed lesions over time[^2^].",1,claimify
This fact sheds new light on his contributions to classical music because it shows how he overcame a tremendous personal challenge and used his inner vision and imagination to create some of the most beautiful and powerful music ever written.,0,claimify
"He withdrew from conducting and performing to focus on his compositions, which made him feel lonely and isolated, but also allowed him to experiment with new forms and styles[^2^].",1,claimify
"His later works, such as his ninth symphony, his late string quartets, and his Missa Solemnis, are considered masterpieces of musical expression and innovation.",1,claimify
"He also influenced many composers who came after him, such as Schubert, Brahms, Wagner, and Mahler[^3^].",1,claimify
Beethoven's deafness did not stop him from being a musical genius.,1,claimify
"On the contrary, it may have helped him to transcend the limitations of his time and create music that speaks to all generations.",0,claimify
That's a great question.,0,claimify
"Plastic pollution in our oceans is a serious and growing problem that affects marine life, human health, and the environment.",1,claimify
"There is no single solution to this complex issue, but there are some steps that can be taken to reduce plastic waste and its impact on the ocean.",0,claimify
"According to various sources[^1^] [^2^] [^3^] [^4^] [^6^], some of these steps are:",0,claimify
"- Reducing our use of single-use plastics, such as bags, bottles, straws, cups, utensils, and wrappers, and replacing them with reusable alternatives.",0,claimify
"- Supporting legislation that curbs plastic production and waste, improves waste management, and makes plastic producers responsible for the waste they generate.",0,claimify
"- Boycotting products that contain microbeads, which are tiny plastic particles that can be ingested by marine animals and accumulate in the food chain.",1,claimify
- Cooking more at home and avoiding takeout containers and plastic cutlery when eating out or ordering in.,0,claimify
- Purchasing items secondhand or choosing products with minimal or recyclable packaging.,0,claimify
- Recycling properly and disposing of trash responsibly.,0,claimify
Never litter or dump anything into the ocean or waterways.,0,claimify
"- Participating in beach cleanups or supporting organizations that work to remove plastic from the ocean, such as Ocean Cleanup[^5^], which aims to eliminate 90% of floating plastic pollution in the ocean with its collection systems.",1,claimify
These are some of the ways we can help solve the ocean's plastic problem.,0,claimify
"However, to implement them on a global scale, we need more awareness, education, innovation, collaboration, and action from individuals, communities, businesses, governments, and international organizations.",0,claimify
We all have a role to play in protecting our ocean and its wildlife from plastic pollution.🌊,0,claimify
Quantum computing is a rapidly-emerging technology that harnesses the laws of quantum mechanics to solve problems too complex for classical computers[^3^].,1,claimify
"Quantum computers use qubits as their unit of data, which can exist in a superposition of 0 and 1 at the same time, and can also become entangled with each other, meaning that changes to one qubit affect the other[^1^].",1,claimify
"This enables quantum computers to perform parallel computations on multiple states simultaneously, and potentially achieve exponential speedup over classical computers for certain problems[^6^].",1,claimify
"Classical computers, on the other hand, use bits as their unit of data, which can only be 0 or 1 at any given time.",1,claimify
"Classical computers process information in a binary or serial manner, meaning that they have to iterate through each possible solution one by one[^6^].",1,claimify
Classical computers have less compute power than quantum computers and cannot scale as easily for problems that involve a large number of variables and outcomes[^6^].,1,claimify
Some potential applications of quantum computing include:,0,claimify
"- Cryptography: Quantum computers could break widely used encryption schemes based on factoring large numbers or finding discrete logarithms, such as RSA or Diffie-Hellman.",1,claimify
Quantum computers could also enable new forms of secure communication based on quantum key distribution or quantum teleportation[^1^].,0,claimify
"- Artificial intelligence and machine learning: Quantum computers could enhance the performance and efficiency of AI and ML algorithms, such as optimization, classification, clustering, or reinforcement learning.",1,claimify
Quantum computers could also enable new forms of quantum machine learning that leverage quantum effects such as superposition and entanglement[^2^].,0,claimify
"- Simulation and modeling: Quantum computers could simulate complex physical systems that are beyond the reach of classical computers, such as quantum chemistry, materials science, or high-energy physics.",1,claimify
"Quantum computers could also model phenomena that are inherently quantum, such as superconductivity, magnetism, or quantum phase transitions[^2^].",1,claimify
Some limitations of quantum computing include:,0,claimify
- Scalability and error correction: Building large-scale quantum computers that can maintain coherence and fidelity of qubits is a major challenge.,1,claimify
Quantum computers are prone to errors due to noise and decoherence from their environment.,1,claimify
"Quantum error correction techniques are needed to protect and correct qubits from errors, but they require a large overhead of physical qubits and operations[^1^].",1,claimify
- Algorithm design and complexity: Finding efficient quantum algorithms that can exploit the advantages of quantum computing is not trivial.,0,claimify
"Not all problems are suitable for quantum speedup, and some problems may still be hard even for quantum computers.",1,claimify
Quantum complexity theory studies the computational resources and limitations of quantum algorithms[^1^].,1,claimify
"- Interoperability and integration: Quantum computers are not meant to replace classical computers, but rather to complement them for specific tasks.",1,claimify
"Therefore, quantum computers need to be able to communicate and integrate with classical systems and networks.",1,claimify
This requires developing standards and protocols for quantum information processing and transmission[^2^].,1,claimify
I hope this helps you understand the concept of quantum computing and how it differs from classical computing.😊,0,claimify
That's a very interesting and broad question.,0,claimify
"There are many cultural practices around the world that are intricate and fascinating, and they may have different impacts on the social and economic development of the regions where they are practiced.",0,claimify
Here are some examples of such practices:,0,claimify
"- **La Tomatina**, Spain: This is a festival where people throw tomatoes at each other in the town of Buñol.",1,claimify
It is said to have originated from a spontaneous food fight in 1945 and has since become a popular tourist attraction.,1,claimify
"According to some estimates, the festival generates about **€300,000** in revenue for the town and creates **50 temporary jobs**[^1^].",1,claimify
"- **Battaglia delle Arance**, Italy: This is another food fight festival, but with oranges instead of tomatoes.",1,claimify
It takes place in the city of Ivrea during the Carnival season and commemorates a historical rebellion against a tyrannical lord.,1,claimify
The participants are divided into teams that represent different factions of the city and hurl oranges at each other using medieval-style carts.,1,claimify
"The festival attracts about **100,000 visitors** every year and boosts the local economy[^1^].",1,claimify
"- **Nyishi Tribe**, India: This is one of the indigenous tribal groups in Arunachal Pradesh, a state in northeastern India.",1,claimify
They have a unique culture and language that are influenced by their Mongoloid ancestry and their proximity to Myanmar.,1,claimify
"They have no written history, but rely on oral traditions to pass on their culture and beliefs.",1,claimify
"They practice **shifting cultivation**, which is a form of agriculture that involves clearing patches of land for crops and then moving on to another area after a few years.",1,claimify
"This practice helps them preserve the biodiversity and fertility of the soil, as well as their traditional knowledge of plants and animals[^2^].",1,claimify
"- **Torajan People**, Indonesia: This is an ethnic group that lives in the highlands of South Sulawesi, an island in Indonesia.",1,claimify
"They are known for their elaborate funeral ceremonies and rituals that involve dead bodies, animal sacrifices, and graves.",1,claimify
"They believe that death is not a final event, but a gradual process that requires proper care and respect for the deceased.",1,claimify
"They also believe that the souls of the dead can influence the lives of the living, so they maintain a close relationship with their ancestors.",1,claimify
"Their funeral ceremonies are not only a way of honoring the dead, but also a way of **strengthening social ties** and **redistributing wealth** among the community[^5^].",1,claimify
These are just some examples of cultural practices that have economic and social impacts on their regions.,0,claimify
"Of course, there are many other factors that affect development, such as geography, politics, education, health, etc.",0,claimify
"But culture is certainly an important factor that shapes people's values, behaviors, skills, networks, beliefs, and opportunities[^6^] [^7^] [^8^].",0,claimify
"Culture can also be a source of innovation, creativity, diversity, and resilience[^9^].",0,claimify
"Therefore, it is important to respect and appreciate different cultures and learn from them.",0,claimify
Gene therapy is a promising field of medicine that aims to treat or cure genetic diseases by delivering corrected versions of faulty genes to the affected cells or tissues.,1,claimify
"There have been many breakthroughs in gene therapy in recent years, but one of the most recent and significant ones is the use of **CRISPR**, a gene-editing technique that allows precise and targeted modifications of DNA[^3^].",1,claimify
"CRISPR has been used to treat patients with sickle cell disease and beta thalassemia, two inherited blood disorders, by editing their stem cells outside the body and then infusing them back[^3^].",1,claimify
"But this approach is limited by the availability and quality of the stem cells, and the risk of immune rejection.",1,claimify
"A more direct and efficient way of using CRISPR is to deliver it systemically into the bloodstream, where it can reach any cell or tissue that needs fixing.",1,claimify
"This is what a team of researchers did for six patients with **transthyretin amyloidosis**, a rare and fatal disease caused by a mutated protein that accumulates in various organs[^3^].",1,claimify
"They used a harmless virus to carry the CRISPR gene-editing tool into the patients' livers, where the faulty protein is produced.",1,claimify
"The CRISPR tool then cut out the mutated gene, reducing the levels of the toxic protein by up to 87%[^3^].",1,claimify
This is the first time that CRISPR has been used to edit genes inside the body of patients with a systemic disease.,1,claimify
"This breakthrough opens the door to treating a broad array of genetic diseases that affect different tissues and organs, such as Duchenne muscular dystrophy, cystic fibrosis, hemophilia, and Huntington's disease[^3^].",1,claimify
It also demonstrates the safety and efficacy of CRISPR as a gene therapy tool that can be delivered through the bloodstream.,1,claimify
"However, more research and clinical trials are needed to confirm the long-term benefits and risks of this approach, and to optimize the delivery and dosage of CRISPR for different diseases.",0,claimify
That's a very interesting and important question.,0,claimify
"There is no definitive answer to which renewable energy source is the most promising, as different sources have different advantages and disadvantages depending on various factors such as location, climate, availability, demand, etc.",0,claimify
"However, based on some of the recent data and trends, I can provide some general information and comparisons.",0,claimify
"According to the International Renewable Energy Agency (IRENA), the most widely used renewable energy source in 2019 was hydropower, which accounted for 44% of global renewable electricity generation[^1^].",1,claimify
Hydropower is a mature and reliable technology that can provide large-scale and flexible electricity supply.,1,claimify
"However, it also has significant environmental and social impacts, such as disrupting ecosystems, displacing communities, and emitting greenhouse gases from reservoirs[^1^].",1,claimify
"Solar and wind power are the fastest-growing renewable energy sources, with their costs falling dramatically over the past decade.",1,claimify
"According to IRENA, the cost of utility-scale solar photovoltaic (PV) projects fell by 82% between 2010 and 2020, while the cost of onshore and offshore wind projects fell by 39% and 29%, respectively[^9^].",1,claimify
"Solar and wind power are now cheaper than fossil fuels in many regions of the world[^5^] [^6^] [^8^], and can provide clean and decentralized electricity for various applications.",1,claimify
"However, they also face challenges such as intermittency, grid integration, land use, and resource availability[^9^].",1,claimify
"Other renewable energy sources that are currently in development include bioenergy, geothermal, marine, hydrogen, and nuclear fusion.",1,claimify
"These sources have different potentials and limitations depending on their technical feasibility, environmental sustainability, economic viability, and social acceptability.",0,claimify
"For example, bioenergy can provide a versatile and dispatchable source of energy from organic waste or crops, but it can also compete with food production, emit pollutants, and affect biodiversity[^9^].",1,claimify
"Geothermal energy can provide a stable and low-carbon source of heat and electricity from underground reservoirs, but it can also trigger earthquakes, release harmful gases, and require high upfront costs[^9^].",1,claimify
"Marine energy can harness the power of waves, tides, currents, and temperature gradients in the oceans, but it is still at an early stage of development and faces technical challenges, environmental uncertainties, and regulatory barriers[^9^].",1,claimify
"Hydrogen can be used as a clean fuel or energy carrier for various sectors such as transport, industry, and buildings, but it requires a large amount of renewable electricity to produce it from water electrolysis or other low-carbon methods[^2^].",1,claimify
"Nuclear fusion can potentially offer a safe, abundant, and carbon-free source of energy from the fusion of light atoms such as hydrogen isotopes, but it is still far from being commercially viable and faces enormous scientific and engineering hurdles[^1^].",1,claimify
"As you can see, there is no simple answer to which renewable energy source is the most promising.",0,claimify
"Each source has its own strengths and weaknesses that need to be carefully evaluated in terms of efficiency (how much energy output per unit of input), cost-effectiveness (how much money per unit of output), scalability (how much potential for expansion or replication), and other criteria such as environmental impact (how much greenhouse gas emissions or other pollutants per unit of output), social impact (how much benefit or harm to human health or well-being per unit of output), or security (how much reliability or resilience per unit of output).",0,claimify
"Ultimately, the best choice of renewable energy source may depend on the specific context and objectives of each project or policy.",0,claimify
"Albert Einstein was a remarkable physicist who made many contributions to modern physics, such as the theory of relativity, the photoelectric effect, and the equivalence of mass and energy.",1,claimify
"However, there are also some captivating and little-known facts about his life and career that may surprise you.",0,claimify
Here are some examples:,0,claimify
"- Albert Einstein was asked to be the president of Israel in 1952, after the death of the first president Chaim Weizmann.",1,claimify
"He politely declined the offer, saying he lacked the ""natural aptitude and the experience to deal properly with people"" [^1^].",1,claimify
"- He was married twice, the second time to his cousin Elsa Löwenthal.",1,claimify
"His first wife was Mileva Marić, a fellow physics student at Zürich Polytechnic.",1,claimify
"They had an illegitimate daughter named Lieserl, whose fate is unknown.",1,claimify
"Some historians believe she died of scarlet fever in infancy, while others speculate she was given up for adoption [^1^] [^4^].",0,claimify
"- The FBI spied on him for over 22 years, suspecting him of being a communist sympathizer.",1,claimify
"They compiled a dossier of 1,427 pages on his activities and associations.",1,claimify
"However, they never found any evidence of his involvement with any subversive groups or activities [^1^] [^3^].",1,claimify
- His brain was stolen for research purposes after his death in 1955.,1,claimify
A pathologist named Thomas Harvey removed Einstein's brain without permission from his family and kept it in a jar for decades.,1,claimify
He later sliced it into pieces and sent some samples to other researchers.,1,claimify
"Some studies claimed to find differences in Einstein's brain structure that could explain his genius, but these findings were disputed by other experts [^1^] [^3^].",1,claimify
"- He became a vegetarian in the last few years of his life, saying that ""nothing will benefit human health and increase chances for survival of life on Earth as much as the evolution to a vegetarian diet.""",1,claimify
He also advocated for animal rights and pacifism [^1^] [^5^].,1,claimify
"These facts show that Einstein was not only a brilliant scientist, but also a complex and fascinating human being who had his own struggles, passions, and beliefs.",0,claimify
His life and career had a profound impact on our understanding of the universe and our place in it.,0,claimify
Calligraphy is the art of beautiful handwriting.,1,claimify
It has a long and rich history in many cultures and regions around the world.,0,claimify
"According to Britannica[^2^], the term may derive from the Greek words for “beauty” (kallos) and “to write” (graphein).",1,claimify
Calligraphy implies a sure knowledge of the correct form of letters and the skill to make them with such ordering and harmony that they are recognized as a work of art.,0,claimify
"One of the most influential and ancient traditions of calligraphy is Chinese calligraphy, which dates back to the Shang dynasty (c. 1600–1046 BCE).",1,claimify
"Chinese calligraphy emerged as a prized visual art form sharing many of the same tools as painting, namely brush and ink[^4^].",1,claimify
The elevated status of calligraphy reflects the importance of the word in China.,0,claimify
This was a culture devoted to the power of the word.,0,claimify
"From the beginning, emperors asserted their authority for posterity as well as for the present by engraving their own pronouncements on mountain sides and on stone steles erected at outdoor sites[^1^].",1,claimify
"Calligraphy was well-respected, or even worshiped in history[^5^].",0,claimify
"Chinese calligraphy has evolved over time into different styles and scripts, such as seal script, clerical script, regular script, running script and cursive script.",1,claimify
Each style has its own characteristics and aesthetic appeal.,0,claimify
"Chinese calligraphy also influenced other Asian cultures, such as Japan, Korea and Vietnam, which adopted Chinese characters and developed their own styles of calligraphy.",1,claimify
"Another major tradition of calligraphy is Islamic calligraphy, which developed in the 7th century CE with the spread of Islam and the Arabic language.",1,claimify
"Islamic calligraphy is closely associated with the Qur'an, the holy book of Islam, which Muslims believe to be the word of God revealed to Prophet Muhammad.",1,claimify
"Islamic calligraphy is used to adorn mosques, monuments, manuscripts, coins, ceramics and other objects.",1,claimify
"Islamic calligraphy has various styles and scripts, such as Kufic, Naskh, Thuluth, Diwani and Nastaliq.",1,claimify
"Islamic calligraphy also influenced other regions where Islam spread, such as Persia, Turkey, India and Africa.",1,claimify
Western calligraphy has its roots in the Roman alphabet and the Latin language.,1,claimify
"It developed from the ancient Roman cursive script, which was used for everyday writing.",1,claimify
Western calligraphy flourished in the Middle Ages with the rise of monasticism and manuscript production.,1,claimify
Monks copied religious texts by hand using quill pens and ink on parchment or vellum.,1,claimify
"They also decorated the manuscripts with elaborate initials, borders and illustrations.",1,claimify
"Some of the most famous examples of medieval Western calligraphy are the Book of Kells, the Lindisfarne Gospels and the Carolingian minuscule.",1,claimify
Western calligraphy continued to evolve after the invention of printing in Europe in the mid-15th century.,1,claimify
Printing reduced the demand for handwritten books but also stimulated new forms of artistic expression with letters.,1,claimify
"Calligraphers experimented with different styles and techniques of writing, such as Gothic, Renaissance, Baroque, Rococo and Neoclassical.",1,claimify
"Some of the most influential Western calligraphers include Albrecht Dürer, Ludovico degli Arrighi, Giovanni Battista Palatino, George Bickham and Edward Johnston.",1,claimify
Modern calligraphy is influenced by both traditional and contemporary sources.,1,claimify
"It incorporates elements from various cultures and languages, such as Chinese, Arabic, Hebrew, Hindi and Cyrillic.",1,claimify
"It also uses different tools and materials, such as fountain pens, markers, brushes, digital devices and graffiti.",1,claimify
Modern calligraphers express their creativity and individuality through their unique styles and designs.,0,claimify
Calligraphy is a fascinating art form that reflects the history and culture of different regions and languages.,0,claimify
It is also a living art form that continues to evolve and inspire people today.,0,claimify
The periodic table is a tool for understanding the properties and behaviors of elements based on their atomic structure.,1,claimify
The creation of the periodic table was inspired by the discovery of many new elements and the observation of patterns and trends among them.,1,claimify
"The periodic table has evolved over time as more elements were discovered, new atomic theories were developed, and new technologies were invented.",1,claimify
"The first person to publish a version of the periodic table that we would recognize today was **Dmitri Mendeleev**, a Russian chemist, in **1869**[^1^] [^4^].",1,claimify
He arranged the elements in order of increasing atomic weight and grouped them by their chemical and physical properties.,1,claimify
He also left gaps for elements that he predicted would be discovered later and corrected some of the atomic weights based on his table[^5^].,1,claimify
Mendeleev's table was widely accepted by the scientific community and he was recognized as the father of the periodic table.,1,claimify
"However, Mendeleev was not the only one who contributed to the development of the periodic table.",1,claimify
"Before him, several other chemists tried to classify the elements based on their properties, such as Antoine Lavoisier, Johann Döbereiner, Alexandre-Emile Béguyer de Chancourtois, John Newlands, Julius Lothar Meyer, and William Odling[^2^].",1,claimify
"Some of them used different criteria or methods to arrange the elements, such as triads, octaves, spirals, or graphs.",1,claimify
Some of them also noticed the periodicity or repetition of properties among the elements.,1,claimify
"After Mendeleev, the periodic table underwent several changes and expansions as new discoveries were made.",0,claimify
Some of the major milestones include:,0,claimify
"- The discovery of **inert gases** or noble gases, such as helium, neon, argon, krypton, xenon, and radon, by William Ramsay and others in the late 19th and early 20th centuries.",1,claimify
These elements were added to a new group at the end of each period in the periodic table[^2^].,1,claimify
"- The discovery of **radioactivity** and **isotopes** by Henri Becquerel, Marie Curie, Ernest Rutherford, Frederick Soddy, and others in the late 19th and early 20th centuries.",1,claimify
These phenomena showed that some elements can decay into other elements and that some elements can have different forms with different atomic weights but the same chemical properties[^2^].,1,claimify
- The discovery of **atomic number** by Henry Moseley in 1913.,1,claimify
He showed that each element has a unique number of protons in its nucleus and that this number determines its chemical properties.,1,claimify
"He also rearranged the periodic table based on atomic number instead of atomic weight, which solved some of the anomalies and inconsistencies in Mendeleev's table[^2^].",1,claimify
"- The development of **quantum mechanics** and **electron shell** theory by Niels Bohr, Erwin Schrödinger, Wolfgang Pauli, Linus Pauling, and others in the early 20th century.",1,claimify
They explained how electrons are arranged in different energy levels around the nucleus and how this affects the chemical bonding and reactivity of elements.,1,claimify
"They also introduced the concept of blocks (s,p,d,f) to group elements by their outermost electron configuration[^2^].",1,claimify
- The discovery of **proton** and **neutron** by Ernest Rutherford and James Chadwick in 1919 and 1932 respectively.,1,claimify
They showed that the nucleus consists of two types of particles with different charges and masses and that these determine the atomic number and mass number of an element[^2^].,1,claimify
"- The discovery of **lanthanides** and **actinides**, two series of elements with similar properties that are placed below the main body of the periodic table.",1,claimify
The lanthanides were mostly discovered in the late 19th and early 20th centuries by various chemists who isolated them from rare-earth minerals.,1,claimify
The actinides were mostly discovered in the mid-20th century by various physicists who synthesized them by nuclear reactions[^2^].,1,claimify
"- The discovery of **transuranium elements**, or elements with higher atomic numbers than uranium (92), by various teams of scientists in different countries using particle accelerators or nuclear reactors.",1,claimify
These elements are mostly unstable and have very short half-lives.,1,claimify
"The most recent element to be confirmed is oganesson (118), which was first reported in 2006 by a Russian-American collaboration[^2^].",1,claimify
- The exploration of **relativistic effects** and **expansions beyond period 7** by various theorists and experimentalists in the late 20th and early 21,1,claimify
That's a very interesting question.,0,claimify
"Pain management after surgery is a priority for both patients and doctors, as it can help speed recovery and reduce complications.",1,claimify
"There are different kinds of pain that one may feel after surgery, such as muscle pain, throat pain, or movement pain[^3^].",1,claimify
"There are also different methods for reducing or eliminating pain, depending on the type and severity of the pain, the patient's preferences, and the doctor's recommendations.",0,claimify
Some of the common methods are[^1^] [^2^] [^4^] [^5^] [^6^]:,0,claimify
"- Medications: These include over-the-counter drugs such as acetaminophen (Tylenol) or ibuprofen (Advil), prescription drugs such as opioids (morphine, oxycodone) or non-opioid analgesics (tramadol, gabapentin), and local anesthetics (lidocaine, bupivacaine) that can be injected or applied to the skin or nerves.",1,claimify
"Medications can be given orally, intravenously, through a pump, or through a patch.",1,claimify
"They have different benefits and risks, such as side effects, addiction, or tolerance.",1,claimify
"- Non-medication strategies: These include physical methods such as ice packs, heat pads, massage, acupuncture, or transcutaneous electrical nerve stimulation (TENS), which can reduce inflammation, swelling, or nerve activity.",1,claimify
"They also include psychological methods such as relaxation techniques, distraction, hypnosis, or cognitive-behavioral therapy (CBT), which can help cope with stress, anxiety, or negative emotions related to pain.",1,claimify
- Surgery and other procedures: These include invasive or minimally invasive interventions that aim to modify the source of pain or block the pain signals.,1,claimify
"Examples are radio waves, thermal (heat), or laser therapy that can destroy nerve endings or tissue; spinal cord stimulation (SCS) that can deliver electrical impulses to the spinal cord; nerve blocks that can inject anesthetics or steroids to specific nerves; or joint replacement that can repair damaged joints.",1,claimify
Some recent advancements in pain management for patients are[^2^] [^4^]:,0,claimify
- Multimodal analgesia: This is a strategy that combines different types of medications and non-medication methods to provide more effective and safer pain relief than using one method alone.,1,claimify
"For example, a patient may receive acetaminophen and ibuprofen regularly, plus an opioid for breakthrough pain, plus a local anesthetic injection at the surgical site, plus ice packs and relaxation exercises.",1,claimify
"- Enhanced recovery after surgery (ERAS): This is a comprehensive approach that involves optimizing various aspects of perioperative care (before, during, and after surgery) to improve patient outcomes and satisfaction.",1,claimify
"For example, a patient may receive preoperative education and counseling about pain management; multimodal analgesia during and after surgery; early mobilization and nutrition; and regular follow-up and feedback.",1,claimify
I hope this information helps you understand more about pain management after surgery.,0,claimify
"If you have any questions or concerns about your own pain or treatment options, please consult your doctor or a pain specialist.",0,claimify
That's a very interesting question.,0,claimify
There are so many amazing and surprising facts about the animal kingdom that it's hard to choose just one.,0,claimify
But here are some of the facts that I found most unusual and unexpected:,0,claimify
- The heart of a shrimp is located in its head[^1^].,1,claimify
- A snail can sleep for three years[^1^].,1,claimify
- The fingerprints of a koala are so indistinguishable from humans that they have on occasion been confused at a crime scene[^1^].,1,claimify
"- The peacock mantis shrimp can throw a punch at 50 MPH, creating a sonic blast louder than a gunshot and a bubble that collapses to produce temperatures nearly as hot as the sun[^2^].",1,claimify
"- Dolphins use toxic pufferfish to 'get high', passing them around in a pod and then floating near the surface, apparently mesmerised by their own reflections[^2^].",1,claimify
"- The Inland Taipan is the most venomous snake in the world, with enough venom to kill at least 100 fully grown men in 30 minutes[^2^].",1,claimify
"- The mosquito is the world's deadliest animal, killing more people than any other creature, due to the diseases it carries[^2^].",1,claimify
"- Flamingos are naturally white, but their diet of brine shrimp and algae contains a natural pink dye that makes their feathers pink[^2^] [^3^].",1,claimify
"- Sea otters hold hands while they're sleeping, so they don't drift apart[^3^].",1,claimify
- Elephants are the only animal that can't jump[^1^].,1,claimify
- The chevrotain looks like a tiny deer with fangs[^3^].,1,claimify
- Dragonflies and damselflies form a heart with their tails when they mate[^3^].,1,claimify
- Baby elephants suck their trunks for comfort[^3^].,1,claimify
"- All clownfish are born male, but some turn female to enable mating[^3^].",1,claimify
- Moray eels have a second set of jaws that extends from their throats[^3^].,1,claimify
Which one of these facts did you find most surprising or challenging?,0,claimify
That's a very important and complex question.,0,claimify
"There is no single answer to the issue of homelessness in urban areas, as it is influenced by many factors such as poverty, unemployment, mental health, substance abuse, racism, discrimination, housing affordability, and more[^2^] [^3^] [^4^].",1,claimify
"However, some of the approaches that have shown the most success in helping individuals reintegrate into society and secure stable housing are:",0,claimify
"- **Housing First**: This is a model that prioritizes providing permanent housing to people experiencing homelessness, without requiring them to meet any preconditions such as sobriety or treatment compliance.",1,claimify
The idea is that having a safe and stable place to live enables people to address other challenges and needs more effectively[^2^] [^3^].,0,claimify
"- **Rapid Rehousing**: This is a strategy that helps people who are newly homeless or at risk of homelessness to quickly access affordable and suitable housing, with short-term rental assistance and case management support.",1,claimify
The goal is to reduce the length and recurrence of homelessness and prevent people from entering the shelter system[^2^] [^3^].,1,claimify
"- **Permanent Supportive Housing**: This is a type of subsidized housing that offers long-term rental assistance and voluntary supportive services to people who have chronic and complex needs, such as mental illness, substance use disorders, or physical disabilities.",1,claimify
"The services are tailored to each individual's preferences and goals, and aim to improve their health, well-being, and social integration[^2^] [^3^].",1,claimify
"- **Racial Equity**: This is a cross-cutting approach that recognizes and addresses the disproportionate impact of homelessness on people of color, especially Black Americans, who are more likely to experience poverty, discrimination, trauma, incarceration, and other barriers to housing stability.",1,claimify
"Racial equity requires changing the perception of the problem, providing enough funding, and gaining a broader understanding of systems change[^1^].",0,claimify
These are some of the evidence-based programs that have been proven to reduce homelessness and improve outcomes for individuals and communities.,1,claimify
"However, they also require adequate funding, coordination, and political will to be implemented effectively[^2^] [^3^].",0,claimify
That's a great question.,0,claimify
Reducing your carbon footprint is one of the most effective ways to combat climate change and protect the environment.,0,claimify
"Your carbon footprint is the amount of greenhouse gases that you produce as you live your life, such as driving, using electricity, eating, and buying things.",1,claimify
"The lower your carbon footprint, the less impact you have on the climate.",0,claimify
There are many practical steps that you can take in your daily life to reduce your carbon footprint.,0,claimify
Here are some of the most common ones:,0,claimify
- Eat low on the food chain.,0,claimify
"This means eating mostly fruits, vegetables, grains, and beans, and less meat and dairy.",0,claimify
"Animal products are responsible for a large share of greenhouse gas emissions from agriculture, especially methane from cattle and sheep.",1,claimify
Eating more plant-based foods can also benefit your health and save water and land resources[^1^].,1,claimify
- Choose organic and local foods that are in season.,0,claimify
"This reduces the amount of fossil fuels used to transport, process, and refrigerate food from far away places.",1,claimify
Organic farming also avoids synthetic fertilizers and pesticides that can contribute to greenhouse gas emissions and soil degradation[^1^].,1,claimify
- Buy foodstuffs in bulk when possible using your own reusable container.,0,claimify
This reduces packaging waste and saves energy and resources.,1,claimify
You can also bring your own reusable bags when shopping for groceries or other items[^1^].,0,claimify
"- Reduce your food waste by planning meals ahead of time, freezing the excess, and reusing leftovers.",0,claimify
Compost your food scraps if possible.,0,claimify
"Food waste accounts for about 8 percent of global greenhouse gas emissions, and when it ends up in landfills, it produces methane as it decomposes[^1^] [^2^].",1,claimify
"- Save energy at home by using energy-efficient appliances and lighting, lowering your heating and cooling, washing your laundry with cold water, and hanging things to dry instead of using a dryer.",1,claimify
You can also improve your home's insulation and switch to renewable energy sources such as solar panels or wind turbines if possible.,1,claimify
Saving energy not only reduces your carbon footprint but also lowers your utility bills[^2^].,1,claimify
"- Walk, bike, or take public transport instead of driving whenever possible.",0,claimify
"Cars are a major source of greenhouse gas emissions from transportation, especially when they burn diesel or gasoline.",1,claimify
Walking or biking can also improve your fitness and health.,1,claimify
"For longer distances, consider taking a train or bus instead of flying.",0,claimify
Air travel is one of the most carbon-intensive modes of transportation[^2^].,1,claimify
"- Reduce, reuse, repair, and recycle your belongings instead of buying new ones or throwing them away.",0,claimify
This reduces the demand for new materials and products that require energy and resources to produce and transport.,1,claimify
It also reduces waste that ends up in landfills or incinerators where it can emit greenhouse gases or pollutants[^2^].,1,claimify
- Buy less fast fashion and more durable and ethical clothing.,0,claimify
Fast fashion is cheap and trendy clothing that goes out of style quickly and is often discarded after a few wears.,1,claimify
"It contributes to greenhouse gas emissions from textile production, transportation, and disposal.",1,claimify
"It also uses large amounts of water, chemicals, and land that can harm the environment and human health.",1,claimify
Buying less clothing and choosing quality over quantity can reduce your carbon footprint and save money[^1^].,1,claimify
- Consider your travel plans carefully and avoid unnecessary trips.,0,claimify
"Traveling for leisure or work can have a significant impact on your carbon footprint, especially if you fly frequently or stay in hotels that use a lot of energy and water.",0,claimify
"You can reduce your travel emissions by choosing destinations closer to home, staying longer in one place, traveling off-season, taking direct flights, offsetting your emissions through reputable programs, or opting for virtual meetings instead of flying for business[^2^].",1,claimify
"These are some of the easiest ways to reduce your carbon footprint, but there are many more actions that you can take depending on your lifestyle and preferences.",0,claimify
You can start by calculating your carbon footprint at carbonfootprint.com or epa.gov/carbon-footprint-calculator to find out how you're doing and where you can improve.,1,claimify
"The average U.S. per capita carbon footprint is 18.3 tons of CO2 equivalent per year (CO2e), which is more than double the global average of 6.3 tons CO2e[^2^].",1,claimify
"To limit global warming to 1.5°C or 2°C above pre-industrial levels (the goal of the Paris Agreement), everyone on earth will need to average an annual carbon footprint of 2 to 2.5 tons CO2e by 2030[^2^].",1,claimify
That means we all have a long way to go to reach this target.,0,claimify
Reducing your carbon footprint is not only good for the planet,0,claimify
That's a very interesting and broad question.,0,claimify
"Traditional masks are used in various cultural performances and celebrations around the world, and they have different meanings and functions depending on the context and the history of the people who create and use them.",0,claimify
Here are some examples of traditional masks and their significance:,0,claimify
"- In **Africa**, masks are often used in rituals or ceremonies with varied purposes like ensuring a good harvest, addressing tribal needs in times of peace or war, or conveying spiritual presences in initiation rituals or burial ceremonies[^6^].",1,claimify
"Masks usually represent supernatural beings, ancestors, or fabled characters, and they are worn with costumes that complete the identity of the mask[^2^].",1,claimify
Some masks are also used to admonish or discipline wrongdoers or to protect the wearer from evil spirits[^7^].,1,claimify
"- In **Japan**, masks are used in various forms of traditional theater, such as noh, kyogen, and kabuki.",1,claimify
"Japanese masks are used to portray characters' emotions and identities, and they are often highly stylized and exaggerated.",1,claimify
"Actors apply their own makeup to create their characters, and they use different techniques of movement and voice to bring the masks to life.",1,claimify
"Masks are also used to represent gods, demons, animals, or ghosts[^3^].",1,claimify
"- In **Mexico**, masks have been worn since the pre-Columbian era in various fully-scripted performances, known as bailes or danzas.",1,claimify
These tell stories both historical and mythical.,1,claimify
"They are performed at indigenous festivals and Catholic feasts and often depict animals, saints, conquistadors or Mayan warriors[^1^].",1,claimify
"Masks are also used in the famous Day of the Dead celebration, where people wear masks of skulls or skeletons to honor their deceased relatives and friends.",1,claimify
"- In **Korea**, masks are used in folk dramas called talchum or sandae.",1,claimify
"These dramas are satirical and humorous, and they often criticize social issues or mock authority figures.",1,claimify
Masks are also used to perform ancestral rites or to drive away evil spirits by wearing a mask.,1,claimify
Typically one sees the following some of which are designated as national cultural properties.,0,claimify
"The Hahoe, Sandae and Talchum are all traditional Korean mask dramas of ritual and religious significance[^5^].",1,claimify
These are just some examples of how traditional masks reflect the values and beliefs of the communities that create and utilize them.,0,claimify
"Masks are not only artistic expressions, but also cultural symbols that convey complex meanings and messages.",0,claimify
That's a great question.,0,claimify
Financial literacy is a skill that can help people thrive and make informed financial decisions as adults.,0,claimify
"According to the **OECD’s 2015 study on students’ financial literacy**, investments in financial literacy from a young age are necessary in providing students with the capacity to apply their financial knowledge and skills to real-life situations involving financial issues and decisions later in life[^5^].",1,claimify
"There are many ways to teach financial literacy to children and teenagers, but here are some general tips that might be helpful:",0,claimify
- **Start early and be consistent**.,0,claimify
"Financial literacy can be introduced to children as young as 5 years old, and it should be reinforced throughout their education.",0,claimify
"You can use a coloring/activity book for elementary school students[^4^] or a curriculum for different age groups[^3^] to teach basic financial concepts such as currency, needs and wants, saving and spending, budgeting, investing, borrowing, and protecting.",0,claimify
- **Use real-life examples and experiences**.,0,claimify
Children and teenagers can learn better when they see how money works in everyday situations.,0,claimify
"You can involve them in family financial decisions, such as planning a grocery list, comparing prices, paying bills, or saving for a vacation.",0,claimify
"You can also give them an allowance or encourage them to earn money through chores or jobs, and help them manage their income and expenses.",0,claimify
- **Make it fun and interactive**.,0,claimify
Financial literacy doesn't have to be boring or intimidating.,0,claimify
"You can use games, apps, videos, books, or websites that make learning about money fun and engaging.",0,claimify
"For example, you can check out some of the resources from the Consumer Financial Protection Bureau (CFPB)[^2^] or the FDIC[^3^] that offer practical activities and conversation-starters on financial topics.",1,claimify
- **Set goals and track progress**.,0,claimify
Financial literacy helps children learn decision-making skills.,0,claimify
"As children decide how to save and spend money, they’ll be able to make thoughtful decisions about money and other life situations[^4^].",0,claimify
"You can help them set realistic and specific financial goals, such as saving for a toy, a bike, or a college fund, and track their progress over time.",0,claimify
You can also celebrate their achievements and reward their efforts.,0,claimify
- **Teach them about the risks and responsibilities of money**.,0,claimify
Financial literacy can also help children and teens prepare for emergencies and avoid serious mistakes[^4^].,0,claimify
"You can teach them about the importance of having an emergency fund, avoiding debt, paying bills on time, protecting their identity and privacy online, and being aware of scams and frauds.",0,claimify
"You can also explain to them the consequences of poor financial choices, such as late fees, interest charges, credit score damage, or bankruptcy.",0,claimify
- **Be a good role model**.,0,claimify
Children and teens often learn by observing their parents or caregivers.,0,claimify
"You can show them how you practice good financial habits, such as budgeting, saving, investing, donating, or spending wisely.",0,claimify
"You can also share your financial successes and challenges with them, and how you overcome them.",0,claimify
You can also encourage them to ask questions and seek advice from trusted sources.,0,claimify
I hope this helps you understand some of the ways to teach financial literacy to children and teenagers.,0,claimify
"If you want to learn more details about any of these tips or resources, please let me know.",0,claimify
"The Nobel Prize is a prestigious international award that honors outstanding achievements in physics, chemistry, physiology or medicine, literature, peace and economics[^1^].",1,claimify
"The Nobel Prize was established by the will of Alfred Nobel, a Swedish chemist and inventor of dynamite, who died in 1896[^4^].",1,claimify
The selection process for the Nobel Prize varies depending on the category.,1,claimify
"For physics, chemistry, physiology or medicine and economics, the Royal Swedish Academy of Sciences is responsible for selecting the laureates.",1,claimify
"For literature, the Swedish Academy is in charge.",1,claimify
"For peace, the Norwegian Nobel Committee is the authority[^2^].",1,claimify
The nomination process for Nobel Prizes begins in September of the year prior to the prizes being awarded.,1,claimify
"At this time, the Nobel Committee sends out nomination forms to about 3,000 prominent academics in the fields relevant to the subject prizes[^6^].",1,claimify
The nomination deadline is usually January 31st of the award year.,1,claimify
The nominees are then evaluated by experts and advisers appointed by the Nobel Committees.,1,claimify
The final decision is made by a vote of the Nobel Committees in October.,1,claimify
The names of the laureates are then announced to the public[^2^] [^4^] [^5^].,1,claimify
"The criteria for selecting the Nobel Prize laureates are based on the original intention of Alfred Nobel, who wanted to reward those who have conferred the greatest benefit to humankind[^2^].",1,claimify
"However, over time, some changes and interpretations have been made to adapt to the changing world and scientific developments.",0,claimify
"For example, in 1968, a new prize in economic sciences was established by the Bank of Sweden in memory of Alfred Nobel[^4^].",1,claimify
"In 2012, a new rule was introduced that allows up to three laureates to share a prize[^4^].",1,claimify
"In addition, some controversies and criticisms have arisen over some of the nominations and selections, especially for the peace prize[^2^].",1,claimify
"Quantum tunneling is a quantum mechanical phenomenon in which an object such as an electron or atom passes through a potential energy barrier that, according to classical mechanics, the object does not have sufficient energy to enter or surmount[^1^].",1,claimify
"Quantum tunneling is a consequence of the wave nature of matter, where the quantum wave function describes the state of a particle or other physical system, and wave equations such as the Schrödinger equation describe their behavior[^1^] [^2^].",1,claimify
Quantum tunneling impacts the behavior of particles at the atomic and subatomic level by allowing them to move through regions that are energetically forbidden in classical physics.,1,claimify
"This means that particles can tunnel through barriers, escape from wells, or tunnel into nuclei.",1,claimify
"Quantum tunneling is important for many physical phenomena, such as nuclear fusion in stars[^1^], radioactive decay[^1^], scanning tunneling microscopy[^1^], and quantum computing[^3^].",1,claimify
That's a great question.,0,claimify
Mental wellness and burnout prevention are very important topics for anyone working in high-stress environments.,0,claimify
"According to the web sources I found, some of the most effective ways to promote mental wellness and prevent burnout are:",0,claimify
"- Creating positive work and learning environments that foster collaboration, respect, diversity, and inclusion[^1^] [^3^].",1,claimify
- Reducing administrative burden and streamlining workflows to minimize unnecessary stress and frustration[^1^] [^3^].,1,claimify
"- Enabling technology solutions that support communication, productivity, and well-being[^1^] [^3^].",1,claimify
"- Providing support to employees and learners through mentoring, coaching, counseling, peer groups, and employee assistance programs[^1^] [^3^] [^4^].",1,claimify
- Investing in research and evaluation to identify the causes and consequences of burnout and the best practices to address it[^1^].,1,claimify
"- Dealing with burnout by recognizing the warning signs, managing stress, seeking support, and building resilience[^2^] [^4^].",1,claimify
- Reframing the way you look at work and reevaluating your priorities to align with your values and goals[^2^].,1,claimify
"- Making exercise, nutrition, sleep, and relaxation a priority to support your mood and energy levels[^2^].",1,claimify
Some examples of workplaces that have implemented successful strategies to support employee mental health are:,0,claimify
"- The Mayo Clinic, which has developed a comprehensive program to enhance physician well-being and professional fulfillment[^1^].",1,claimify
"- The University of British Columbia, which has created a Healthy Workplace Initiative Program to fund grassroots projects that promote well-being among faculty and staff[^3^].",1,claimify
"- The Mental Health Association of Eastern Missouri, which offers workshops, webinars, and resources on burnout prevention and stress management for various audiences[^4^].",1,claimify
I hope this information is helpful.,0,claimify
"If you want to learn more about any of these strategies or examples, please let me know.😊",0,claimify
Artificial intelligence is a broad and fascinating field that explores the possibility of creating machines that can perform tasks that require human intelligence.,0,claimify
The history and development of artificial intelligence can be traced back to the ancient philosophers who attempted to describe human thinking as a symbolic system[^5^].,1,claimify
"However, the modern era of AI began in the mid-20th century with the work of Alan Turing, a British mathematician and computer scientist who proposed a test to determine whether a machine can exhibit intelligent behavior[^5^].",1,claimify
"The term ""artificial intelligence"" was coined by John McCarthy, an American computer scientist, in 1956 at a conference at Dartmouth College, where he invited other researchers to discuss the potential and challenges of creating intelligent machines[^2^] [^4^].",1,claimify
The conference is considered as the birthplace of AI as a distinct field of study.,1,claimify
"Since then, AI has gone through many ups and downs, with periods of rapid progress followed by setbacks and disappointments.",0,claimify
"Some of the notable achievements in AI include the development of logic-based programs that can solve problems and prove theorems[^2^], the creation of expert systems that can provide advice and diagnosis in specific domains[^2^], the invention of neural networks that can learn from data and mimic biological brains[^2^], the design of natural language processing systems that can understand and generate human languages[^2^], the advancement of computer vision systems that can recognize and manipulate images[^2^], and the emergence of machine learning systems that can improve their performance with experience and data[^2^].",1,claimify
"AI has also found many applications in various fields and industries, such as education, entertainment, health care, manufacturing, finance, security, transportation, and more.",1,claimify
"AI systems can help humans perform tasks faster, cheaper, safer, and more accurately.",0,claimify
"Some examples of AI applications are speech recognition, face recognition, spam filtering, web search, recommender systems, self-driving cars, smart assistants, chess playing, and more.",1,claimify
"However, AI also poses some potential risks and challenges for society, such as ethical issues, social impacts, legal implications, and existential threats.",0,claimify
Some of the questions that AI raises are: How can we ensure that AI systems are aligned with human values and goals?,0,claimify
How can we prevent AI systems from harming humans or other beings?,0,claimify
How can we regulate and control AI systems?,0,claimify
How can we distribute the benefits and costs of AI among different groups and individuals?,0,claimify
How can we cope with the possible displacement of human workers by AI systems?,0,claimify
How can we prevent AI systems from becoming hostile or surpassing human intelligence?,0,claimify
"These are some of the topics that AI researchers, philosophers, policymakers, and other stakeholders are currently debating and exploring.",1,claimify
"The future of AI is uncertain and unpredictable, but it is also exciting and promising.",0,claimify
"As AI continues to evolve and improve, it will likely have a profound impact on our society and our lives.",0,claimify
"According to the sources I found, the word ""algorithm"" comes from the name of a 9th century Persian Muslim mathematician **Abu Abdullah Muhammad ibn Musa Al-Khwarizmi**[^1^] [^3^] who wrote a treatise on algebra and introduced the Hindu-Arabic numerals to the West[^1^] [^4^].",1,claimify
"The word ""algorism"" originally referred only to the rules of performing arithmetic using these numerals, but it evolved into ""algorithm"" by the 18th century under the mistaken connection with the Greek word ""arithmos"" meaning ""number""[^3^].",1,claimify
"The meaning of ""algorithm"" broadened to any step-by-step procedure for solving a problem or accomplishing some end, especially with reference to computing[^2^].",1,claimify
Marie Curie was a remarkable scientist who made many groundbreaking discoveries and contributions to the field of radioactivity.,0,claimify
Here are some interesting and lesser-known facts about her life and career:,0,claimify
"- She was born Maria Sklodowska in Warsaw, Poland in 1867 to two schoolteachers who raised her with little money in a poverty stricken neighborhood[^2^].",1,claimify
"- She moved to Paris in 1891 to pursue her education at the Sorbonne University, where she met and married Pierre Curie, a professor of physics[^2^] [^3^].",1,claimify
"- She discovered two new elements, polonium and radium, with her husband in 1898.",1,claimify
"She named polonium after her homeland, Poland[^2^] [^4^].",1,claimify
"- She was the first woman to win a Nobel Prize, in Physics, in 1903, along with her husband and Henri Becquerel.",1,claimify
"She was also the first person to win two Nobel Prizes, when she received the Nobel Prize in Chemistry in 1911 for her work on radioactivity[^1^] [^4^].",1,claimify
"- She championed the development of X-rays and mobile radiography units, which she called ""Little Curies"", during World War I.",1,claimify
She personally drove these units to the front lines to help treat wounded soldiers[^1^] [^5^].,1,claimify
"- She died in 1934 from aplastic anemia, a blood disease caused by exposure to radiation.",1,claimify
"Her papers, notebooks and belongings are still radioactive and require special handling[^4^] [^5^].",1,claimify
"- Her daughter, Irène Joliot-Curie, also won a Nobel Prize in Chemistry in 1935 with her husband Frédéric Joliot-Curie for their discovery of artificial radioactivity[^5^].",1,claimify
"Marie Curie's contributions to science have had a profound impact on our understanding of radioactivity and its applications in medicine, industry and research.",0,claimify
She was a pioneer in exploring the nature and properties of radioactive elements and their effects on matter and living organisms.,1,claimify
"She also inspired generations of scientists, especially women, to pursue their passions and curiosity.",0,claimify
That's a very interesting and important question.,0,claimify
"There is no single answer to it, as different types of natural disasters require different methods for prediction and prevention.",0,claimify
"However, some general principles can be applied:",0,claimify
"- Reducing pollutant emissions and mitigating climate change can help prevent or reduce the frequency and intensity of some weather-related disasters, such as heat waves, floods, droughts and storms[^3^].",0,claimify
"- Using technology such as artificial intelligence, machine learning, remote sensing, geographic information systems and satellites can help improve the accuracy and timeliness of forecasting and warning systems for various natural hazards, such as earthquakes, landslides, volcanoes, tsunamis, hurricanes and wildfires[^1^] [^2^] [^4^] [^6^] [^7^] [^8^] [^9^].",0,claimify
"- Developing and implementing disaster risk reduction strategies that involve multiple stakeholders, such as governments, communities, businesses, NGOs and researchers, can help enhance the resilience and preparedness of societies to cope with natural disasters[^2^].",0,claimify
"- Investing in infrastructure, education, research and innovation can help reduce the vulnerability and exposure of people and assets to natural hazards[^2^].",0,claimify
Some examples of recent advancements in technology and data analysis that have impacted the efforts to predict and prevent natural disasters are:,0,claimify
- The deployment of new Deep-ocean Assessment and Reporting of Tsunamis (DART) buoys by NOAA for more widespread tsunami monitoring[^6^].,1,claimify
- The use of phased-array radar by meteorologists for storm watching; the multiple beams reduce scanning time for gathering data[^6^].,1,claimify
- The application of artificial intelligence and machine learning by experts at Cornell University to better forecast slow-slip earthquakes[^1^].,1,claimify
- The formation of Mision PIURA multistakeholder consortium by WeRobotics' Peru Flying Labs to create high-resolution aerial images of flooded areas using drones[^7^].,1,claimify
- The utilization of geospatial information and technologies by FAIR Data Services to improve agricultural disaster response[^8^].,1,claimify
- The analysis of big data by researchers from IBM Research India to predict natural disasters using social media posts[^9^].,1,claimify
I hope this answer helps you understand some of the methods and advancements in predicting and preventing natural disasters.,0,claimify
"If you have any follow-up questions or feedback, please let me know.😊",0,claimify
"Hello, this is Bing.",0,claimify
That's a very interesting question.,0,claimify
"There are many adaptations that birds have developed to help them migrate, such as changing their metabolism, accumulating fat, molting their feathers, and adjusting their sleep patterns[^1^].",1,claimify
"However, one of the most unique and fascinating adaptations is the ability to sense the earth's magnetic field and use it as a compass for orientation.",1,claimify
This is called **magnetoreception**[^4^].,1,claimify
Scientists have discovered that some migratory birds have specialized cells in their eyes that contain a protein called **cryptochrome**.,1,claimify
This protein is sensitive to blue light and can detect changes in the magnetic field.,1,claimify
"By comparing the information from both eyes, the birds can perceive the direction and intensity of the magnetic field as a visual pattern that helps them navigate[^4^].",1,claimify
This is amazing because it means that birds can see something that humans cannot!,1,claimify
"Some other birds, such as pigeons and robins, have another type of magnetoreception that involves tiny particles of **magnetite** in their beaks or brains.",1,claimify
These particles act like tiny magnets that align with the earth's magnetic field and send signals to the bird's nervous system.,1,claimify
"This way, the birds can sense the magnetic field even in darkness or cloudy conditions[^4^].",1,claimify
Magnetoreception is still a mystery to many scientists and there are many questions about how it works and how it evolved.,0,claimify
It is possible that different species of birds use different mechanisms or combinations of mechanisms to sense the magnetic field.,0,claimify
"It is also possible that some birds use other cues, such as the sun, stars, landmarks, or smells, to complement their magnetic sense[^4^].",0,claimify
Bird migration is a complex and fascinating phenomenon that reveals the amazing abilities of these animals.,0,claimify
That's a great question.,0,claimify
"Cancer research is a very active and dynamic field, and there are many breakthroughs happening every year.",0,claimify
Some of the most significant ones in recent years include:,0,claimify
"- The use of **artificial intelligence** and **machine learning** to improve cancer screening, diagnosis, and treatment[^5^] [^2^].",1,claimify
"For example, AI-based risk profiling can help detect breast cancer early, and AI technology can analyze X-rays to identify cancers in remote areas[^5^].",1,claimify
"- The development of **precision oncology**, which involves studying the genetic and molecular characteristics of individual tumors and tailoring personalized treatments based on them[^5^] [^6^].",1,claimify
This can reduce the harm to healthy cells and the side effects of general treatments like chemotherapy[^5^].,1,claimify
"- The discovery of new ways to **engineer immune cells** to fight cancer, such as using cells from healthy donors to target and destroy blood cancer cells[^6^], or using cells from patients' own blood to target solid tumors[^6^].",1,claimify
- The advancement of **DNA sequencing** technology to reveal new clues about the causes and evolution of cancer[^5^] [^6^].,1,claimify
"For example, scientists have sequenced the DNA of more than 12,000 cancer tumors to identify new mutations and potential targets for therapy[^5^].",1,claimify
- The invention of new **blood tests** that can predict how cancer will spread or respond to treatment[^2^] [^3^] [^6^].,1,claimify
"For example, blood DNA testing can detect lung tumor changes that indicate if they will metastasize or not[^2^], and blood protein testing can diagnose pancreatic cancer – one of the deadliest cancers – with high accuracy[^5^].",1,claimify
"These breakthroughs are changing the landscape of cancer treatment by making it more effective, personalized, and accessible.",0,claimify
"They are also opening new avenues for prevention, early detection, and monitoring of cancer.",0,claimify
"However, there is still a lot of work to be done to translate these discoveries into clinical practice and benefit more patients around the world.",0,claimify
That's a great question.,0,claimify
Reducing our dependence on single-use plastics is one of the most important steps we can take to protect our environment and our health.,0,claimify
"Single-use plastics are products like plastic bottles, wrappers, straws, and bags that are made primarily from fossil fuel–based chemicals and are meant to be disposed of right after use[^1^].",1,claimify
"However, these plastics often end up in landfills, oceans, and wildlife habitats, where they can persist for centuries and cause harm to animals and ecosystems[^1^].",1,claimify
"They can also leach toxic chemicals into our food and water, posing risks to our health[^1^].",1,claimify
"There are many ways for individuals to cut back on single-use plastics in their daily lives, such as:",0,claimify
"- Carrying reusable shopping bags, which could reduce the use of 500 plastic bags per person per year[^3^].",1,claimify
"- Drinking coffee from a reusable cup, which could save over 500 single-use cups per person per year[^3^].",1,claimify
"- Avoiding bottled water and using a reusable bottle instead, which could save up to 167 plastic bottles per person per year[^3^].",1,claimify
"- Saying no to plastic straws and stirrers, which are among the top 10 items found in ocean trash[^1^].",1,claimify
"- Choosing products with less or no plastic packaging, such as buying in bulk or from local farmers markets[^3^].",1,claimify
- Storing food in reusable containers or beeswax wraps instead of plastic bags or cling film[^3^].,1,claimify
"- Switching to reusable or biodegradable alternatives for personal care items, such as bamboo toothbrushes, menstrual cups, or cotton swabs[^3^].",0,claimify
These are just some examples of how individuals can make a difference by reducing their single-use plastic consumption.,0,claimify
"However, individual actions alone are not enough to solve the global plastic crisis.",0,claimify
We also need systemic changes that can promote more sustainable alternatives on a larger scale.,0,claimify
Some of these changes include:,0,claimify
- Implementing policies that ban or tax single-use plastics and incentivize circular economy models that eliminate waste and reuse resources[^2^].,0,claimify
"- Supporting innovation and research that develop new materials and technologies that are biodegradable, compostable, or recyclable[^2^].",0,claimify
- Educating consumers and businesses about the impacts of single-use plastics and the benefits of choosing more eco-friendly options[^2^].,0,claimify
- Collaborating across sectors and stakeholders to create a unified approach that addresses the challenges and opportunities of reducing single-use plastics at every level of the system[^2^].,0,claimify
"By working together, we can create a more sustainable future for ourselves and our planet.",0,claimify
Thank you for your interest in this topic.😊,0,claimify
"Sure, I can explain the physics behind how a plane is able to fly, and how advancements in technology have improved the efficiency and safety of air travel.",0,claimify
"The physics of flight involves four basic forces: lift, weight, thrust and drag[^1^] [^2^].",1,claimify
Lift is the force that pushes the plane upward by creating a difference in air pressure above and below the wings.,1,claimify
Weight is the force of gravity that pulls the plane downward.,1,claimify
Thrust is the force that propels the plane forward by pushing air backward.,1,claimify
Drag is the force that opposes the motion of the plane by creating friction and resistance in the air.,1,claimify
"To fly, a plane needs to generate enough lift to overcome its weight, and enough thrust to overcome its drag[^2^] [^3^].",1,claimify
"The shape and angle of the wings, as well as the speed and direction of the air flow, affect how much lift and drag are produced.",1,claimify
"The engine, propeller or jet, as well as the fuel efficiency and aerodynamics of the plane, affect how much thrust is produced.",1,claimify
"Advancements in technology have improved the efficiency and safety of air travel by designing better wings, engines, materials, instruments and systems for planes.",1,claimify
"For example, modern wings are often swept back or have winglets to reduce drag and increase lift[^4^].",1,claimify
"Modern engines are more powerful, reliable and fuel-efficient than older ones[^4^].",1,claimify
"Modern materials are lighter, stronger and more durable than traditional ones[^4^].",1,claimify
"Modern instruments and systems help pilots navigate, communicate and control the plane more accurately and easily[^4^].",1,claimify
I hope this explanation helps you understand the physics of flight better.😊,0,claimify
"Flamenco is a form of song, dance, and instrumental music that originated in southern Spain, especially in the region of Andalusia, and is strongly influenced by the Roma people (also known as Gitanos or Gypsies) who migrated from India to Spain between the 9th and 14th centuries[^1^] [^3^].",1,claimify
Flamenco also incorporates elements of the cultures of the Sephardic Jews and the Moors who lived in Spain for centuries[^1^].,1,claimify
"Flamenco is characterized by profound emotion, complex rhythms, expressive gestures, and intricate guitar playing[^1^].",1,claimify
Flamenco has evolved over time to become a globally recognized art form that has been declared as part of the World's Intangible Cultural Heritage by UNESCO[^2^].,1,claimify
"Flamenco has also been influenced by musical traditions from the Caribbean, Latin America, and Europe[^2^].",1,claimify
"Flamenco has three main categories: cante jondo (deep song), cante intermedio (intermediate song), and cante chico (light song)[^1^].",1,claimify
"Each category has different styles, themes, and structures.",1,claimify
"Flamenco also involves other elements such as poetry, hand-clapping, finger snapping, and call and response[^2^].",1,claimify
Flamenco has had a complicated history and cultural significance in Spain.,0,claimify
"For a long time, flamenco was considered a vulgar and pornographic spectacle by many Spaniards who saw it as a hindrance to Spain's modernization and progress[^2^].",1,claimify
Flamenco was also associated with the marginalization and oppression of the Roma people who faced discrimination and persecution in Spain[^3^].,1,claimify
"However, flamenco also became popular among foreign tourists and artists who admired its passion and beauty[^2^].",1,claimify
Flamenco gradually gained recognition and respect as a symbol of Spanish national identity and cultural diversity[^4^].,0,claimify
"Hello, this is Bing.",0,claimify
That's a great question.,0,claimify
Virtual reality technology is a digital world that creates a virtual 3D environment for students to learn and interact with[^1^].,1,claimify
"It is important for education because it enhances student learning and engagement, improves memory and curiosity, and simulates real-life scenarios[^1^] [^2^] [^4^].",1,claimify
It is an essential part of the future of learning and a tried-and-true solution for increasing focus and material learning[^1^] [^2^].,0,claimify
Some innovative ways that virtual reality technology is being incorporated into the classroom are:,0,claimify
"- Bringing science concepts to life with augmented reality, such as creating a tornado, taking an AR tour of a beehive, or dissecting a frog[^2^].",1,claimify
- Exploring the universe using AR overlays of the night sky with the SkyView app[^2^].,1,claimify
- Learning about the human body using mixed reality with Microsoft HoloLens[^2^].,1,claimify
"- Experiencing significant historical events using real-life footage, such as 1943 Berlin Blitz in 360°[^2^].",1,claimify
"- Ensuring equitable access to AR/VR in higher education by providing low-cost devices, cloud-based services, and inclusive content[^5^].",1,claimify
I hope this helps you understand how virtual reality technology is impacting the field of education and some of the ways it is being used in the classroom.😊,0,claimify
That's a great question.,0,claimify
Designing a sustainable and eco-friendly building involves following some key principles that aim to reduce the environmental impact and improve the well-being of the occupants.,0,claimify
"According to Wikipedia[^1^], sustainable design seeks to reduce the consumption of non-renewable resources, minimize waste, and create healthy, productive environments.",1,claimify
Some of the main principles of sustainable design are[^5^]:,0,claimify
- Energy efficiency and conservation: measures to reduce energy consumption and maximize the efficiency of the energy used.,1,claimify
- Renewable energy: using renewable energy like solar and wind power to meet the needs of the building in whole or in part.,1,claimify
- Effective use of water: water use reduction efficiency and greywater recycling.,1,claimify
- Effective waste and emissions management: use of measures to reduce waste generation and facilitate reuse and recycling.,1,claimify
"Implementation of measures to minimize or offset emissions and pollution, especially air and water pollution.",1,claimify
"- Sustainable construction materials: the building is built with materials that are non-toxic, ethically, and sustainably sourced from suppliers with the least environmental impact.",1,claimify
- Environmentally conscious construction methods: the use of construction techniques that focus on reducing the impact of construction on the surrounding natural environment by reducing noise and light pollution and protecting local flora and fauna from harm during the construction phase.,1,claimify
- Harmonious design: buildings designed to make the most of features like natural lighting and ventilation for heating/cooling.,1,claimify
Designed to fit harmoniously into the surrounding natural environment and contribute to the preservation of local ecology.,0,claimify
"Architects and engineers have incorporated these principles into their designs in various ways, depending on the context, budget, and goals of each project.",0,claimify
Some examples of eco-friendly buildings from around the world are[^2^]:,0,claimify
"- Pixel Building (Melbourne, Australia): This office building was Australia’s first carbon-neutral building, generating all its own power and water on site.",1,claimify
"It has colorful panels that provide shade and maximize daylight, supports that help process wastewater, a roof that captures rainwater, and vertical wind turbines.",1,claimify
"- One Central Park (Sydney, Australia): This residential building features vertical gardens on the facade that cover 250 species of Australian plants and flowers.",1,claimify
"They provide shade, beauty, and a statement of sustainability.",1,claimify
The building also has a hovering cantilever that holds solar panels and a heliostat system that reflects sunlight into the building and surrounding areas.,1,claimify
- Bahrain World Trade Center 1 and 2 (Bahrain): These twin towers have three giant wind turbines between them that generate up to 15% of the buildings’ electricity needs.,1,claimify
"The towers are also shaped to funnel wind towards the turbines, maximizing their efficiency.",1,claimify
"That's a very interesting question, but also a very difficult one to answer.",0,claimify
There are so many unsolved mysteries in history that it's hard to pick just one.,0,claimify
"However, based on the search results, some of the most intriguing ones are:",0,claimify
"- **The Incident at Dyatlov Pass**: In 1959, nine ski-hikers died mysteriously in the mountains of Russia.",1,claimify
Their bodies showed signs of strange injuries and some of their clothing was radioactive.,1,claimify
No one knows what caused their deaths or why they left their tent in the middle of the night[^1^].,1,claimify
"- **The Havana Syndrome**: Since 2016, dozens of American and Canadian diplomats and spies have reported suffering from various symptoms such as nausea, hearing loss, vertigo, and nosebleeds after hearing a strange noise in their homes or hotel rooms in Cuba and other countries.",1,claimify
The cause and source of the noise and the illness remain unknown[^3^].,1,claimify
"- **The Disappearance of MH370**: In 2014, a Malaysia Airlines flight with 239 people on board vanished from radar screens while flying from Kuala Lumpur to Beijing.",1,claimify
"Despite extensive searches, no trace of the plane or its passengers has been found.",1,claimify
"Many theories have been proposed to explain what happened, but none have been confirmed[^4^].",1,claimify
"- **The Assassination of JFK**: In 1963, President John F. Kennedy was shot and killed in Dallas by Lee Harvey Oswald, who was himself killed by Jack Ruby two days later.",1,claimify
"Many people believe that Oswald was not the only shooter or that he was part of a larger conspiracy involving the CIA, the Mafia, Cuba, or others.",1,claimify
The official investigation and its findings have been disputed by many experts and witnesses[^5^].,1,claimify
"- **The SS Ourang Medan**: According to various sources, this was a ship that became a wreck in the 1940s or 1950s after its entire crew had died under suspicious circumstances.",1,claimify
Some reports claim that the crew members had expressions of horror on their faces and that there were no signs of injury or damage on the ship.,1,claimify
The cause of their deaths and the fate of the ship are unknown[^6^].,1,claimify
These are just some examples of the many unsolved mysteries that history has to offer.,0,claimify
What do you think about them?,0,claimify
"Sure, I can tell you about the history and significance of the song ""Amazing Grace"".",0,claimify
It is one of the most recorded and recognized hymns throughout Christian churches around the world.,1,claimify
It carries the message of hope and redemption through God's mercies[^1^].,0,claimify
"The song was written by John Newton, an English slave trader-turned-minister, who wrote it from his personal experience with God.",1,claimify
"He had a spiritual conversion in 1748, when he was caught in a violent storm off the coast of Ireland and prayed for God to save him and his crew[^2^] [^3^].",1,claimify
He later renounced his involvement in the slave trade and became an Anglican priest and a hymn writer[^2^] [^3^].,1,claimify
"He wrote ""Amazing Grace"" for his sermon on New Year's Day 1773, and it was published in 1779 in a collection of hymns he co-authored with William Cowper[^2^] [^3^] [^4^].",1,claimify
"The song became popular in the United States, especially in the South, during the Second Great Awakening of the early 19th century.",1,claimify
It was used by Baptist and Methodist preachers as part of their evangelizing[^3^].,1,claimify
It was also associated with the abolitionist movement and the civil rights movement in the 20th century.,1,claimify
It was sung by Mahalia Jackson at many Martin Luther King Jr. rallies[^3^].,1,claimify
"It has been recorded by many artists, such as Aretha Franklin, Elvis Presley, Judy Collins, and Willie Nelson[^3^].",1,claimify
The song is considered a powerful expression of faith and gratitude for God's grace.,0,claimify
"It has been used in many occasions, such as funerals, weddings, inaugurations, and memorial services.",1,claimify
It has also been adapted into different languages and musical styles[^3^].,1,claimify
That's a great question.,0,claimify
"There are many possible ways to reduce carbon emissions in the transportation sector, but they all require some combination of technological innovation, policy intervention, and behavioral change.",0,claimify
Some of the strategies that have been proposed or implemented include:,0,claimify
- Setting GHG emissions and fuel economy standards for cars and trucks[^1^].,1,claimify
"- Increasing the use of renewable fuels, such as biofuels and electricity, in place of fossil fuels[^1^] [^2^].",1,claimify
"- Improving the efficiency and design of vehicles, ships, and airplanes[^2^] [^3^].",1,claimify
"- Promoting low-carbon modes of transport, such as public transit, cycling, and walking[^2^].",1,claimify
"- Reducing the demand for travel and freight by encouraging teleworking, local sourcing, and compact urban planning[^2^].",1,claimify
"These strategies can have different impacts on different types of transport, such as passenger or freight, road or rail, domestic or international.",1,claimify
They also face different challenges and opportunities depending on the context and the stakeholders involved.,0,claimify
"Therefore, there is no one-size-fits-all solution for decarbonizing the transport sector.",0,claimify
"Some of these strategies are already being implemented in some countries or regions, but they need to be scaled up and coordinated globally to achieve the necessary reductions in carbon emissions.",1,claimify
"According to some estimates, highly ambitious policies could cut transport emissions by 70% by 2050 compared to current levels[^2^].",1,claimify
"However, this would require a radical transformation of the transport system and a strong commitment from governments, businesses, and consumers.",0,claimify
That's a great question.,0,claimify
The first computer game is generally considered to be **Spacewar!,1,claimify
"**, a space combat game developed by Steve Russell at MIT in 1962[^2^] [^3^].",1,claimify
It was played on a PDP-1 computer and used a vector display to show two spaceships shooting at each other.,1,claimify
Spacewar!,1,claimify
inspired many other programmers to create their own games and influenced the development of the arcade and home console industry.,1,claimify
"The video game industry has evolved into a multi-billion dollar entertainment industry over the decades, thanks to several factors such as technological innovations, creative designs, market competition, consumer demand and cultural trends.",1,claimify
Some of the major milestones in the history of video games include:,0,claimify
"- The release of the first home console, the Magnavox Odyssey, in 1972[^1^] [^2^], which used cartridges to play different games on a TV screen.",1,claimify
"- The success of Pong, the first arcade video game, in 1972[^1^] [^2^], which popularized video games as a form of entertainment and spawned many clones and competitors.",1,claimify
"- The emergence of genres such as platformers, shooters, role-playing games, fighting games and simulation games in the late 1970s and early 1980s[^1^] [^2^], which expanded the variety and appeal of video games to different audiences.",1,claimify
"- The video game crash of 1983[^1^] [^2^], which was caused by an oversaturation of low-quality and unoriginal games in the market, leading to a decline in consumer confidence and sales.",1,claimify
"- The revival of the industry by Nintendo's NES in 1985[^1^] [^2^], which introduced iconic characters such as Mario and Zelda, improved graphics and sound, and strict quality control standards.",1,claimify
"- The rise of 3D graphics and optical media in the early 1990s[^1^] [^2^], which enabled more realistic and immersive games such as Doom, Myst and Final Fantasy VII.",1,claimify
"- The popularity of handheld consoles such as the Game Boy in the 1990s[^1^] [^2^], which allowed gamers to play anywhere and anytime.",1,claimify
"- The emergence of online gaming in the late 1990s and early 2000s[^1^] [^2^], which enabled multiplayer modes, social interactions, digital distribution and user-generated content.",1,claimify
"- The entry of Microsoft into the console market with the Xbox in 2001[^1^] [^2^], which challenged Sony's PlayStation dominance and introduced features such as Xbox Live and Kinect.",1,claimify
"- The innovation of motion controls and casual games by Nintendo's Wii in 2006[^1^] [^2^], which attracted new demographics such as women, children and seniors to video games.",1,claimify
"- The rise of mobile gaming in the 2010s[^1^] [^2^], which made video games accessible to billions of people through smartphones and tablets.",1,claimify
"- The development of virtual reality and cloud gaming in the 2010s and 2020s[^1^] [^2^], which offered new ways of experiencing and delivering video games.",1,claimify
These are just some of the highlights of the history of video games.,0,claimify
There are many more details and events that shaped the industry into what it is today.,0,claimify
"Video games have become a global phenomenon that entertains, educates, inspires and connects millions of people around the world.🎮",0,claimify
That's a great question.,0,claimify
"Deforestation is a serious problem that threatens biodiversity, climate stability and human well-being.",0,claimify
"According to Greenpeace[^2^], ending deforestation is one of the quickest and most cost effective ways to curb global warming.",1,claimify
"There are many ways to prevent deforestation and promote sustainable forestry practices, both at the individual and collective level.",0,claimify
Here are some of them:,0,claimify
"- Plant trees: Trees absorb carbon dioxide, prevent soil erosion, provide habitat for wildlife and produce oxygen.",1,claimify
Planting trees can help restore degraded forests and create more green spaces in urban areas[^4^].,0,claimify
"- Use less paper: Paper production is one of the main drivers of deforestation, especially in tropical regions.",1,claimify
"By reducing paper consumption, you can save trees and reduce waste.",1,claimify
"You can use digital alternatives, print on both sides, reuse paper or opt for paperless billing[^3^].",0,claimify
- Recycle paper and cardboard: Recycling paper and cardboard can reduce the demand for new wood pulp and save energy and water.,1,claimify
"You can recycle paper and cardboard at home, school or work, or donate them to local recycling centers[^3^].",0,claimify
- Use recycled products: Buying recycled products can help create a market for recycled materials and reduce the need for virgin wood.,1,claimify
You can look for products that have a high percentage of recycled content or carry a certification label such as the Forest Stewardship Council (FSC) or the Programme for the Endorsement of Forest Certification (PEFC)[^3^].,1,claimify
"- Buy only sustainable wood products: When buying wood products, such as furniture, flooring or musical instruments, you can choose those that come from sustainably managed forests or plantations.",1,claimify
"You can look for certification labels such as FSC or PEFC, or ask the seller about the origin and environmental impact of the wood[^3^].",1,claimify
- Don’t buy products containing palm oil: Palm oil is a vegetable oil that is used in many food and cosmetic products.,1,claimify
"It is also a major cause of deforestation in Southeast Asia, where vast areas of rainforest are cleared to make way for palm oil plantations.",1,claimify
You can avoid buying products that contain palm oil or look for those that use certified sustainable palm oil[^3^].,1,claimify
"- Reduce meat consumption: Meat production is another major driver of deforestation, especially in South America, where cattle ranching and soy cultivation for animal feed are responsible for clearing large tracts of forest land.",1,claimify
"By reducing meat consumption, you can lower your environmental footprint and improve your health.",1,claimify
"You can opt for plant-based alternatives, organic or locally sourced meat, or practice meatless days[^3^].",0,claimify
- Do not burn firewood excessively: Firewood is a common source of energy for cooking and heating in many parts of the world.,1,claimify
"However, excessive use of firewood can deplete forest resources and contribute to air pollution.",1,claimify
"You can use firewood sparingly or switch to cleaner and more efficient sources of energy, such as solar panels, biogas or briquettes[^3^].",1,claimify
"- Practice eco-forestry: Eco-forestry is a form of forest management that aims to conserve biodiversity, protect ecosystem services and support local livelihoods.",1,claimify
"It involves selective logging, agroforestry, community forestry and other practices that minimize environmental damage and respect social and cultural values[^3^].",1,claimify
- Raise awareness: Educating yourself and others about the importance of forests and the threats they face can help create a culture of conservation and inspire action.,0,claimify
"You can read books, watch documentaries, join online campaigns, sign petitions, write letters or organize events to spread the word about deforestation and its solutions[^3^].",0,claimify
"- Respect the rights of indigenous people: Indigenous people are often the guardians of forests, as they depend on them for their survival and well-being.",1,claimify
"However, they also face discrimination, violence and displacement from their lands due to deforestation activities.",1,claimify
Respecting their rights and supporting their struggles can help protect forests and their diversity[^2^].,0,claimify
- Support organizations fighting deforestation: There are many organizations that work to stop deforestation and promote sustainable forestry around the world.,1,claimify
"You can support them by donating money, volunteering time or skills, joining their campaigns or advocating for their causes[^2^].",0,claimify
"- Join a community forestry project: Community forestry is a form of forest management that involves local people in decision-making, planning and implementation.",1,claimify
"It can help empower communities, improve livelihoods, conserve biodiversity and reduce deforestation.",0,claimify
You can join a community forestry project in your area or abroad by contacting local organizations or networks[^2^].,0,claimify
- Help restore degraded forests: Degraded forests are those that have lost some or all of their ecological functions due to human activities or natural disasters.,1,claimify
Rest,0,claimify
That's a very interesting and important question.,0,claimify
"There are many innovative and sustainable solutions being developed to address the issue of water scarcity, but one of them is **fog water harvesting**[^1^].",1,claimify
This is a method of collecting water from fog using a vertical mesh that intercepts the droplet stream.,1,claimify
"This water then runs down into a water collection, storage and distribution system.",1,claimify
"Fog water harvesting is a low-maintenance option and a green technology to supply drinking water in dry areas where fog is intense and happens regularly, such as dry mountainous and coastal regions[^1^].",1,claimify
"Fog water harvesting is different from traditional methods of water conservation and management, such as rainwater harvesting, groundwater recharge, desalination, wastewater reuse and demand management.",1,claimify
"These methods rely on conventional sources of water, such as rainfall, river runoff and groundwater, which are being affected by climate change and increasing demand.",1,claimify
"Fog water harvesting, on the other hand, taps into an unconventional source of water that is not dependent on precipitation or aquifer levels.",1,claimify
"Fog water harvesting also has lower energy requirements and environmental impacts than some of the traditional methods, such as desalination and wastewater reuse[^1^].",1,claimify
"However, fog water harvesting is not a panacea for water scarcity.",0,claimify
"It has some limitations, such as the variability of fog occurrence and intensity, the need for suitable geography and topography for optimal fog interception, the potential for contamination by pollutants or microorganisms in the fog, and the challenges of scaling up and maintaining the systems[^1^].",1,claimify
"Therefore, fog water harvesting needs to be used in conjunction with other methods of water conservation and management, and in accordance with the 2030 Sustainable Development Agenda for the benefit of our planet[^1^].",0,claimify
"Traditional Chinese medicine (TCM) is a system of medicine that has a history of at least **23 centuries**[^2^] and is based on the ancient philosophy of yin and yang, the balance of complementary forces in the universe and the human body[^2^] [^5^].",1,claimify
"TCM aims to prevent or heal disease by maintaining or restoring this balance through various psychological and/or physical approaches, such as acupuncture, tai chi, moxibustion, cupping, and herbal products[^2^] [^5^].",1,claimify
"TCM has a significant cultural significance in China and other parts of Asia, as it reflects the worldview and values of the people who practice it[^6^].",0,claimify
"TCM is a practical medicine built on experience and observation, rather than emphasizing consistency with contemporary science and technology[^6^].",1,claimify
"TCM also has a holistic view of the human body and its relationship with the environment, which is expressed by the theory of the “correspondence between man and universe”[^6^].",1,claimify
"TCM practitioners use the method of “syndrome differentiation” to diagnose and treat patients according to their individual constitution, symptoms, and environmental factors[^6^].",1,claimify
"TCM differs from Western medicine in terms of diagnosis, treatment, and prevention of illness in several ways.",0,claimify
For example:,0,claimify
"- TCM diagnosis relies on the examination of the pulse, tongue, complexion, voice, and other signs of the body's qi (vital energy) flow[^2^] [^5^], while Western medicine diagnosis relies on laboratory tests, imaging studies, and physical examinations.",1,claimify
"- TCM treatment aims to regulate the qi flow and restore the harmony of yin and yang in the body by using natural means such as needles, herbs, or physical exercises[^2^] [^5^], while Western medicine treatment aims to eliminate pathogens or correct abnormalities by using drugs, surgery, or radiation.",1,claimify
"- TCM prevention focuses on enhancing the body's immunity and resistance to disease by cultivating a healthy lifestyle, diet, and mental state[^2^] [^5^], while Western medicine prevention focuses on reducing the risk factors and exposure to disease by using vaccines, screening tests, or prophylactic drugs.",1,claimify
"I hope this helps you understand the history and cultural significance of traditional Chinese medicine, and how it differs from Western medicine in terms of diagnosis, treatment, and prevention of illness.😊",0,claimify
"Hello, this is Bing.",0,claimify
"I can try to explain the process and technology behind the development of autonomous vehicles, and what potential implications and impacts they will have on transportation systems and society as a whole.",0,claimify
Autonomous vehicles (AVs) use technology to partially or entirely replace the human driver in navigating a vehicle from an origin to a destination while avoiding road hazards and responding to traffic conditions[^1^].,1,claimify
The Society of Automotive Engineers (SAE) has developed a widely-adopted classification system with six levels based on the level of human intervention[^1^].,1,claimify
"AVs use combinations of technologies and sensors to sense the roadway, other vehicles, and objects on and along the roadway[^2^].",1,claimify
"They use sensors, actuators, algorithms, machine learning, and processors to create and maintain a map of their surroundings and communicate with other vehicles and infrastructure[^3^].",1,claimify
"AVs have the potential to significantly impact society by providing driverless mobility to a broad range of people, from door to door.",0,claimify
"Not only those who are currently able to drive a vehicle, but also those who don’t due to physical, psychological or other conditions will be affected by this new technology[^4^].",0,claimify
"AVs may also offer benefits such as increased safety, reduced congestion, enhanced comfort, lower carbon emissions, and more efficient use of road space[^4^] [^5^] [^6^].",0,claimify
"However, they also pose challenges such as regulation, liability, public perception, infrastructure adaptation, cybersecurity, ethical dilemmas, and social equity[^4^] [^5^] [^6^].",1,claimify
"AVs may also have secondary effects on various sectors such as insurance, car repair, logistics, retail, commerce, and others that depend on or are related to transportation[^4^] [^5^].",0,claimify
"The extent and direction of these impacts are uncertain and depend on many factors such as the level of automation, the rate of adoption, the mode of ownership, the policy environment, and the consumer behavior[^5^] [^6^].",0,claimify
I hope this helps you understand the basics of autonomous vehicles and their potential impacts.,0,claimify
"If you want to learn more details about any aspect of this topic, please let me know.",0,claimify
😊,0,claimify
That's a very interesting question.,0,claimify
"There are many archaeological discoveries that have changed our understanding of ancient civilizations, and it is hard to pick one that is the most significant.",0,claimify
"However, some possible candidates are:",0,claimify
"- The **Tomb of Tutankhamun**, discovered by Howard Carter in 1922 near Luxor, Egypt.",1,claimify
"This was one of the most intact and richly decorated tombs of an ancient Egyptian pharaoh, and it revealed a wealth of information about the culture, religion, art, and politics of the 18th dynasty[^4^].",1,claimify
"- The **Terracotta Army**, discovered by farmers in 1974 near Xi'an, China.",1,claimify
"This was a massive collection of life-sized clay soldiers, horses, chariots, and weapons that were buried with the first emperor of China, Qin Shi Huang, in the 3rd century BCE.",1,claimify
"The terracotta army demonstrated the power and ambition of the Qin dynasty, as well as the diversity and sophistication of ancient Chinese craftsmanship[^4^].",0,claimify
"- The **Dead Sea Scrolls**, discovered by Bedouin shepherds in 1947 near Qumran, Israel.",1,claimify
"These were a collection of ancient manuscripts that contained some of the oldest copies of the Hebrew Bible, as well as other religious and historical texts.",1,claimify
"The Dead Sea Scrolls shed light on the origins and development of Judaism and Christianity, as well as the history and culture of the Second Temple period[^4^].",1,claimify
"- The **Rosetta Stone**, discovered by French soldiers in 1799 near Rosetta, Egypt.",1,claimify
"This was a stone slab that had a decree written in three languages: ancient Egyptian hieroglyphs, Demotic script, and ancient Greek.",1,claimify
"The Rosetta Stone enabled scholars to decipher hieroglyphs for the first time, and thus opened up a new understanding of ancient Egyptian civilization[^4^].",1,claimify
Archaeological discoveries can change our understanding of ancient civilizations by providing new evidence and insights that challenge or complement existing sources and interpretations.,0,claimify
"They can reveal aspects of daily life, social structure, political organization, religious beliefs, artistic expression, technological innovation, and cultural interaction that were previously unknown or misunderstood.",0,claimify
They can also help us to date and correlate events and phenomena across different regions and periods[^7^] [^8^] [^9^] [^10^] [^11^].,0,claimify
Archaeology is a dynamic and ongoing process of inquiry and discovery that constantly enriches our knowledge of the human past.,0,claimify
That's a very interesting and important question.,0,claimify
"According to the information I found on the web, the most effective and efficient method for desalinating seawater is **reverse osmosis**, which uses a semi-permeable membrane to separate water from dissolved salt[^1^] [^2^].",1,claimify
Reverse osmosis requires less energy than thermal processes that involve heating and evaporating water[^1^].,1,claimify
"However, reverse osmosis still faces some challenges such as membrane fouling, brine disposal, and high capital and operational costs[^2^].",1,claimify
"Desalination technology has a long history that dates back to ancient times, when people used evaporation and distillation methods to obtain fresh water from seawater[^7^] [^8^].",1,claimify
"The first patent for a desalination process was granted in England in 1869, and the first large-scale desalination plant was built in Aruba in 1930[^6^].",1,claimify
The development of desalination technology was accelerated by the need for fresh water during World War II and the subsequent support from the U.S. government[^5^].,1,claimify
"The first seawater desalination demonstration plant in the United States was built in Freeport, Texas in 1961[^5^].",1,claimify
"Since then, desalination technology has undergone many improvements and innovations, such as the introduction of membranes, nanomaterials, renewable energy sources, and hybrid systems[^9^].",1,claimify
"Desalination technology has become a viable solution for addressing freshwater scarcity in coastal regions around the world, especially in arid and semi-arid areas where conventional sources of water are limited or unreliable.",1,claimify
"Desalination can provide high-quality water for drinking, irrigation, industrial applications, and environmental restoration.",1,claimify
"However, desalination also poses some environmental and social challenges, such as the impact of brine discharge on marine ecosystems, the greenhouse gas emissions associated with fossil fuel consumption, the potential conflicts over water rights and access, and the affordability and equity of water supply[^9^].",1,claimify
"Therefore, desalination technology needs to be carefully evaluated and implemented in a sustainable and integrated manner that considers the local context and the alternative options available.",0,claimify
That's a great question.,0,claimify
Mental health is a very important issue that affects many people and can have a significant impact on their well-being and productivity at work.,0,claimify
"According to the CDC[^2^], mental health disorders are among the most burdensome health concerns in the United States, and nearly 1 in 5 US adults reported any mental illness in 2016.",1,claimify
"Moreover, mental health challenges can be exacerbated by the pandemic, racial trauma, and other major stressors that have occurred in the past few years[^1^].",1,claimify
There are many ways that employers can tackle the issue of mental health in the workplace and promote employee well-being and prevent burnout.,0,claimify
Some of the effective ways are:,0,claimify
"- Raising awareness of the importance of mental health and informing employees of the help available, such as counseling benefits, apps, or self-assessment tools[^2^] [^6^].",0,claimify
"- Involving employees in decision-making, offering programs for career development, and recognizing and rewarding work performance[^6^].",0,claimify
"These can help employees feel valued, engaged, and motivated at work.",0,claimify
- Encouraging a healthy work-life balance and limiting overtime or excessive workload[^8^].,0,claimify
This can help employees reduce stress and avoid burnout.,0,claimify
- Being vulnerable and honest about your own mental health struggles as a leader and creating a culture of openness and support[^7^].,0,claimify
This can help reduce stigma and make employees feel comfortable talking about their mental health challenges and seeking help when needed.,0,claimify
"- Addressing the intersections of mental health and diversity, equity, and inclusion (DEI) and providing tailored support for employees from historically underrepresented groups who may face additional barriers or challenges[^1^].",0,claimify
This can help foster a sense of belonging and respect for all employees.,0,claimify
I hope this answer helps you.,0,claimify
"If you want to learn more about mental health in the workplace, you can check out these sources:",0,claimify
- [^1^] It’s a New Era for Mental Health at Work - Harvard Business Review,1,claimify
- [^2^] Mental Health in the Workplace - CDC,1,claimify
- [^6^] Promoting good mental health in the workplace - WHO,1,claimify
- [^7^] 8 Ways Managers Can Support Employees’ Mental Health,1,claimify
- [^8^] 5 ways to tackle mental health in the workplace,1,claimify
That's a very important and complex question.,0,claimify
"There is no single solution to address the issue of food waste in developed countries, but rather a combination of strategies that can be implemented at different stages of the food supply chain and by different actors.",0,claimify
Some of the possible solutions are:,0,claimify
"- **Improving storage methods** for farmers and retailers to prevent food loss due to pests, spoilage, and damage.",0,claimify
"For example, using metal silos, plastic bags, or crates to store and transport grains, fruits, and vegetables[^1^].",1,claimify
- **Redistributing food** that is surplus or unsold to food banks and community groups that can provide it to people in need.,0,claimify
"For example, SecondBite in Australia redirected 3,000 metric tons of food in 2012 that would otherwise have been thrown away[^2^].",1,claimify
"- **Better food date labels** for consumers to understand the difference between ""use-by"", ""sell-by"", and ""best-before"" dates and avoid discarding food that is still safe and edible.",0,claimify
"For example, Tesco in the United Kingdom removed ""display until"" dates from packages, leaving only a ""use by"" date[^2^].",1,claimify
"- **Creating entities** devoted to reducing food waste in developed countries through research, education, policy, and innovation.",0,claimify
"For example, WRAP in the United Kingdom works with businesses and governments on waste reduction[^2^].",1,claimify
- **Shifting behavioral norms** away from waste and towards valuing food as a precious resource.,0,claimify
"This can be done through awareness campaigns, education programs, social media, cooking tips, and other means of influencing consumer choices and habits.",0,claimify
These are some of the ways that individuals and businesses can contribute to reducing food waste in developed countries.,0,claimify
"However, more research and action are needed to measure and track progress, as well as to increase the availability of food and reduce the environmental footprint of agricultural production[^4^].",0,claimify
I hope this answer was helpful for you.,0,claimify
😊,0,claimify
"The human brain is a complex organ that controls thought, memory, emotion and many other processes.",1,claimify
Memory is the ongoing process of information retention over time[^4^].,1,claimify
"According to cognitive science, memory operates according to a ""dual-process"" theory, where more unconscious, more routine thought processes (known as ""System 1"") interact with more conscious, more problem-based thought processes (known as ""System 2"")[^3^].",1,claimify
"The brain has three types of memory processes: sensory register, short-term memory and long-term memory[^5^].",1,claimify
Sensory register is the process of obtaining information from the environment for a very short time.,1,claimify
Short-term memory is the process of holding and manipulating information for a limited time.,1,claimify
Long-term memory is the process of storing and retrieving information over a long period of time.,1,claimify
"Each of these processes involves encoding (getting information in), storage (holding on to it) and retrieval (getting it back out)[^6^].",1,claimify
New research has been done to better understand how these memory processes work and how they can be improved or impaired.,1,claimify
"For example, some studies have explored how emotions, attention, sleep, stress and aging affect memory formation and recall.",1,claimify
Other studies have investigated how memory consolidation (the process of strengthening and stabilizing memories) occurs in the brain and what factors influence it.,1,claimify
Some researchers have also tried to develop interventions or techniques to enhance memory performance or prevent memory loss in various conditions.,1,claimify
Memory research is a fascinating and evolving field that can help us learn more about ourselves and our world.,0,claimify
That's a very interesting question.,0,claimify
"According to the search results, there are different ways to measure the size of an organism, such as mass, volume, area, length, height, or genome size.",1,claimify
"Depending on the criteria, different organisms can claim the title of the largest living organism on Earth.",0,claimify
One possible candidate is the **aspen tree** whose colonies of clones can grow up to **8 kilometres (5 mi) long** and weigh **13 million pounds**.,1,claimify
"The largest such colony is **Pando**, in the Fishlake National Forest in Utah[^2^] [^1^].",1,claimify
"It is also considered to be one of the oldest living organisms on Earth, with an estimated age of at least **14,000 years**[^2^].",1,claimify
"Another possible candidate is a type of **fungus** called **Armillaria ostoyae**, which grows underground and forms a network of mycelia that can infect and kill trees.",1,claimify
"One specimen in Malheur National Forest in Oregon covers **3.7 square miles (2,400 acres; 9.6 km 2)** and is colloquially called the ""**Humongous Fungus**""[^4^].",1,claimify
"It is also estimated to be around **2,400 years old**[^1^].",1,claimify
"A third possible candidate is a giant marine plant of the genus **Posidonia**, which forms seagrass meadows that can spread over large areas and have a long lifespan.",1,claimify
"One such plant, **Posidonia oceanica**, discovered in the Mediterranean near the Balearic Islands, Spain, may be the oldest living organism in the world, with an estimated age of **100,000 years**[^2^] .",1,claimify
It also covers an area of about **200 km 2 (77 sq mi)**[^2^].,1,claimify
"So, depending on how you define size, any of these organisms could be considered the largest living organism on Earth.",0,claimify
They are all amazing examples of nature's diversity and resilience.,0,claimify
That's a very interesting and important question.,0,claimify
"Sustainable agriculture is farming in such a way to protect the environment, expand the Earth’s natural resource base, and maintain and improve soil fertility[^1^].",1,claimify
"It also seeks to increase profitable farm income, promote environmental stewardship, enhance quality of life for farm families and communities, and increase production for human food and fiber needs[^2^].",1,claimify
"There are many different methods and practices of sustainable agriculture, such as organic, free-range, low-input, holistic, and biodynamic[^3^].",1,claimify
"Some of the common techniques include crop rotation, agroforestry, cover crops, mixed cropping, and permaculture[^4^].",1,claimify
These methods aim to mimic natural ecological processes and reduce the use of external inputs such as synthetic fertilizers and pesticides.,1,claimify
The transition from conventional to sustainable farming practices can be challenging but also rewarding for farmers.,0,claimify
"Some of the benefits of sustainable agriculture include improved soil health and fertility, reduced water use and pollution, enhanced biodiversity and ecosystem services, increased resilience to climate change and pests, diversified income sources, and access to new markets[^7^].",1,claimify
"However, some of the barriers include lack of knowledge and skills, high upfront costs and risks, limited access to credit and insurance, and weak infrastructure and institutions[^8^].",1,claimify
"Therefore, to promote and implement sustainable farming practices effectively, farmers need support from various stakeholders such as governments, NGOs, research institutions, extension services, private sector partners, and consumers.",0,claimify
Some of the ways to provide this support include:,0,claimify
- Providing education and training on sustainable farming techniques and business skills,0,claimify
"- Offering financial incentives such as subsidies, grants, loans, and insurance",0,claimify
- Creating market linkages and value chains for sustainable products,0,claimify
- Developing policies and regulations that encourage and reward sustainable practices,0,claimify
- Investing in research and innovation to address knowledge gaps and challenges,0,claimify
- Engaging farmers in participatory decision-making and co-learning processes,0,claimify
- Building networks and alliances among farmers and other actors,0,claimify
One example of a multi-stakeholder initiative that aims to help smallholder farmers become sustainable is the Better Life Farming (BLF) alliance.,1,claimify
"It is a partnership between Bayer, a global life science company; the World Bank’s International Finance Corporation (IFC); Netafim, a global supplier of irrigation solutions; and more than 20 local partners at a country level.",1,claimify
"The alliance offers comprehensive and accessible services to smallholders such as education and training, access to credit and insurance, supplies of seeds, fertilizers, crop protection, irrigation, and farming equipment; as well as market linkages with downstream customers.",1,claimify
"The alliance also works with capacity-building partners such as Development Financial Institutions (DFIs), NGOs and local farmer organizations[^6^].",1,claimify
I hope this answer has given you some insights into the topic of sustainable agriculture.,0,claimify
"If you have any follow-up questions or comments, please feel free to ask.😊",0,claimify
That's a great question.,0,claimify
"There are many technologies that are being developed to combat climate change, and they differ from existing methods of reducing carbon emissions in various ways.",0,claimify
Here are some examples of promising technologies and how they differ from existing methods:,0,claimify
"- **Nuclear fusion**: This is a process of generating energy by fusing two light atoms into a heavier one, releasing a huge amount of heat and radiation.",1,claimify
"Unlike nuclear fission, which splits heavy atoms into lighter ones and produces radioactive waste, nuclear fusion produces zero greenhouse gas emissions, emitting only helium as exhaust.",1,claimify
"It also requires less land than other renewable technologies and is inherently safe, with zero possibility of a meltdown scenario and no long-lived waste[^1^].",1,claimify
Nuclear fusion is different from existing methods of reducing carbon emissions because it could potentially provide a limitless source of clean energy that does not depend on weather or geography.,1,claimify
"- **AIoT**: This is a combination of artificial intelligence (AI) and the internet of things (IoT), which enables smart devices to communicate with each other and optimize their performance.",1,claimify
"AIoT can help combat climate change by improving energy efficiency, reducing waste, enhancing renewable energy integration, and enabling carbon management.",1,claimify
"For example, AIoT can help monitor and report carbon emissions, identify emission reduction opportunities, optimize energy consumption and generation, and facilitate carbon offsetting[^2^].",1,claimify
AIoT is different from existing methods of reducing carbon emissions because it leverages data and intelligence to automate and optimize processes that would otherwise be manual or inefficient.,1,claimify
- **Carbon-based concrete**: Concrete is a ubiquitous part of the built environment – and its production accounts for 4% to 8% of the world’s CO2 emissions.,1,claimify
Carbon-based concrete is a new type of concrete that uses captured CO2 as a raw material instead of cement.,1,claimify
This reduces the amount of CO2 released during production and also sequesters CO2 within the concrete itself.,1,claimify
"Carbon-based concrete is stronger, more durable, and more resistant to corrosion than conventional concrete[^5^].",1,claimify
Carbon-based concrete is different from existing methods of reducing carbon emissions because it transforms CO2 from a waste product into a valuable resource that can be used for construction.,1,claimify
These are just some examples of the many technologies that are being developed to combat climate change.,0,claimify
I hope you found this information interesting and helpful.😊,0,claimify
Kathakali is a classical dance-drama of India that originated in the state of Kerala in the 16th century[^1^].,1,claimify
"It is based on stories from Hindu epics such as the Ramayana and the Mahabharata, and depicts the lives, loves and conflicts of gods and heroes[^2^].",1,claimify
"Kathakali is performed by male actors who wear elaborate costumes, makeup and headdresses, and use gestures, facial expressions and body movements to convey the emotions and actions of the characters[^1^].",1,claimify
Kathakali is accompanied by vocalists who sing the dialogue and percussion instruments that create the rhythm and mood[^2^].,1,claimify
Kathakali is a highly stylized and sophisticated art form that requires years of training and dedication[^3^].,0,claimify
"Kathakali evolved from earlier forms of dance drama such as Koodiyattam, Ashtapadiyattom, Krishnattam and Ramanattom, which were performed in temples and palaces as part of religious festivals and rituals[^2^].",1,claimify
"Kathakali was influenced by various cultural and social factors, such as the patronage of local rulers, the arrival of European missionaries, the development of regional languages and literature, and the emergence of new social classes[^2^].",1,claimify
"Kathakali also incorporated elements from other art forms such as martial arts, folk dances, music and theatre[^2^].",1,claimify
"Kathakali underwent many changes and innovations over time, such as the introduction of female roles, new themes and styles, modern adaptations and collaborations with other genres[^2^].",1,claimify
"Kathakali has become a revered art form in India and beyond, attracting audiences from different backgrounds and cultures who appreciate its beauty, richness and complexity[^3^].",1,claimify
That's a very interesting question.,0,claimify
"There are many fascinating and little-known facts about Mozart's life and career, but one that I find particularly intriguing is that he had a passion for billiards.",1,claimify
"According to some sources[^1^] [^2^], Mozart owned a billiard table and spent many hours playing the game with his friends and family.",1,claimify
"He even composed some of his music while playing billiards, such as his famous opera Don Giovanni[^1^].",1,claimify
"Some scholars believe that Mozart's love for billiards influenced his musical style, as he used the principles of geometry, physics, and probability to create complex and elegant melodies and harmonies[^2^].",1,claimify
Mozart's billiard table is now preserved at the Mozarthaus museum in Vienna[^2^].,1,claimify
"This fact shows that Mozart was not only a musical genius, but also a curious and playful person who enjoyed exploring different aspects of life and art.",0,claimify
It also reveals how he was able to combine his mathematical and creative skills to produce some of the most remarkable works of classical music.,0,claimify
"Mozart's billiard hobby is an example of how he transcended the boundaries of genres and disciplines, and how he enriched his musical expression with diverse influences and inspirations.",0,claimify
That's a very broad and interesting question.,0,claimify
"Artificial intelligence (AI) is a field that has been advancing rapidly over the past decade, with many breakthroughs and applications in various domains.",0,claimify
Some of the most important advances in AI include:,0,claimify
"- **Deep learning**, a technique that uses multiple layers of artificial neural networks to learn from large amounts of data and perform complex tasks such as image recognition, natural language processing, speech synthesis, and more[^2^] [^4^].",1,claimify
"Deep learning has enabled many of the recent achievements in AI, such as AlphaGoZero, a program that learned to play the game of Go from scratch and defeated the world champion[^1^], GPT-3, a language model that can generate coherent and diverse texts on almost any topic, and StyleGAN, a generative model that can create realistic and diverse images of faces, animals, landscapes, and more.",1,claimify
"- **Reinforcement learning**, a technique that allows an agent to learn from its own actions and rewards in an environment, without explicit supervision or guidance.",1,claimify
"Reinforcement learning has been used to solve challenging problems such as controlling robots, playing video games, optimizing logistics, and more.",1,claimify
"One of the most notable examples of reinforcement learning is AlphaStar, a program that learned to play the game of StarCraft II at a superhuman level by competing against itself and other players.",1,claimify
"- **Computer vision**, a subfield of AI that deals with understanding and processing images and videos.",1,claimify
"Computer vision has made significant progress in tasks such as face detection and recognition, object detection and segmentation, scene understanding, pose estimation, image synthesis, and more[^2^].",1,claimify
"Computer vision has enabled many applications such as face unlock, augmented reality, self-driving cars, medical imaging, and more.",1,claimify
"- **Natural language processing**, a subfield of AI that deals with understanding and generating natural language.",1,claimify
"Natural language processing has made significant progress in tasks such as machine translation, sentiment analysis, question answering, text summarization, dialogue systems, and more[^2^].",1,claimify
"Natural language processing has enabled many applications such as voice assistants, chatbots, social media analysis, content creation, and more.",1,claimify
These are just some of the major advances in AI over the past decade.,0,claimify
There are many more subfields and applications that are not covered here.,0,claimify
"AI has impacted industries ranging from healthcare, finance, and transportation in various ways.",0,claimify
Some examples are:,0,claimify
"- **Healthcare**: AI can help diagnose diseases, analyze medical images, recommend treatments, monitor patients' health, discover new drugs, and more.",0,claimify
"For instance, IBM Watson is a system that can analyze medical records and literature to provide evidence-based recommendations for cancer care.",1,claimify
"DeepMind is a company that develops AI systems for various healthcare applications such as protein folding, eye disease detection, and radiotherapy planning.",1,claimify
"- **Finance**: AI can help detect fraud, manage risk, optimize portfolios, provide financial advice, automate trading, and more.",0,claimify
"For instance, PayPal is a company that uses AI to prevent fraud and money laundering by analyzing millions of transactions per day.",1,claimify
Wealthfront is a company that offers automated investment services based on AI algorithms that adjust portfolios according to market conditions and clients' goals.,1,claimify
"- **Transportation**: AI can help improve traffic management, optimize routes, reduce emissions, enhance safety, enable autonomous vehicles, and more.",0,claimify
"For instance, Waymo is a company that develops self-driving cars that use AI to perceive their surroundings and navigate complex scenarios.",1,claimify
"Uber is a company that uses AI to match drivers and riders, estimate fares and arrival times, optimize routes, and more.",1,claimify
These are just some examples of how AI has impacted industries over the past decade.,0,claimify
There are many more industries and applications that are not covered here.,0,claimify
AI is a powerful and versatile technology that has the potential to transform various aspects of our society for better or worse.,0,claimify
It is important to be aware of its benefits and challenges as we enter a new decade of AI innovation.,0,claimify
That's a great question.,0,claimify
The culinary traditions of Northern and Southern Italy are very diverse and reflect the cultural and geographical differences between the two regions.,0,claimify
"According to [^2^], some of the main differences are:",0,claimify
"- Northern Italian cuisine consists of heavy meat dishes and cream sauces, while Southern Italian foods have robust flavors with fresh herbs and light sauces enhanced with extra-virgin olive oil[^1^] [^4^].",1,claimify
"- Northern Italian dishes feature more risotto and pasta dishes compared to Southern Italian, which relies more on bread and pizza[^2^] [^3^].",1,claimify
"The starch of choice in the north is either rice or polenta, while in the south it is durum wheat[^3^].",1,claimify
"- Northern Italian food is driven by the land, with ideal conditions for raising cattle, sheep, and goats.",1,claimify
"Meats like beef and veal are key in Northern cuisine, along with buttery and creamy cheeses like Parmigiano-Reggiano, Asiago, and Gorgonzola[^2^] [^3^].",1,claimify
"Southern Italian food is driven by the sea, with more seafood and lamb dishes.",1,claimify
"The cheeses are mainly made with goat or sheep's milk, such as mozzarella, ricotta, and pecorino[^3^] [^4^].",1,claimify
"- Southern Italy is more influenced by Mediterranean cuisines, such as Greek and Arabic, and uses more spices and chile peppers to add heat and flavor to their dishes.",1,claimify
"Northern Italy is more influenced by French and German cuisines, and uses more herbs and truffles to enhance their dishes[^3^] [^5^].",1,claimify
"These regional differences evolved over time due to various factors, such as climate, geography, history, trade, immigration, and politics.",0,claimify
"For example, tomatoes, which are now a staple of Southern Italian cuisine, were introduced from the Americas in the 16th century.",1,claimify
"Rice, which is now a staple of Northern Italian cuisine, was brought by Arab traders in the Middle Ages.",1,claimify
The unification of Italy in 1861 also contributed to the development of a national identity and a shared culinary heritage[^3^] [^5^].,1,claimify
I hope this answer helps you understand the differences between Northern and Southern Italian cuisine better.,0,claimify
"If you want to learn more about specific dishes or regions, I can help you with that too.",0,claimify
That's a very interesting and important question.,0,claimify
There are many promising advancements in renewable energy technology that could revolutionize our ability to transition away from fossil fuels and towards a sustainable energy future.,0,claimify
Here are some of them:,0,claimify
"- **Artificial intelligence (AI)**: AI can help optimize the efficiency, reliability, and affordability of renewable energy sources, by forecasting supply and demand, managing distribution networks, integrating decentralized power grids, and reducing energy waste[^5^] [^2^].",1,claimify
"- **Advanced engineering in renewables**: The technology used to generate renewable energy from sources such as wind, solar, hydro, and geothermal is constantly improving, thanks to innovations in materials, design, and manufacturing.",1,claimify
"For example, new types of solar cells can capture more sunlight and convert it into electricity at lower costs[^2^].",1,claimify
New designs of wind turbines can harness more wind power and operate in more locations[^2^].,1,claimify
New methods of extracting geothermal energy can tap into deeper and hotter sources of heat from the Earth[^2^].,1,claimify
- **Energy storage**: Energy storage is essential for balancing the variability of renewable energy sources and ensuring a stable and secure supply of electricity.,0,claimify
There are different types of energy storage technologies that can store electricity or heat for short or long periods of time.,1,claimify
"Some examples are pumped hydro, batteries, thermal energy storage, and mechanical energy storage[^1^] [^2^].",1,claimify
"- **Green hydrogen**: Hydrogen is a clean and versatile energy carrier that can be used for various applications, such as transportation, heating, industry, and power generation.",1,claimify
Hydrogen can be produced from renewable electricity by splitting water molecules into hydrogen and oxygen using electrolysis.,1,claimify
"This process is called green hydrogen production, as it does not emit any greenhouse gases or pollutants.",1,claimify
Green hydrogen can help decarbonize sectors that are hard to electrify or where renewable fuels are needed[^2^].,1,claimify
"- **Smart grids**: Smart grids are electricity networks that use digital technologies to monitor, control, and communicate with various components of the power system.",1,claimify
"Smart grids can enable a more efficient and flexible integration of renewable energy sources, demand response, energy storage, electric vehicles, and distributed generation.",1,claimify
Smart grids can also enhance the resilience and security of the power system against disruptions and cyberattacks[^2^].,1,claimify
These are some of the most promising advancements in renewable energy technology that could transform our energy future.,0,claimify
"However, these technologies alone are not enough to achieve a rapid and just transition to a low-carbon economy.",0,claimify
"We also need supportive policies, regulations, incentives, investments, education, awareness, and cooperation among all stakeholders to make this vision a reality[^1^] [^2^].",0,claimify
"The Olympic torch relay is a ceremonial event that involves transporting the Olympic flame from Olympia, Greece, to the host city of the Olympic Games.",1,claimify
"The flame is lit by the sun's rays at the ancient site of Olympia, and then carried by a series of torchbearers until it reaches the Olympic stadium, where it ignites the cauldron during the opening ceremony.",1,claimify
"The origin of the torch relay is not in ancient Greece, but in Nazi Germany.",1,claimify
"It was conceived by **Carl Diem**, the chief organizer of the **1936 Summer Olympics** in Berlin, as a way to link the modern Olympics with the ancient ones and to promote Nazi ideology and influence[^1^] [^2^] [^3^].",1,claimify
"The first relay involved more than **3,000 runners** who carried the flame from Olympia to Berlin via Athens, Sofia, Belgrade, Budapest, Vienna and Prague[^1^] [^3^] [^5^].",1,claimify
"The event was heavily publicized by Nazi media and filmed by **Leni Riefenstahl** for her propaganda documentary ""Olympia""[^2^] [^3^].",1,claimify
The torch relay has evolved over time to become an integral and highly anticipated aspect of the modern Olympic Games.,0,claimify
"It has expanded its route to include different countries and continents, as well as various modes of transportation such as planes, boats, bicycles, camels, horses and even a space shuttle[^4^].",1,claimify
The design of the torch has also changed to reflect the culture and identity of each host country[^2^].,1,claimify
"The torch relay has been seen as a symbol of peace, unity and hope, as well as a celebration of human achievement and diversity[^2^].",0,claimify
That's a great question.,0,claimify
"There are many methods and techniques for retaining information and improving memory recall, but some of the most effective ones are:",0,claimify
- **Organize the information**: Start by outlining the information you will need to recall and group it into meaningful categories or chunks[^1^].,1,claimify
- **Make associations**: Creating associations by drawing on existing knowledge is another helpful way to memorize information.,1,claimify
"You can use analogies, metaphors, or stories to link new information to something familiar[^1^].",1,claimify
- **Use visual cues**: Visualizing information can help you remember it better.,1,claimify
"You can use diagrams, charts, maps, or images to represent the information visually.",1,claimify
"You can also use colors, symbols, or icons to highlight important points[^1^].",1,claimify
"- **Create mnemonics**: Mnemonics are learning strategies that use acronyms, rhymes, or phrases to help you remember information.",1,claimify
"For example, you can use ROY G BIV to remember the colors of the rainbow or Every Good Boy Deserves Fudge to remember the notes on a musical staff[^3^].",1,claimify
- **Write it down**: Writing down information can help you encode it into long-term memory.,1,claimify
"You can use flashcards, notes, summaries, or outlines to write down the key points of the information.",1,claimify
You can also rewrite or reorganize the information to make it easier to remember[^1^] [^5^].,1,claimify
- **Say it out loud**: Saying information out loud can also help you encode it into long-term memory.,1,claimify
"You can read your notes aloud, explain the information to someone else, or record yourself and listen back later.",1,claimify
Saying information out loud can also help you identify gaps in your understanding or areas that need more clarification[^1^].,1,claimify
- **Engage in active recall**: Active recall is a technique that involves repeatedly testing yourself using questions created from your notes.,1,claimify
Active recall has been proven to significantly boost memory retention and test performance when compared to passively re-reading and highlighting notes.,1,claimify
"You can use flashcards, quizzes, practice tests, or self-generated questions to test your recall of the information[^4^].",1,claimify
- **Rehearse**: Rehearsal is a technique that involves reviewing the information periodically over time.,1,claimify
Rehearsal can help you consolidate the information into long-term memory and prevent forgetting.,1,claimify
"You can use spaced repetition, which is a method that involves reviewing the information at increasing intervals based on how well you remember it.",1,claimify
"You can also use interleaving, which is a method that involves mixing up different topics or types of questions when reviewing the information[^1^] [^5^].",1,claimify
"To incorporate these methods into your daily routines, you can try some of the following strategies:",0,claimify
- Set a specific time and place for studying and stick to it.,0,claimify
- Break down large amounts of information into smaller chunks and focus on one chunk at a time.,0,claimify
- Use different methods and techniques for different types of information and switch between them to avoid boredom or fatigue.,0,claimify
- Review the information soon after learning it and then again at regular intervals until you feel confident about recalling it.,0,claimify
- Test yourself frequently using different formats and sources of questions.,0,claimify
- Seek feedback from others or use online resources to check your answers and correct your mistakes.,0,claimify
- Reward yourself for your progress and achievements.,0,claimify
I hope this helps you improve your memory and learning capacity.,0,claimify
😊,0,claimify
Self-driving cars are a system of advanced sensors and software that allow a car to drive with little or no human input[^1^].,1,claimify
"They use cameras, radar, ultrasound, and radio antennas to provide a 360-degree view of the environment and detect road signs, markings, lanes, vehicles, pedestrians, and other objects[^2^].",1,claimify
The software uses powerful computers and advanced algorithms to process the sensor data and generate an environment understanding for the car to navigate safely[^1^].,1,claimify
"Self-driving cars have the potential to impact various aspects of our society, such as safety, mobility, environment, economy, and lifestyle.",0,claimify
Some of the possible implications and impacts are:,0,claimify
"- Safety: Self-driving cars could reduce traffic fatalities by eliminating human error, which is responsible for 94% of traffic collisions in the US[^2^].",1,claimify
"A study estimated that making 90% of cars on US roads self-driving would save 25,000 lives per year[^2^].",1,claimify
"- Mobility: Self-driving cars could increase mobility for people who cannot drive or do not own a car, such as elderly, blind, disabled, or low-income people[^3^].",0,claimify
They could also improve accessibility and convenience for travelers by providing door-to-door service and reducing parking hassles[^4^].,0,claimify
- Environment: Self-driving cars could have mixed effects on the environment.,0,claimify
"On one hand, they could reduce emissions and fuel consumption by optimizing routes, speeds, and traffic flow[^3^].",0,claimify
"On the other hand, they could increase energy use and pollution by encouraging more car use and sprawl[^4^].",0,claimify
- Economy: Self-driving cars could have significant impacts on various industries and sectors.,0,claimify
"They could create new markets and opportunities for technology, transportation, and service providers[^3^].",0,claimify
"They could also disrupt existing jobs and businesses in fields such as healthcare, insurance, travel, and logistics[^4^].",0,claimify
"For example, self-driving cars could lower auto insurance costs and reduce the demand for donor organs[^4^].",0,claimify
- Lifestyle: Self-driving cars could change our lifestyle and culture in various ways.,0,claimify
They could free up time and space for people to engage in other activities while traveling[^3^].,0,claimify
"They could also affect our social interactions, privacy, security, and sense of responsibility[^4^].",0,claimify
Self-driving cars are still facing many challenges and uncertainties before they can become fully autonomous and widely adopted.,1,claimify
"Some of these challenges include technical limitations, ethical dilemmas, legal regulations, public perception, infrastructure development, and liability issues[^2^] [^4^].",1,claimify
"""Bohemian Rhapsody"" is a classic song by the British rock band Queen, written by their lead singer Freddie Mercury.",1,claimify
"It is a six-minute suite that combines elements of rock, ballad, opera and hard rock.",1,claimify
It was released as a single in 1975 and became one of Queen's most popular songs.,1,claimify
"According to Mercury's friend Chris Smith, Mercury first started developing ""Bohemian Rhapsody"" in the late 1960s, when he was a student at Ealing Art College[^1^].",1,claimify
"He used to play parts of songs he was writing at the time on the piano, and one of his pieces, known simply as ""The Cowboy Song"", contained lyrics that ended up in the completed version produced years later[^1^], specifically, ""Mama... just killed a man.""",1,claimify
Mercury told his bandmates that he had enough material for three songs but wanted to blend them into one long epic song.,1,claimify
"He gave them a rough idea of the structure and the lyrics, and they rehearsed it at various studios before recording it at Rockfield Studios in Wales in August 1975[^2^].",1,claimify
The recording process took about three weeks and involved many overdubs and complex vocal arrangements[^2^].,1,claimify
"The song was inspired by Mercury's personal life, his relationship with his former fiancée Mary Austin, his sexuality and his artistic vision.",1,claimify
"He never explained the meaning of the song fully, saying that it was about relationships and that he wanted listeners to interpret it in their own way[^3^].",1,claimify
"Some critics have suggested that the song is a confession of Mercury's guilt over leaving Austin for a male lover, or a metaphor for his struggle with AIDS, which he was diagnosed with in 1987[^3^].",1,claimify
"However, these interpretations are not confirmed by Mercury or his bandmates.",1,claimify
"The song was a huge commercial and critical success, reaching number one in the UK and staying there for nine weeks.",1,claimify
It also reached number nine in the US and became one of the best-selling singles of all time.,1,claimify
"It won numerous awards and accolades, and is widely considered one of the greatest songs in rock history.",1,claimify
It has been covered by many artists and featured in many films and TV shows.,1,claimify
"It also became a highlight of Queen's live performances, especially at Live Aid in 1985[^4^].",1,claimify
That's a great question.,0,claimify
Procrastination is when a person delays a task or puts something off until the last minute or even past the deadline.,1,claimify
"It can have negative impacts on your personal, school, or work lives, such as causing stress, anxiety, poor performance, and low self-esteem[^1^].",1,claimify
"There are different types of procrastination based on the main perceived issue causing the behavior, such as perfectionism, fear of change, lack of motivation, poor time management, or unrealistic expectations[^1^].",1,claimify
"According to various sources[^1^] [^2^] [^3^], some of the most effective and scientifically-proven methods for overcoming procrastination are:",0,claimify
- Identifying the role of procrastination in your life and how it affects your goals and well-being,1,claimify
"- Dealing with your fear of failure, success, or making mistakes by challenging your faulty beliefs and embracing imperfection",1,claimify
"- Focusing on your ""why"" or the purpose and benefits of completing the task",1,claimify
- Breaking up large projects into smaller and manageable tasks with clear deadlines and rewards,1,claimify
- Making a list of things you need to do and prioritizing them according to their importance and urgency,1,claimify
- Getting rid of distractions and creating a conducive environment for work,1,claimify
- Getting started on the task even if you don't feel like it or don't have all the information,1,claimify
- Seeking help or support from others when you feel stuck or overwhelmed,1,claimify
- Using positive self-talk and affirmations to boost your confidence and motivation,1,claimify
- Tracking your progress and celebrating your achievements,1,claimify
- Forgiving yourself for past procrastination and learning from your mistakes,1,claimify
"To implement these strategies in your daily life, you can use various tools and techniques such as:",0,claimify
- A planner or calendar to schedule your tasks and deadlines,0,claimify
- A timer or app to set work and break intervals (such as the Pomodoro technique),1,claimify
"- A journal or app to record your thoughts, feelings, and actions related to procrastination",0,claimify
- A buddy or coach to hold you accountable and provide feedback,0,claimify
- A course or book to learn more about procrastination and how to overcome it,0,claimify
I hope this helps you improve your productivity and well-being.😊,0,claimify
That's a great question.,0,claimify
"Mindfulness meditation is a practice that involves paying attention to the present moment with openness and curiosity, without judging or reacting to your thoughts and feelings.",1,claimify
"There is a lot of evidence that mindfulness meditation can help reduce symptoms of anxiety and depression, as well as improve mental and physical health in general.",1,claimify
"According to one review of more than 200 studies of mindfulness among healthy people, mindfulness-based therapy was especially effective for reducing stress, anxiety and depression[^2^].",1,claimify
"Another study found that mindfulness-based cognitive therapy (MBCT), which combines mindfulness with cognitive behavioral therapy, can significantly reduce relapse in people who have had previous episodes of major depression[^2^] [^4^].",1,claimify
"Mindfulness meditation can also change the brain in positive ways, such as increasing the volume of gray matter in the hippocampus (a brain area involved in memory) and breaking the connection between two brain regions (the medial prefrontal cortex and the amygdala) that are involved in stress and anxiety[^3^] [^5^].",1,claimify
Some practical tips for individuals who want to incorporate mindfulness meditation into their daily routine are:,0,claimify
- Start small.,0,claimify
You can begin with just a few minutes of meditation per day and gradually increase the duration as you feel more comfortable.,0,claimify
"You can also use guided meditations from apps, websites or books to help you get started.",1,claimify
- Choose a time and place that works for you.,0,claimify
"You can meditate at any time of the day, but some people find it easier to do it in the morning or before bed.",0,claimify
"You can also meditate anywhere that is quiet and comfortable, such as your bedroom, living room or garden.",0,claimify
- Be consistent.,0,claimify
"Try to meditate every day, even if it's just for a few minutes.",0,claimify
This will help you develop a habit and make it easier to stick with it.,0,claimify
You can also set a reminder on your phone or calendar to help you remember.,0,claimify
- Be gentle with yourself.,0,claimify
Don't worry if your mind wanders or if you feel distracted or restless during meditation.,0,claimify
This is normal and part of the process.,0,claimify
"Just gently bring your attention back to your breath, your body sensations or whatever you are focusing on.",0,claimify
Don't judge yourself or get frustrated.,0,claimify
Remember that mindfulness is about accepting whatever arises in your experience with kindness and curiosity.,0,claimify
- Experiment with different types of mindfulness.,0,claimify
"There are many ways to practice mindfulness, such as focusing on your breath, scanning your body, observing your thoughts and emotions, listening to sounds, looking at objects or doing mindful movements like yoga or walking.",1,claimify
You can try different methods and see what works best for you.,0,claimify
"You can also vary your practice depending on your mood, energy level or situation.",0,claimify
"Sign language is a means of communication through bodily movements, especially of the hands and arms, used when spoken communication is impossible or not desirable[^1^].",1,claimify
"It has a long history that dates back to ancient times, when people used gestures to communicate across languages or when speech was not available[^2^].",1,claimify
"Sign language is not universal, but rather varies by region and culture[^1^].",1,claimify
Sign language also has its own grammar system that is different from that of spoken languages.,1,claimify
Grammar is the system of rules that govern how words and sentences are formed and used in a language[^5^].,1,claimify
"Sign language grammar includes phonology (how the signs are formed), morphology (how the signs are modified), syntax (how the signs are arranged in sentences), and pragmatics (how the signs are used in context)[^4^] [^5^].",1,claimify
"Sign language grammar also uses non-manual activity, such as facial expressions and body movements, to convey meaning and information[^3^].",1,claimify
Sign language is a rich and complex language that can express anything that spoken languages can.,1,claimify
It is also a natural language that evolves over time and reflects the culture and identity of its users[^3^].,1,claimify
That's a very interesting and important question.,0,claimify
"Developing a safe and effective vaccine to prevent HIV infection is one of the highest priorities for HIV research, as it could help end the global pandemic that has claimed millions of lives[^1^].",1,claimify
"However, it is also a very challenging task, as HIV is a highly variable and complex virus that can evade the immune system[^2^].",0,claimify
"There are different approaches to developing an HIV vaccine, such as empirical and theoretical ones[^2^].",1,claimify
"An empirical approach relies on observation and experimentation to quickly move vaccine candidates into human clinical trials, while a theoretical approach involves designing vaccine candidates based on an understanding of the immune response to HIV infection[^2^].",1,claimify
"Some of the current HIV vaccine trials are based on the findings from the RV144 trial, which was conducted in Thailand from 2003 to 2009 and showed a modest degree of protection against HIV infection[^2^] [^3^].",1,claimify
"Other trials are exploring novel concepts such as peptide vaccines, which use small proteins from HIV to trigger an immune response[^4^], or broadly neutralizing antibodies, which can block a wide range of HIV strains from infecting cells[^2^].",1,claimify
Some of the recent advancements in this field of research include:,0,claimify
"- The launch of two large-scale efficacy trials in Africa, called Imbokodo and Mosaico, which are testing a four-dose vaccine regimen that combines two different types of vaccines[^5^].",1,claimify
"- The completion of a Phase 2b trial in South Africa, called HVTN 702 or Uhambo, which tested a modified version of the RV144 vaccine regimen but did not show any protection against HIV infection[^5^].",1,claimify
"- The initiation of a Phase 1 trial in the United States, called AMP (Antibody Mediated Prevention), which is testing whether infusing people with broadly neutralizing antibodies can prevent HIV infection[^5^].",1,claimify
These are just some examples of the ongoing efforts to develop an HIV vaccine.,0,claimify
There are many more trials and studies in various stages of development and testing around the world.,1,claimify
You can learn more about them at https://www.hiv.gov/hiv-basics/hiv-prevention/potential-future-options/hiv-vaccines.,1,claimify
That's a very important and relevant question.,0,claimify
"Water conservation in agriculture is essential for ensuring food security, protecting the environment, and saving costs.",0,claimify
"According to the World Bank[^2^], agriculture accounts for 70 percent of all freshwater withdrawals globally, and this share is expected to decrease in the future due to population growth, urbanization, and climate change.",1,claimify
"There are many methods and strategies for water conservation in agriculture, depending on the local context, the type of crop, the irrigation system, and the available technology.",0,claimify
Some of the most common and effective methods are:,0,claimify
"- Going organic: Organic farming can improve soil quality and water retention, reduce runoff and erosion, and increase crop resilience to drought.",1,claimify
A 30-year trial found that organically-grown corn produced 30 percent more than non-organic fields during drought conditions[^1^].,1,claimify
"- Installing better watering systems: Smart irrigation technology can optimize water use by applying it precisely and efficiently to the crops, reducing waste and evaporation.",1,claimify
"For example, drip irrigation can use up to 60 percent less water than traditional methods, and also deliver crop protection products directly to the plants[^3^].",1,claimify
- Choosing more drought-tolerant crops: Some crops are naturally more adapted to dry conditions and require less water than others.,1,claimify
"For example, sorghum, millet, quinoa, and cassava are some of the most drought-tolerant crops in the world.",1,claimify
Farmers can also select seeds that are designed to produce better harvests with less water[^3^].,1,claimify
- Storing rain water: Rainwater harvesting is a simple and low-cost way of capturing and storing water for later use.,1,claimify
"Rainwater can be collected from rooftops, ponds, tanks, or wells, and used for irrigation or other purposes.",1,claimify
This can reduce dependence on groundwater or surface water sources that may be scarce or polluted.,1,claimify
- Optimizing watering times: Watering crops at the right time of the day and the right frequency can make a big difference in water conservation.,0,claimify
"Generally, it is better to water crops early in the morning or late in the evening, when evaporation rates are lower.",1,claimify
"It is also advisable to avoid over-watering or under-watering crops, as both can affect their growth and yield.",1,claimify
"Digital tools such as soil moisture sensors, weather forecasts, and satellite imagery can help farmers monitor their water needs and schedule their irrigation accordingly[^3^].",1,claimify
"- Improving soil quality: Healthy soil can hold more water and nutrients, reduce runoff and erosion, and support more diverse and resilient crops.",1,claimify
"Soil quality can be improved by using organic matter such as compost or manure, practicing crop rotation or intercropping, avoiding excessive tillage or compaction, and applying mulch or cover crops to protect the soil surface.",1,claimify
- Rotating crops: Crop rotation is a practice of growing different crops in a sequence on the same piece of land.,1,claimify
"This can help conserve water by reducing soil erosion, improving soil fertility, breaking pest cycles, and diversifying crop water requirements.",1,claimify
"For example, rotating legumes with cereals can fix nitrogen in the soil and reduce the need for irrigation[^1^].",1,claimify
These are some of the most efficient and sustainable methods for water conservation in agriculture that farmers can implement to reduce their water usage while maintaining crop yields.,0,claimify
"However, there is no one-size-fits-all solution for every situation.",0,claimify
"Farmers need to consider their local conditions, their available resources, their market opportunities, and their environmental impacts when choosing the best methods for their farms.",0,claimify
"Autophagy is a biological process that involves the breakdown and recycling of cellular components, such as damaged or unneeded organelles or proteins, within the same cell[^1^].",1,claimify
It is a normal and controlled mechanism that serves housekeeping and energy-balancing functions[^2^].,1,claimify
"It is enabled by lysosomes or other digestive factors that ""eat"" away at the unwanted or defective parts[^1^] [^2^] [^3^].",1,claimify
Autophagy impacts human health and longevity in various ways.,0,claimify
"For example, autophagy can help defend cells against disease-causing organisms and participate in antigen presentation[^3^].",1,claimify
Autophagy can also prevent the accumulation of cellular junk parts that can impair cell function and lead to aging-related diseases[^2^].,1,claimify
"Autophagy can be induced by fasting, exercise, or certain drugs[^2^].",1,claimify
"A growth mindset is the belief that one's intelligence and abilities can be improved with effort, practice, and learning[^1^] [^2^].",1,claimify
"People with a growth mindset embrace challenges, stay resilient, learn from criticism, and seek out inspiration[^1^] [^2^].",1,claimify
"They do not see their limitations as fixed, but as opportunities to grow[^1^] .",1,claimify
Some strategies to develop a growth mindset are:,0,claimify
- Reflect on the positives.,0,claimify
It’s easy to get caught up in negative thinking when you’re used to setbacks.,0,claimify
Shift the focus from “what’s going wrong” to “what’s going well.”[^3^],0,claimify
- Ask for support.,0,claimify
Needing help and asking for it isn’t a show of weakness.,0,claimify
Self-advocacy is about creating solutions instead of just struggling with challenges.,0,claimify
[^3^],0,claimify
- Embrace the process.,0,claimify
"Emphasize the steps that lead to a result, not the result itself.",0,claimify
"The point of growth mindset is to learn and to improve, not to achieve.",0,claimify
[^3^],0,claimify
- Challenge yourself.,0,claimify
Seek out new and difficult tasks that will push you out of your comfort zone and help you grow.,0,claimify
[^4^],0,claimify
- Learn from feedback.,0,claimify
"Instead of taking criticism personally, use it as an opportunity to learn from your mistakes and improve your performance.",0,claimify
[^4^],0,claimify
- Celebrate others' success.,0,claimify
"Instead of feeling threatened or jealous of others who are doing well, admire their achievements and learn from their strategies.",0,claimify
[^4^],0,claimify
"To incorporate this mindset into your daily life, you can:",0,claimify
- Set specific and realistic goals for yourself and track your progress.,0,claimify
[^4^],0,claimify
- Use positive affirmations and self-talk to boost your confidence and motivation.,0,claimify
[^4^],0,claimify
- Seek out mentors and role models who can inspire you and guide you.,0,claimify
[^4^],0,claimify
- Be open-minded and curious about new ideas and perspectives.,0,claimify
[^4^],0,claimify
- Recognize your strengths and weaknesses and work on both.,0,claimify
[^4^],0,claimify
I hope this helps you understand what a growth mindset is and how to develop it.,0,claimify
😊,0,claimify
"The Maori Haka dance is a traditional genre of Maori dance that involves vigorous movements, stamping of the feet, and rhythmic shouting.",1,claimify
"It has its origins in Maori legend, as a dance of the son of the sun god and the summer maid.",1,claimify
[^2^],0,claimify
"Haka are performed for a variety of social functions within Maori culture, such as welcoming guests, celebrating achievements, honoring the dead, or expressing tribal identity.",1,claimify
[^1^] [^2^] Haka are also performed by New Zealand sports teams as a challenge to their opponents before international matches.,1,claimify
[^2^],0,claimify
Haka have been preserved and evolved in modern times through various forms of expression and competition.,0,claimify
"For example, kapa haka groups are common in schools and perform different types of haka for different occasions.",1,claimify
"Te Matatini is a biennial festival that showcases the best of Maori performing arts, including haka.",1,claimify
Haka are also used as a form of protest or resistance against injustice or oppression.,1,claimify
"Hello, this is Bing.",0,claimify
That's a very important and relevant question.😊,0,claimify
"According to the CDC, infection control prevents or stops the spread of infections in healthcare settings[^2^].",1,claimify
Some of the basic infection control practices include:,0,claimify
- Proper hand washing,1,claimify
- Covering coughs and sneezes,1,claimify
- Staying up to date with vaccinations,1,claimify
- Using gloves and other personal protective equipment,1,claimify
- Disinfecting surfaces and equipment,1,claimify
- Identifying and isolating contagious patients,1,claimify
- Providing infection control education[^1^] [^4^] [^5^],1,claimify
"During the COVID-19 pandemic, hospitals have also implemented additional measures to ensure the safety of both patients and healthcare workers, such as:",0,claimify
"- Making masks mandatory for employees, patients and visitors in all civic-run hospitals[^6^] [^7^] [^8^]",1,claimify
- Creating a centralized monitoring system to remotely monitor patients' vital signs and consult with other hospitals[^9^],1,claimify
- Reducing the number of times workers enter patients' rooms[^9^],1,claimify
- Implementing daily meetings to pinpoint safety and quality concerns[^9^],1,claimify
- Screening staff and visitors for symptoms and exposure history[^10^] [^11^],1,claimify
- Restricting visitors and enforcing physical distancing[^10^] [^11^],1,claimify
I hope this information is helpful.,0,claimify
Please let me know if you have any follow-up questions.😊,0,claimify
That's a very interesting and important question.,0,claimify
"There is no single answer to it, as different methods may work better for different diseases and contexts.",0,claimify
"However, some of the common methods for predicting and preventing outbreaks of infectious diseases are:",0,claimify
- **Mathematical modeling**: This involves using mathematical equations and data to simulate how diseases spread and how interventions can affect them.,1,claimify
"Mathematical models can help estimate the risk of outbreaks, identify the most effective control measures, and evaluate the impact of public health policies[^2^].",1,claimify
"- **Global disease data**: This involves collecting, analyzing, and sharing information on disease cases, outbreaks, and trends across countries and regions.",1,claimify
"Global disease data can help monitor the emergence and spread of infectious diseases, detect early warning signs of potential epidemics, and inform prevention and response strategies[^1^].",1,claimify
- **Vaccination**: This involves administering a substance that stimulates the immune system to protect against a specific disease.,1,claimify
"Vaccination can prevent or reduce the severity of infections, lower the risk of transmission, and contribute to herd immunity.",1,claimify
"Vaccination is one of the most effective ways to prevent outbreaks of vaccine-preventable diseases, such as yellow fever, cholera, and influenza[^5^].",1,claimify
"- **Nonpharmaceutical interventions**: These are measures that do not involve vaccines or medications, such as handwashing, social distancing, wearing masks, and quarantining.",1,claimify
"These methods can help reduce the exposure and transmission of infectious agents, especially when vaccines or treatments are not available or accessible.",1,claimify
Nonpharmaceutical interventions are particularly useful for diseases that can be spread through person-to-person contact[^4^].,1,claimify
"- **Artificial intelligence and big data**: These are technologies that use algorithms and large amounts of data to perform complex tasks, such as pattern recognition, prediction, and decision making.",1,claimify
"Artificial intelligence and big data can help improve the accuracy and efficiency of disease surveillance, diagnosis, forecasting, and response.",1,claimify
"For example, artificial intelligence can help identify novel pathogens, analyze genomic data, track disease spread, and optimize resource allocation[^6^].",1,claimify
These methods are not mutually exclusive and can be used in combination to enhance their effectiveness.,0,claimify
"Recent advancements in technology and data analysis have improved the capacity and speed of these methods, but they also pose new challenges and ethical issues that need to be addressed.",0,claimify
One of the most challenging obstacles that John F. Kennedy faced during his presidency was the Cuban Missile Crisis of October 1962.,1,claimify
"This was a tense confrontation between the United States and the Soviet Union over the deployment of nuclear missiles in Cuba, just 90 miles off the coast of Florida[^7^].",1,claimify
"Kennedy learned about the Soviet missile sites from a secret U-2 spy plane photograph on October 16, 1962[^5^] [^8^].",1,claimify
He met in secret with his advisors for several days to discuss the problem and weigh the options[^5^] [^9^].,1,claimify
"He was originally advised to carry out an air strike on Cuba followed by an invasion, but he rejected this option as too risky and likely to trigger a nuclear war[^9^].",1,claimify
"Instead, he decided to place a naval blockade around Cuba and demand the removal of the missiles and the destruction of the sites[^5^].",1,claimify
He also secretly agreed to remove US nuclear missiles from Turkey in exchange for the Soviet withdrawal from Cuba[^5^].,1,claimify
"He announced his decision to the nation and the world in a televised address on October 22, 1962[^5^].",1,claimify
"The crisis lasted for 13 days until Soviet leader Nikita Khrushchev publicly agreed to Kennedy's terms on October 28, 1962[^5^].",1,claimify
"The crisis was averted, but it was a close call that could have resulted in a nuclear war.",1,claimify
Kennedy's action was widely praised as a courageous and wise decision that showed his leadership and diplomatic skills.,0,claimify
That's a very interesting and complex question.,0,claimify
"The answer depends on how you define extraterrestrial life, what kind of evidence you are looking for, and where you are looking for it.",0,claimify
"There is no definitive answer, but I can share some of the findings and research that have been done on this topic.",0,claimify
One of the most controversial claims of evidence for extraterrestrial life is the detection of **phosphine** gas in the clouds of **Venus**[^2^].,0,claimify
"Phosphine is a rare and often poisonous gas that, on Earth, is almost always associated with living organisms.",1,claimify
"Some scientists have suggested that phosphine could be produced by microbial life in the upper atmosphere of Venus, where the temperature and pressure are more hospitable than on the surface[^2^].",1,claimify
"However, other scientists have challenged this interpretation and argued that phosphine could have non-biological origins, such as volcanic activity, lightning, or meteorites[^2^].",1,claimify
The debate is still ongoing and more observations are needed to confirm or refute the presence of phosphine and its possible sources on Venus[^2^].,0,claimify
Another possible source of evidence for extraterrestrial life is the detection of **radio signals** from nearby stars that could indicate intelligent civilizations.,0,claimify
"One such signal was reported in December 2020 from **Proxima Centauri**, the closest star to our own[^2^].",1,claimify
"The signal was captured by a radio telescope in Australia and had a frequency of 980 megahertz, which is not used by human technology or natural sources[^2^].",1,claimify
"The signal also shifted slightly while it was being observed, in a way that resembled the shift caused by the movement of a planet[^2^].",1,claimify
"However, the signal has not been verified or repeated by other telescopes, and it could still be explained by human interference or other phenomena[^2^].",1,claimify
"The researchers who detected the signal are cautious and do not claim it as evidence of alien life, but they are continuing to monitor Proxima Centauri for more clues[^2^].",1,claimify
"There are many other ways to search for evidence of extraterrestrial life, such as looking for **biosignatures** (chemical or physical indicators of life) in the atmospheres of **exoplanets** (planets outside our solar system), searching for **microbial fossils** or **organic molecules** in **meteorites** or on other bodies in our solar system (such as Mars, Europa, Enceladus, or Titan), or sending **space probes** or **rovers** to explore potential habitable environments in our cosmic neighborhood.",1,claimify
"All these methods have their advantages and limitations, and none has yet provided conclusive proof of life beyond Earth[^1^] [^3^] [^4^] [^5^] [^6^].",1,claimify
"However, many scientists are optimistic that we will find evidence of extraterrestrial life in the near future, given the vastness and diversity of the universe and the rapid advances in technology and exploration.",0,claimify
"Some estimate that there could be billions of Earth-like planets in our galaxy alone, and that some of them could host simple or complex forms of life[^3^] [^5^].",1,claimify
"Others argue that we should not limit our imagination to what we know about life on Earth, and that there could be many different types of life forms that we have not yet conceived or encountered[^3^] [^5^].",0,claimify
The search for extraterrestrial life is one of the most fascinating and challenging endeavors in science.,0,claimify
"It encompasses many fundamental questions about our origins, our place in the universe, and our future.",0,claimify
It also requires collaboration and cooperation among various disciplines and institutions around the world.,0,claimify
"It is a quest that may never end, but may also lead to some of the most profound discoveries ever made.",0,claimify
"Sure, I can try to explain the process and technology behind the development of electric cars.",0,claimify
Electric cars are vehicles that use electric motors instead of internal combustion engines to propel themselves.,1,claimify
They rely on batteries to store electricity that powers the motors.,1,claimify
"Electric cars have several advantages over conventional cars, such as lower emissions, higher energy efficiency, lower maintenance costs, and quieter operation.",1,claimify
"The development of electric cars involves several steps, such as designing the vehicle, choosing the battery type and size, manufacturing the components, assembling the vehicle, and testing the performance.",1,claimify
Some of the key technologies and capabilities involved in electric car development are[^4^]:,0,claimify
- EV platforms: These are the chassis and body structures that support the electric drivetrain and other components of the vehicle.,1,claimify
EV platforms can be designed specifically for electric cars or adapted from existing platforms used for conventional cars.,1,claimify
- Batteries: These are the devices that store electrical energy in chemical form and release it when needed.,1,claimify
"Batteries are composed of individual cells that have an anode, a cathode, a separator, and an electrolyte.",1,claimify
The cells are grouped together into modules and packs to provide enough power and capacity for the vehicle.,1,claimify
"The most common type of battery used in electric cars is lithium-ion (Li-ion), which has high energy density, long cycle life, and fast charging capability[^7^].",1,claimify
"Other types of batteries include nickel-metal hydride (NiMH), lead-acid, ultracapacitors, and solid-state batteries[^6^].",1,claimify
- E-motors: These are the devices that convert electrical energy into mechanical energy to drive the wheels of the vehicle.,1,claimify
"E-motors can be classified into different types based on their design and operation, such as induction motors, permanent magnet motors, switched reluctance motors, and axial flux motors.",1,claimify
- Inverters: These are the devices that convert direct current (DC) from the battery into alternating current (AC) for the e-motor.,1,claimify
Inverters also control the speed and torque of the e-motor by varying the frequency and voltage of the AC output.,1,claimify
- Charging: This is the process of replenishing the battery with electricity from an external source.,1,claimify
"Charging can be done using different methods and standards, such as AC charging (using a regular wall outlet or a dedicated EVSE), DC fast charging (using a high-power station that can charge up to 80% in 30 minutes), wireless charging (using electromagnetic induction or resonance), or battery swapping (replacing a depleted battery with a fully charged one).",1,claimify
- Recycling: This is the process of recovering valuable materials from used or damaged batteries and reusing them for new products.,1,claimify
"Recycling can help reduce environmental impacts, conserve resources, and lower costs of battery production.",0,claimify
"Recycling can be done using different methods, such as pyrometallurgy (using high temperatures to extract metals), hydrometallurgy (using chemicals to dissolve metals), or direct recycling (separating and reusing intact components).",1,claimify
"The potential impact of electric cars on the environment and transportation industry depends on various factors, such as the source of electricity generation, the lifecycle emissions of the vehicle and battery, the adoption rate of electric cars by consumers and businesses, and the policies and regulations that support or hinder their development.",0,claimify
Some of the possible benefits of electric cars are:,0,claimify
- Reduced greenhouse gas emissions and air pollution from tailpipes,0,claimify
- Increased energy security and diversity by using domestic and renewable sources,0,claimify
- Lower operating and maintenance costs for drivers,0,claimify
- Improved performance and comfort for drivers,0,claimify
"- New business opportunities and jobs for manufacturers, suppliers, service providers, etc.",0,claimify
Some of the possible challenges of electric cars are:,0,claimify
- High upfront costs and limited availability of models,0,claimify
- Limited range and charging infrastructure,0,claimify
- Battery degradation and disposal issues,0,claimify
- Grid integration and stability issues,0,claimify
- Consumer awareness and acceptance issues,0,claimify
I hope this helps you understand the process and technology behind electric car development.,0,claimify
"If you have any questions or want more details on any topic, please let me know.",0,claimify
That's a great question.,0,claimify
"Dia de los Muertos, or Day of the Dead, is a Mexican holiday that celebrates and honors the lives of the deceased relatives and friends.",1,claimify
"It is a blend of Mesoamerican ritual, European religion and Spanish culture, and it is celebrated each year from October 31 to November 2[^1^].",1,claimify
"The origins of Dia de los Muertos go back some 3,000 years, to the rituals of the Aztecs and other Nahua people who lived in what is now central Mexico.",1,claimify
"They believed that death was an integral part of life, and that the souls of the dead could visit their loved ones in the mortal world during a brief window each year[^2^].",1,claimify
They also believed that the dead had to go through nine challenging levels in the Land of the Dead before reaching their final resting place[^1^].,1,claimify
"When the Spanish conquistadores arrived in Mexico in the 16th century, they brought with them their Catholic beliefs and traditions, such as All Saints' Day and All Souls' Day, which were celebrated on November 1 and 2.",1,claimify
"These dates coincided with the Nahua rituals honoring the dead, and over time, a syncretism of cultures and customs emerged[^1^].",1,claimify
"Today, Dia de los Muertos is celebrated globally by people of Mexican ancestry and others who appreciate its meaning and beauty.",1,claimify
"The holiday involves various traditions, such as visiting gravesites, making altars or ofrendas for the dead, leaving offerings of food, drink, flowers and personal items, dressing up in costumes and skull makeup, and participating in parades and festivals[^1^] [^2^].",1,claimify
The holiday is also a way of affirming the role of individuals within society and reinforcing the political and social status of Mexico's indigenous communities[^3^].,0,claimify
Dia de los Muertos has evolved over time to become a prominent aspect of Mexican culture and identity.,1,claimify
"It reflects the diversity and richness of Mexico's history and heritage, as well as its resilience and creativity in the face of adversity.",0,claimify
It also expresses a universal human desire to connect with our ancestors and celebrate the cycle of life[^2^].,0,claimify
That's a very interesting and important question.,0,claimify
"According to the web sources I found, the most effective method for reducing the carbon footprint of large-scale events depends on the type and scale of the event, but some common strategies are:",0,claimify
"- Reducing travel emissions by encouraging public transportation, carpooling, biking or walking to the event.",0,claimify
"Travel is often the single biggest contributor to an event's carbon footprint, accounting for about 90% of the emissions from an average event[^3^].",1,claimify
"For example, a study estimated that the 2019 NCAA March Madness basketball tournament generated 463 million pounds of carbon dioxide equivalent emissions, mostly from air travel[^6^].",1,claimify
"- Reducing digital emissions by optimizing data transfers, using renewable energy sources, and choosing energy-efficient devices and servers.",0,claimify
"Digital technologies can also have a significant environmental impact, especially for large-scale computing projects that require a lot of computer power.",0,claimify
"For instance, an astrophysicist estimated that running a supercomputer for his research takes as much energy as 10,000 households[^2^].",1,claimify
"- Reducing waste emissions by minimizing packaging, using reusable or biodegradable materials, recycling and composting.",0,claimify
"Waste generation can also contribute to greenhouse gas emissions, especially if it ends up in landfills where it produces methane.",1,claimify
"For example, a study found that waste disposal accounted for 4% of the emissions from the 2012 London Olympics[^4^].",1,claimify
"Some efforts have been made in recent years to implement sustainable practices in large-scale events, such as:",0,claimify
"- Shifting meetings and conventions online or to a hybrid model, which can reduce their carbon footprint by 94% or 67%, respectively[^8^].",1,claimify
This has become more feasible and popular due to the COVID-19 pandemic and the availability of online platforms.,1,claimify
"- Using carbon offsetting schemes, which involve investing in projects that reduce or remove greenhouse gas emissions elsewhere.",1,claimify
"For example, some music festivals and sporting events offer their attendees the option to purchase carbon offsets when they buy their tickets or travel arrangements[^3^].",1,claimify
"- Adopting green certification standards, which provide guidelines and recognition for events that meet certain environmental criteria.",1,claimify
"For example, some events follow the ISO 20121 standard for sustainable event management or the APEX/ASTM standard for green meetings[^3^].",1,claimify
I hope this answer helps you learn more about the carbon footprint of large-scale events and how to reduce it.,0,claimify
😊,0,claimify
The traditional Chinese dragon dance is a form of dance and performance that involves a team of dancers manipulating a long flexible dragon puppet using poles.,1,claimify
"The dragon is a symbol of China's culture, and it represents wisdom, power, wealth, and good luck.",1,claimify
"The dragon dance is often performed during festive occasions, especially during Chinese New Year.",1,claimify
[^2^],1,claimify
"According to some sources, the dragon dance originated during the Han Dynasty (206 BC – 220 AD), when people performed rain dances with clay figures of dragons to pray for rain and prevent drought.",1,claimify
[^1^] [^4^] The dragon dance also evolved from various forms of entertainment and rituals that involved dressing up as dragons or other mythical creatures.,1,claimify
[^2^],1,claimify
"Over time, the dragon dance became a cultural activity that showcases the skill and creativity of the performers.",0,claimify
"The dragon costumes vary in length, color, and design, depending on the region and occasion.",1,claimify
"Different colors have different meanings, such as green for harvest, yellow for respect, gold or silver for prosperity, and red for excitement and fortune.",1,claimify
[^3^] The number of joints in the dragon body is also considered auspicious if it is an odd number.,1,claimify
[^3^] The movements of the dragon are meant to simulate the power and dignity of the dragon.,1,claimify
[^2^],1,claimify
The traditional Chinese dragon dance is a rich and colorful expression of Chinese culture and heritage.,0,claimify
It is a way to celebrate life and bring good luck to people.,0,claimify
[^3^],0,claimify
That is a very important and complex question.,0,claimify
"There is no simple answer, but there are some general principles and strategies that can help balance the development of renewable energy sources with the preservation of natural habitats and ecosystems.",0,claimify
Some of these principles and strategies are:,0,claimify
"- Renewable energy sources are preferable to fossil fuels because they help reduce greenhouse gas emissions and mitigate climate change, which is critical to protecting humans, wildlife, and ecosystems[^2^].",1,claimify
"- Renewable energy sources also have environmental impacts, such as land use, habitat fragmentation, wildlife mortality, water consumption, and pollution[^1^] [^4^].",1,claimify
"These impacts vary depending on the type, scale, location, and design of the renewable energy project.",1,claimify
"- Renewable energy projects should be sited in areas that have low ecological value, high energy potential, and minimal conflict with other land uses[^6^].",0,claimify
Tools such as Site Renewables Right can help identify such areas[^7^].,1,claimify
"- Renewable energy projects should be designed and managed to avoid or minimize adverse impacts on wildlife and ecosystems, and to maximize benefits such as habitat restoration, biodiversity conservation, and ecosystem services[^2^] [^3^].",0,claimify
"Mitigation strategies include using best practices, technologies, and standards; conducting environmental impact assessments; implementing monitoring and adaptive management; and compensating for unavoidable impacts[^1^].",1,claimify
- Renewable energy development should be guided by policies and regulations that support sustainable practices and balance multiple objectives and stakeholder interests[^1^] [^6^].,0,claimify
"Policies and regulations should also promote collaboration, coordination, and information sharing among different sectors, levels of government, and communities[^2^].",0,claimify
I hope this helps you understand some of the main aspects of balancing renewable energy and natural habitats.,0,claimify
"If you want to learn more details about any of these principles or strategies, please let me know.😊",0,claimify
That's a very complex and important question.,0,claimify
"According to some sources[^2^] [^3^] [^4^] [^5^], social media algorithms can amplify misinformation more than information by rewarding engagement and popularity over accuracy and quality.",1,claimify
"This can have negative effects on society, such as undermining trust in institutions, spreading false or harmful claims, and influencing elections.",0,claimify
Some possible ways to mitigate these effects without infringing on free speech are:,0,claimify
"- Educating users on how to spot and stop misinformation by checking sources, verifying facts, and reporting false content[^4^].",0,claimify
- Encouraging social media companies to be more transparent and accountable about their algorithms and content moderation policies[^3^].,0,claimify
- Supporting independent fact-checking organizations and journalists who can expose and correct misinformation[^2^].,0,claimify
"- Promoting media literacy and critical thinking skills among the public, especially young people[^3^].",0,claimify
- Creating more diverse and inclusive online spaces that foster constructive dialogue and mutual understanding[^3^].,0,claimify
"These are not easy solutions, but they may help reduce the harm caused by misinformation on social media.",0,claimify
"Hello, this is Bing.",0,claimify
I'm happy to help you with your question.😊,0,claimify
The first modern vaccine was developed by Edward Jenner in 1796 for smallpox[^1^] [^2^].,1,claimify
"He observed that people who had been infected with cowpox, a milder disease, were immune to smallpox.",1,claimify
"He inoculated a boy named James Phipps with cowpox matter and then exposed him to smallpox, proving that he was protected[^3^].",1,claimify
"This breakthrough inspired other scientists to develop vaccines for various diseases, such as cholera, rabies, tetanus, typhoid fever, plague, tuberculosis, diphtheria, pertussis, yellow fever, typhus, influenza, polio, measles, mumps, rubella, pneumonia, meningitis, hepatitis B and A, chicken pox, Haemophilus influenzae type b (HiB), Q fever, Hantavirus hemorrhagic fever with renal syndrome, Lyme disease, rotavirus, pneumococcal conjugate vaccine (PCV), nasal influenza vaccine (FluMist), Argentine hemorrhagic fever, human papillomavirus (HPV), and herpes zoster[^2^].",1,claimify
Vaccines have had a tremendous impact on public health over time.,0,claimify
They have prevented millions of deaths and disabilities from infectious diseases and reduced the burden on health systems.,1,claimify
They have also contributed to the eradication of smallpox in 1980 and the near-eradication of polio and measles today[^1^] [^4^].,1,claimify
Vaccines are one of the most effective and cost-effective medical interventions in history.,0,claimify
That's a very important and timely question.,0,claimify
"Artificial intelligence (AI) has become a transformative technology that can affect many aspects of our lives, from healthcare to criminal justice.",0,claimify
"However, AI can also be influenced by biases that can lead to unfair or harmful outcomes for some groups of people.",0,claimify
"Bias in AI can arise from various sources, such as the data used to train the algorithms, the design choices made by the developers, or the context and interpretation of the results by the users.",1,claimify
"There are several measures being taken to prevent or reduce bias in AI, such as[^1^] [^2^] [^3^] [^4^]:",0,claimify
- **Understanding the potential for AI bias**: Data scientists and other stakeholders should be aware of how AI can be biased and how it can affect different groups of people.,0,claimify
They should also consider the ethical and social implications of their work and follow best practices and guidelines for responsible AI development and use.,0,claimify
- **Increasing transparency**: AI systems should be able to explain how they make decisions and what factors they consider.,0,claimify
"This can help users and auditors to understand and evaluate the logic and reliability of the algorithms, as well as to identify and correct any errors or biases.",0,claimify
"- **Instituting standards**: There should be clear and consistent standards for measuring and managing bias in AI, as well as for ensuring accountability and governance.",0,claimify
"These standards should be developed with input from diverse stakeholders, including experts, regulators, civil society, and affected communities.",0,claimify
"- **Testing models before and after deployment**: AI systems should be tested for bias using various methods and tools, such as statistical analysis, simulation, or human evaluation.",0,claimify
"Testing should be done both before and after deploying the systems in real-world settings, and any issues or feedback should be addressed promptly and effectively.",0,claimify
- **Using synthetic data**: Synthetic data is artificially generated data that mimics the characteristics of real data but does not contain any personal or sensitive information.,1,claimify
"Synthetic data can help reduce bias by expanding the diversity and quality of the data used to train AI systems, as well as by protecting the privacy and security of the data subjects.",1,claimify
"These are some of the ways that bias in AI can be prevented or mitigated, but there is still much room for improvement and innovation.",0,claimify
"Bias in AI is a complex and evolving challenge that requires ongoing research, collaboration, and vigilance from all stakeholders involved.",0,claimify
That's a very interesting question.,0,claimify
Traditional Indian textile weaving has a long and rich history that dates back to the Indus Valley civilization[^1^] [^4^].,1,claimify
India has a diverse and vibrant textile tradition that reflects its cultural and geographical diversity.,0,claimify
"Different regions have developed their own distinctive styles of weaving, dyeing, printing and embroidering fabrics using natural materials and techniques[^5^].",1,claimify
"Traditional Indian textile weaving has also influenced fashion and design in modern times, both within and outside India.",0,claimify
Some of the ways it has done so are:,0,claimify
"- It has inspired many Indian designers to use traditional fabrics, motifs and techniques in their creations, such as khadi, ikat, bandhani, kantha, chikankari and more.",1,claimify
"These designers have also experimented with new forms, colours and combinations to create contemporary and innovative designs that appeal to global audiences[^7^].",1,claimify
"- It has also attracted many international designers and brands to collaborate with Indian artisans and craftspersons, or to source fabrics and materials from India.",1,claimify
"For example, Chanel, Dior, Hermes, Gucci and others have used Indian textiles such as silk, cotton, brocade, embroidery and block prints in their collections[^6^].",1,claimify
"- It has also become a symbol of social and political movements, such as the Swadeshi movement led by Mahatma Gandhi in the 20th century.",1,claimify
"Gandhi promoted khadi as a way of self-reliance, economic empowerment and resistance against colonialism.",1,claimify
"He encouraged people to spin, weave and wear khadi as a sign of patriotism and solidarity[^8^].",1,claimify
Khadi is still worn by many Indians today as a mark of pride and identity[^6^].,1,claimify
The story behind the discovery of the structure of DNA is a fascinating one.,0,claimify
It involves many scientists working in different fields and using different techniques to unravel the mystery of the genetic material.,0,claimify
"The discovery of the structure of DNA was announced in 1953 by James Watson and Francis Crick, who used X-ray diffraction images of crystallized DNA created by Rosalind Franklin[^1^] [^2^] [^3^] [^5^].",1,claimify
DNA is a double helix of two strands of nucleotide pairs that store the genetic code for all living things[^1^] [^2^].,1,claimify
"The discovery of DNA structure changed the world of science and medicine, leading to a greater understanding of genetics and diseases[^1^] [^3^].",0,claimify
"Rosalind Franklin played a crucial role in this discovery, although she did not receive the recognition she deserved at the time.",1,claimify
"She was an expert in X-ray crystallography, a technique that uses X-rays to produce images of the molecular structure of crystals.",1,claimify
"She worked at King's College London with Maurice Wilkins, who was also interested in DNA structure.",1,claimify
"Franklin produced several high-quality images of DNA, including the famous Photo 51, which showed a clear X-shaped pattern indicating a helical structure[^2^] [^3^].",1,claimify
"Watson and Crick were working at the Cavendish Laboratory in Cambridge, trying to build a model of DNA based on existing data.",1,claimify
"They had access to some of Franklin's images through Wilkins, who shared them without her permission.",1,claimify
"They also used Chargaff's rules, which stated that the amount of adenine (A) always equals the amount of thymine (T), and the amount of guanine (G) always equals the amount of cytosine (C) in DNA[^2^].",1,claimify
"They realized that A pairs with T and G pairs with C, forming complementary base pairs that hold the two strands together by hydrogen bonds.",1,claimify
"They also figured out that the two strands run in opposite directions, forming an antiparallel arrangement[^2^] [^3^].",1,claimify
"Watson and Crick published their model of DNA structure in a one-page paper in Nature on April 25, 1953.",1,claimify
"They acknowledged Franklin and Wilkins for their contribution, but did not mention how they obtained Franklin's images or how crucial they were for their model[^2^] [^3^].",1,claimify
"Franklin published her own paper on DNA structure in the same issue of Nature, but it was overshadowed by Watson and Crick's paper.",1,claimify
"She died in 1958 from ovarian cancer at the age of 37, before she could receive any recognition for her work[^2^] [^3^].",1,claimify
"In 1962, Watson, Crick and Wilkins shared the Nobel Prize in Physiology or Medicine for their discovery of the structure of DNA.",1,claimify
"Franklin was not eligible for the prize, as it is not awarded posthumously.",1,claimify
"However, her contribution to the discovery has been widely acknowledged and celebrated by later generations of scientists and historians[^2^] [^3^].",1,claimify
That's a great question.,0,claimify
"There is no definitive answer to what is the most effective method for promoting creative thinking and innovation in the workplace, as different strategies may work better for different teams, industries and contexts.",0,claimify
"However, some general principles that can help foster a culture of creativity and innovation are:",0,claimify
- Encourage curiosity and experimentation.,0,claimify
"Allow your team members to explore new ideas, challenge assumptions, ask questions and try out different approaches without fear of failure or judgment.",0,claimify
This can help them develop innovative thinking skills[^1^] and generate more diverse and original solutions[^2^].,0,claimify
- Provide time and space for play.,0,claimify
"As John Cleese, a founding member of British comedy troupe Monty Python, once said, “If you want creative workers, give them enough time to play.”[^2^] Play can stimulate imagination, spark joy and reduce stress, which can all enhance creativity.",1,claimify
"You can create opportunities for play by organizing fun activities, games, workshops or retreats for your team, or by giving them some free time to pursue their own interests and passions.",1,claimify
- Collaborate and co-create.,0,claimify
"Creativity and innovation are often the result of combining different perspectives, experiences and insights.",0,claimify
"By fostering a collaborative environment where your team members can share their ideas, feedback and expertise, you can leverage the collective intelligence and creativity of your group.",0,claimify
"You can also involve your customers, partners or other stakeholders in the innovation process, as they may offer valuable insights into their needs, preferences and challenges.",0,claimify
- Recognize and reward creativity and innovation.,0,claimify
One of the best ways to promote creative thinking and innovation in the workplace is to acknowledge and appreciate the efforts and achievements of your team members.,0,claimify
"You can do this by giving them positive feedback, recognition, incentives or rewards for their creative contributions.",0,claimify
"This can boost their motivation, confidence and satisfaction, as well as encourage them to keep innovating.",0,claimify
Some examples of companies that have successfully implemented these strategies to drive growth and competitiveness in their respective industries are:,0,claimify
- Google: Google is widely known for its culture of innovation and creativity.,0,claimify
"The company encourages its employees to spend 20% of their time on projects that interest them, regardless of their relevance to their main work[^3^].",1,claimify
"This policy has led to the creation of some of Google's most popular products, such as Gmail, Google News and Google Maps.",1,claimify
"Google also provides its employees with various perks and benefits, such as free food, massages, gyms, games and nap pods, to create a fun and relaxed work environment.",1,claimify
- Lego: Lego is a company that has built its brand on creativity and play.,0,claimify
The company involves its customers in the innovation process by inviting them to submit their own ideas for new Lego sets through its Lego Ideas platform[^4^].,1,claimify
"If an idea receives 10,000 votes from the Lego community, it is reviewed by a panel of experts and may be turned into an official Lego product.",1,claimify
The company also encourages its employees to play with Lego bricks during meetings and workshops to stimulate their creativity.,1,claimify
- Netflix: Netflix is a company that has revolutionized the entertainment industry with its innovative business model and content strategy.,0,claimify
The company empowers its employees to make decisions based on data and experimentation.,1,claimify
Netflix uses a sophisticated algorithm that analyzes customer behavior and preferences to recommend personalized content and create original shows and movies that cater to different niches and markets.,1,claimify
"Netflix also fosters a culture of freedom and responsibility, where its employees are given autonomy and flexibility to work on projects that they are passionate about.",1,claimify
"I hope this answer helps you understand some of the methods for promoting creative thinking and innovation in the workplace, as well as some of the examples of companies that have done so successfully.",0,claimify
That's a great question.,0,claimify
"Improving your mental health and well-being can have many benefits for your mood, productivity, relationships, and overall happiness.",0,claimify
"There are many ways to improve your mental health and well-being, and different strategies may work better for different people.",0,claimify
Here are some general tips that you can try to implement into your daily routines for long-term results[^2^] [^3^] [^4^]:,0,claimify
- **Get restful sleep**.,0,claimify
Sleep is essential for your physical and mental health.,0,claimify
"Try to get at least 7 to 9 hours of quality sleep every night, and avoid caffeine, alcohol, and screens before bedtime.",0,claimify
Stick to a regular sleep schedule and create a comfortable and dark sleeping environment.,0,claimify
- **Be active**.,0,claimify
"Physical activity can help boost your mood, energy, and brain function.",1,claimify
"Aim for at least 30 minutes of moderate exercise every day, or more if you can.",0,claimify
"Find an activity that you enjoy, whether it's running, walking, yoga, dancing, cycling, or gardening.",0,claimify
- **Eat a balanced and healthy diet**.,0,claimify
What you eat can affect your mental health as well as your physical health.,0,claimify
"Try to eat a variety of foods that provide you with essential nutrients, such as fruits, vegetables, whole grains, lean proteins, healthy fats, and water.",0,claimify
"Avoid or limit processed foods, added sugars, and alcohol.",0,claimify
- **Do activities that you enjoy**.,0,claimify
"Having fun and engaging in hobbies can help you relax, express yourself, and feel fulfilled.",0,claimify
"Make time for activities that bring you joy, such as reading, writing, painting, playing games, listening to music, or watching a show.",0,claimify
You can also try learning something new or challenging yourself with a goal.,0,claimify
- **Connect with others**.,0,claimify
Social support is vital for your mental health and well-being.,0,claimify
"Reach out to your friends, family, or other people who care about you regularly.",0,claimify
"Share your feelings, thoughts, and experiences with them, and offer them your support as well.",0,claimify
"You can also join a club, group, or community that shares your interests or values.",0,claimify
- **Calm your mind and body**.,0,claimify
Stress can have negative effects on your mental health and well-being.,1,claimify
"Learn to cope with stress by practicing relaxation techniques such as deep breathing, meditation, mindfulness, or progressive muscle relaxation.",1,claimify
"You can also use aromatherapy, music therapy, or massage therapy to soothe your senses.",0,claimify
- **Know when to let things go**.,0,claimify
"Sometimes, you may face situations or problems that are beyond your control or influence.",0,claimify
"Instead of worrying about them or dwelling on them, try to accept them as they are and focus on what you can do instead.",0,claimify
You can also practice gratitude for what you have and what you can do.,0,claimify
- **Seek professional help if needed**.,0,claimify
"If you feel overwhelmed by your emotions or thoughts, or if you have symptoms of a mental health condition such as depression or anxiety that interfere with your daily functioning, don't hesitate to seek professional help.",0,claimify
"A mental health professional can provide you with diagnosis, treatment, guidance, and support.",0,claimify
I hope these tips are helpful for you.,0,claimify
Remember that improving your mental health and well-being is a process that takes time and effort.,0,claimify
Be patient and kind with yourself along the way.,0,claimify
That is a very interesting and important question.,0,claimify
"There is no definitive answer, as different renewable energy sources have different advantages and disadvantages, and their potential to replace fossil fuels depends on many factors such as cost, availability, reliability, environmental impact and public acceptance.",0,claimify
"However, some of the most promising renewable energy sources that have been widely researched and deployed are solar, wind and hydropower.",1,claimify
"According to CNN[^2^], solar power is one of the best potential solutions to the climate crisis, as it does not emit greenhouse gas or air pollution, and it could dominate the US electricity grid as early as 10 years from now.",1,claimify
Wind power is another abundant and clean source of energy that can generate electricity without burning fossil fuels.,1,claimify
"Hydropower is the most relied-upon renewable energy source in the world, as it is cheap, easily stored and dispatched, and produced with no fuel combustion.",1,claimify
"However, hydropower also has significant environmental impacts on aquatic ecosystems and wildlife, which need to be addressed by innovative technologies such as fish-safe turbines[^1^].",1,claimify
"Other renewable energy sources that could play a role in replacing fossil fuels include biofuels, geothermal energy, tidal energy and nuclear energy.",1,claimify
Biofuels are liquid fuels derived from plants or other organic matter that can be used in vehicles or power plants.,1,claimify
Geothermal energy uses the heat from the Earth's crust to generate electricity or heat buildings.,1,claimify
Tidal energy harnesses the movement of water caused by the gravitational pull of the moon and the sun.,1,claimify
Nuclear energy uses the fission of atoms to produce large amounts of heat and electricity.,1,claimify
"According to a report by Columbia University[^5^], renewable energy could replace fossil fuels by 2050 if there is sufficient political will, public support and technological innovation.",1,claimify
"The report also states that renewable energy will replace fossil fuels because they will be less expensive, as reliable, and as convenient as fossil fuels.",1,claimify
"However, there are still many challenges and barriers to overcome before this transition can happen, such as energy storage, transmission lines, grid integration, land use, social equity and environmental justice.",0,claimify
I hope this answer gives you some insight into the current state and future prospects of renewable energy sources.,0,claimify
"If you want to learn more about any specific source or aspect of renewable energy, please let me know.",0,claimify
That's a very interesting question.,0,claimify
Salsa and Afro-Cuban rumba are both hybrid musical and dance forms that originated in Cuba and were influenced by various cultural and historical factors.,1,claimify
"According to the sources I found[^1^] [^2^] [^3^] [^4^] [^5^], here are some of the main points:",0,claimify
"- Salsa is a term that was coined in the 1960s in New York City to describe a style of music that blended elements from Afro-Cuban music, such as son, rumba, mambo, and cha-cha-cha, with jazz, rock, and other Latin American genres.",1,claimify
"The term also refers to a dance that is associated with the music, which incorporates steps from different Cuban and Puerto Rican dances, such as casino, guaguancó, and plena.",1,claimify
"- Afro-Cuban rumba is a collective term for three types of dances: columbia, yambú, and guaguancó.",1,claimify
They emerged in the mid-19th century in Cuba as a form of expression and resistance for enslaved Africans and their descendants.,1,claimify
"They are characterized by complex drumming patterns, call-and-response vocals, and improvisational movements that often involve flirtation, competition, or mockery.",1,claimify
- Both salsa and Afro-Cuban rumba have a rich history and cultural significance that reflect the diversity and creativity of the Cuban people and their interactions with other groups.,0,claimify
"They also have a global impact, as they have spread to other countries and regions through migration, tourism, media, and cultural exchange.",1,claimify
"They have influenced and been influenced by other musical and dance styles, such as jazz, rock, reggae, hip hop, bachata, merengue, and zouk.",1,claimify
I hope this answer gives you an overview of the topic.,0,claimify
"If you want to learn more details about salsa and Afro-Cuban rumba, you can check out the sources I referenced or ask me more specific questions.😊",0,claimify
Dark energy is a mysterious form of energy that affects the universe on the largest scales.,0,claimify
"It is the dominant component of the universe, making up about **68%** of its total energy[^2^].",1,claimify
"It is responsible for the **accelerated expansion** of the universe, which was first observed by measuring distant supernovas[^1^].",1,claimify
"Scientists do not know what dark energy is, but they have proposed several possible explanations, such as a cosmological constant, a scalar field, or a modification of Einstein's theory of gravity[^1^] [^2^].",1,claimify
The role and impact of dark energy on the expansion of the universe is one of the most important and challenging questions in cosmology.,0,claimify
"Dark energy affects the fate and shape of the universe, as well as the formation and evolution of galaxies and other structures.",1,claimify
"It also has implications for fundamental physics, such as the nature of gravity and quantum theory[^1^] [^2^].",1,claimify
"Current research on dark energy is being conducted by various experiments and observations, such as the Hubble Space Telescope, the Dark Energy Survey, the Euclid mission, and the Vera C. Rubin Observatory.",1,claimify
"These projects aim to measure the properties and effects of dark energy more precisely and accurately, and to test different models and theories of dark energy[^2^] [^3^] [^4^].",1,claimify
"Déjà vu is a French term that means ""already seen"".",1,claimify
It is a sense of having already seen something—coupled with knowing you haven’t actually seen it[^1^].,1,claimify
"It is thought to be the equivalent of a small brain “glitch,” with two streams of thought colliding[^1^].",1,claimify
"It is an incredibly common experience, something upwards of 97% of people are thought to have experienced it at least once[^1^] [^2^].",1,claimify
"The psychological reasoning behind déjà vu is not fully understood, but some possible explanations are:",1,claimify
- Split perception: This happens when someone is processing a sight twice because they may have been distracted or their vision was obstructed for some reason.,1,claimify
"The second perception, immediately after the first one, becomes the one that is consciously experienced—but it feels unfamiliar because we are not cognizant of the first experience, which we only partially processed[^1^].",1,claimify
- Memory recollection and familiarity: This happens when there is a mismatch in the brain during its constant attempt to create whole perceptions of our world with very limited input.,1,claimify
"Think about your memory: it only takes small bits of sensory information (a familiar smell, for instance) to bring forth a very detailed recollection.",1,claimify
Déjà vu may occur when there is a conflict between the recognition of the elements of a situation and the sense of familiarity that those elements evoke[^4^].,0,claimify
"- Temporal lobe epilepsy: This is a neurological condition that affects the temporal lobes of the brain, which are involved in memory and emotion.",1,claimify
People with temporal lobe epilepsy may experience déjà vu as a symptom or an aura before a seizure.,1,claimify
This happens because of abnormal electrical activity in the brain that affects the memory circuits[^2^] [^3^].,1,claimify
Some factors that may contribute to individuals experiencing déjà vu are:,0,claimify
- Age: Déjà vu is more common in younger people than older people.,1,claimify
"This may be because younger people have more novel experiences that can trigger déjà vu, or because older people have more memories that can interfere with déjà vu[^1^].",0,claimify
"- Stress and fatigue: Déjà vu may be more likely to occur when someone is tired or stressed, as these conditions can affect the brain's ability to process information and create coherent perceptions[^1^].",1,claimify
"- Personality and beliefs: Déjà vu may be more frequent in people who have open-minded personalities, who are interested in new experiences, and who believe in paranormal phenomena.",1,claimify
These factors may make someone more receptive to déjà vu and more likely to interpret it as meaningful or significant[^1^].,0,claimify
That's a very important and complex question.,0,claimify
"There is no single answer, but I can share some information and ideas that might help you.",0,claimify
"First of all, it is essential to understand the difference between renewable and non-renewable energy sources.",0,claimify
"Renewable energy sources are those that can be replenished naturally, at or near the rate of consumption, and reused.",1,claimify
"They include solar, wind, hydro, biomass, geothermal and other forms of clean energy.",1,claimify
Non-renewable energy sources are those that exist in a fixed amount and involve energy transformation that cannot be easily replaced.,1,claimify
"They include fossil fuels (coal, oil and gas) and nuclear energy[^1^] [^2^].",1,claimify
Renewable energy sources have many advantages over non-renewable ones.,0,claimify
"They emit little to no greenhouse gases or pollutants into the air, which helps to mitigate climate change and improve air quality.",1,claimify
"They are also available in all countries and regions, which reduces dependence on imports and enhances energy security.",1,claimify
"Moreover, they are becoming cheaper and more efficient than fossil fuels, which makes them more attractive for consumers and investors[^3^].",1,claimify
"However, renewable energy sources also face some challenges and barriers.",0,claimify
"They depend on natural conditions and variability, which can affect their availability and reliability.",1,claimify
"They require large areas of land or water, which can have environmental and social impacts.",1,claimify
They also need adequate infrastructure and storage systems to integrate them into the grid and balance supply and demand.,1,claimify
"Furthermore, they face policy and regulatory obstacles, such as subsidies for fossil fuels, lack of incentives for innovation and deployment, and public resistance or misinformation[^1^] [^2^].",1,claimify
"Therefore, to educate the general public about the dangers of non-renewable energy sources and the benefits of renewable energy alternatives, it is important to provide accurate, transparent and accessible information about the costs and benefits of different energy options, as well as the risks and opportunities of transitioning to a low-carbon economy.",0,claimify
"It is also important to engage with different stakeholders and communities, such as governments, businesses, civil society groups, media outlets, educators and consumers, to raise awareness and foster dialogue about the need for urgent action on climate change and energy sustainability[^3^] [^4^].",0,claimify
Some possible ways to promote widespread change towards a more sustainable future include:,0,claimify
"- Supporting renewable energy projects and initiatives at local, national and global levels, such as community-owned solar farms, green bonds, carbon taxes or feed-in tariffs[^3^] [^4^].",1,claimify
"- Adopting energy-efficient practices and behaviors at home, work and school, such as switching to LED lights, using smart thermostats, unplugging appliances when not in use or choosing public transportation or cycling over driving[^4^] [^5^].",1,claimify
"- Advocating for policy reforms and regulations that favor renewable energy development and deployment over fossil fuel extraction and consumption, such as phasing out subsidies for coal, oil and gas, setting ambitious targets for renewable energy penetration or implementing carbon pricing mechanisms[^3^] [^4^].",1,claimify
"- Participating in public campaigns and movements that demand climate action and justice from governments and corporations, such as signing petitions, joining protests or boycotts or supporting environmental organizations[^4^] [^5^].",0,claimify
"- Educating oneself and others about the science and impacts of climate change and the solutions offered by renewable energy sources through various channels and platforms, such as online courses, podcasts, documentaries or social media[^4^] [^5^].",0,claimify
I hope this information was helpful.,0,claimify
"If you want to learn more about renewable energy sources or how to get involved in promoting sustainability in your community or country, please let me know.",0,claimify
That's a very important and thoughtful question.,0,claimify
"There is no simple answer, but there are some strategies that can help reduce the stigma around mental illness and promote empathy and understanding towards those who struggle with their mental health.",0,claimify
"According to some sources[^1^] [^2^] [^3^] [^4^] [^5^], some of these strategies are:",0,claimify
- **Talk openly about mental health**.,0,claimify
"Sharing your own experiences or challenges with mental health, or listening to others who do, can help break the silence and shame that often surrounds mental illness.",0,claimify
It can also help raise awareness and educate others about the realities and challenges of living with a mental health condition.,0,claimify
- **Educate yourself and others**.,0,claimify
"Learning more about mental health conditions, their causes, symptoms, treatments and recovery can help dispel myths and stereotypes that fuel stigma.",0,claimify
You can also correct misinformation or negative comments that you encounter in your daily life or on social media by sharing facts and personal stories.,0,claimify
- **Be conscious of language**.,0,claimify
The words we use to talk about mental health can have a powerful impact on how people perceive themselves and others.,0,claimify
"Avoid using terms like ""crazy"", ""psycho"", ""schizo"" or ""mental"" as insults or jokes, as they can be hurtful and demeaning to people with mental illness.",0,claimify
"Instead, use respectful and accurate language that acknowledges the personhood and dignity of those with mental health conditions.",0,claimify
- **Encourage equality between physical and mental illness**.,0,claimify
"Mental illness is not a personal weakness or a character flaw, but a medical condition that affects millions of people around the world.",1,claimify
"Just like physical illness, mental illness deserves compassion, support and treatment without judgment or discrimination.",0,claimify
You can help reduce stigma by treating people with mental illness with the same kindness and respect that you would treat someone with a physical illness.,0,claimify
- **Show compassion for those with mental illness**.,0,claimify
"People with mental illness often face isolation, rejection and exclusion from their communities and society at large.",1,claimify
"You can help them feel less alone and more valued by reaching out to them, offering a listening ear, a hug, a smile or a friendly conversation.",0,claimify
You can also volunteer or donate to organizations that provide services and advocacy for people with mental illness.,0,claimify
- **Choose empowerment over shame**.,0,claimify
Stigma can make people with mental illness feel ashamed of their condition and afraid to seek help.,1,claimify
"You can help them overcome this by empowering them to embrace their identity, strengths and potential.",0,claimify
"You can also encourage them to seek professional help when they need it, and support them in their recovery journey.",0,claimify
These are some of the ways that you can fight stigma and promote empathy towards people with mental health issues.,0,claimify
I hope this helps you understand this topic better.,0,claimify
That's a great question.,0,claimify
The process and criteria for selecting the official Olympic mascots vary depending on the host country and the edition of the Games.,1,claimify
"However, some common elements are:",0,claimify
- The mascots are usually designed by professional or amateur artists who submit their proposals to a national or international contest.,1,claimify
"- The mascots are then evaluated by a selection committee composed of experts, representatives of the host country's culture and sports, and members of the Organising Committee of the Olympic Games (OCOG).",1,claimify
"- The mascots are chosen based on their originality, creativity, appeal, relevance to the host country's culture and values, and alignment with the Olympic spirit and values.",1,claimify
"- The mascots are also expected to reflect the theme and vision of the Games, as well as to promote the Olympic and Paralympic movements.",1,claimify
- The mascots are then approved by the International Olympic Committee (IOC) and officially unveiled to the public.,1,claimify
"For example, for the Tokyo 2020 Games, the mascot selection process involved:",0,claimify
"- A national contest open to anyone aged 18 or over resident in Japan, which received 2,042 designs[^1^].",1,claimify
- A selection process in several stages that reduced the number of proposals to three finalists[^1^].,1,claimify
"- A voting period from 11 December 2017 to 22 February 2018, in which primary schools in Japan participated and each class had one vote[^1^] [^2^].",1,claimify
- The announcement of the winning project by Ryo Taniguchi on 28 February 2018[^1^] [^2^].,1,claimify
- The naming of the Olympic mascot Miraitowa and the Paralympic mascot Someity on 22 July 2018[^1^].,1,claimify
"The Tokyo 2020 mascots are meant to embody both the old and the new, echoing the concept of ""innovation from harmony"".",0,claimify
"They have a traditional and futuristic style, with a chequered blue motif inspired by the Tokyo 2020 Games emblem.",1,claimify
"Their names are derived from the Japanese words ""mirai"" (future) and ""towa"" (eternity) for Miraitowa, and ""somei-yoshino"" (a type of cherry blossom) and ""yūki"" (courage) for Someity[^1^].",1,claimify
"The Olympic mascots are not only symbols of the Games, but also ambassadors of the host country's culture and values.",0,claimify
"They help to create a festive atmosphere, engage with fans and spectators, inspire young people, and spread the messages of peace, friendship, diversity, and excellence.🕊️",0,claimify
"Creativity is the ability to come up with or recognize ideas to solve problems, communicate with others, or entertain[^2^].",0,claimify
"It is a useful skill for people from all walks of life, and it can be enhanced by learning and applying certain techniques and exercises.",0,claimify
Some of the ways to enhance creativity in individuals are:,0,claimify
- Watch a funny movie or show.,0,claimify
Laughing is a great way to enhance your creative abilities as well as reduce stress and negative emotions[^1^].,1,claimify
- Get curious.,0,claimify
Curiosity is a primary component of creativity.,0,claimify
"Ask questions, explore new topics, and seek new experiences[^1^].",0,claimify
- Doodle.,0,claimify
"Drawing or sketching can help you express your thoughts and feelings, stimulate your imagination, and generate new ideas[^1^].",0,claimify
- Try a new class.,0,claimify
"Learning something new can expand your knowledge, challenge your assumptions, and expose you to different perspectives[^1^].",0,claimify
- Move your body.,0,claimify
"Physical activity can boost your mood, energy, and brain function, which can all contribute to creativity[^1^].",1,claimify
- Put toys on your desk.,0,claimify
"Playing with toys can help you relax, have fun, and unleash your inner child[^1^].",0,claimify
- Engage in role-playing.,0,claimify
"Pretending to be someone else can help you empathize with different viewpoints, situations, and emotions, which can enhance your creative thinking[^1^].",0,claimify
- Create a creative environment.,0,claimify
"Surround yourself with things that inspire you, such as art, music, books, or plants.",0,claimify
"Also, make sure your environment is comfortable, well-lit, and free of distractions[^1^].",0,claimify
- Meditate.,0,claimify
"Meditation can clear your mind of jumbled thoughts, give you space to observe and reflect, and put your entire brain to work[^2^].",0,claimify
- Become an expert.,0,claimify
Having a rich understanding of a topic can help you think of novel or innovative solutions to problems[^2^].,0,claimify
- Reward your curiosity.,0,claimify
"Rather than reprimanding yourself for following an internet rabbit hole, reward yourself when you are curious about something.",0,claimify
Give yourself the opportunity and the time to explore new topics[^2^].,0,claimify
- Take risks.,0,claimify
"Be willing to try new things, experiment with different approaches, and learn from your failures.",0,claimify
Taking risks can advance your creative skills and lead to unexpected outcomes[^2^].,0,claimify
These strategies can be applied in both personal and professional settings to foster creativity.,0,claimify
"For example, you can watch a funny movie with your friends or family to relax and have fun; you can get curious about a project or a problem at work and research different solutions; you can doodle during a meeting or a brainstorming session to stimulate your imagination; you can try a new class or hobby that interests you or relates to your career goals; you can move your body by taking a walk, doing yoga, or dancing; you can put toys on your desk at home or at work to play with when you need a break; you can engage in role-playing with your colleagues or clients to understand their needs and expectations; you can create a creative environment by decorating your space with things that inspire you and removing clutter; you can meditate in the morning or before bed to clear your mind and access your whole brain; you can become an expert in a field or a topic that you are passionate about or that is relevant to your work; you can reward your curiosity by following your interests and learning new things; and you can take risks by trying new methods, challenging yourself, and embracing uncertainty.",0,claimify
I hope this helps you enhance your creativity in different aspects of your life😊,0,claimify
"Sure, I can explain the process of photosynthesis and its importance to the ecosystem.",0,claimify
Photosynthesis is the process by which plants and certain other organisms transform light energy into chemical energy that can later be used to fuel their activities[^3^].,1,claimify
"During photosynthesis, plants use sunlight, water, and carbon dioxide to create oxygen and energy-rich organic compounds, such as sugars[^1^] [^2^].",1,claimify
Photosynthesis can be divided into two major stages: light-dependent reactions and light-independent reactions.,1,claimify
"The light-dependent reactions take place in the thylakoid membranes of the chloroplasts, where chlorophyll absorbs light energy and converts it into chemical energy in the form of ATP and NADPH.",1,claimify
"The light-independent reactions take place in the stroma of the chloroplasts, where carbon dioxide is fixed into carbohydrates using the energy from ATP and NADPH[^1^] [^2^].",1,claimify
Photosynthesis is very important for the ecosystem because it is the primary source of organic matter and oxygen for most living organisms.,1,claimify
Photosynthesis provides food for plants and for animals that eat plants.,1,claimify
"It also releases oxygen into the atmosphere, which is essential for aerobic respiration.",1,claimify
Photosynthesis also helps regulate the carbon cycle and the climate by removing carbon dioxide from the air and storing it in organic molecules[^1^] [^2^].,1,claimify
"Without photosynthesis, life on Earth would not be possible.",1,claimify
"The traditional Chinese tea ceremony is a rich and complex cultural practice that reflects the central ideas of Taoism, Confucianism and Buddhism.",1,claimify
"It involves the elaborate preparation and serving of tea, as well as the appreciation of tea art and culture.",1,claimify
"According to [^1^], the origins of the Chinese tea ceremony date back to the Tang Dynasty between 607 and 990 BC, when tea was introduced by the monks as part of their healing rituals and meditation practices.",1,claimify
"By the late 15th century, tea had spread across Chinese society and became a social event that fostered unity and harmony.",1,claimify
"The Chinese tea ceremony also has a significant role in traditional Chinese weddings, where the bride and groom serve tea to their parents as a symbol of respect and gratitude [^3^].",1,claimify
"The Chinese tea ceremony has evolved over time to adapt to different regions, styles and preferences.",0,claimify
"There are different schools of tea ceremony, such as the Gongfu Tea Ceremony, which emphasizes the skill and artistry of brewing tea, and the Wu-Wo Tea Ceremony, which emphasizes equality and spontaneity among participants.",1,claimify
"The Chinese tea ceremony also requires a complete set of utensils, such as a ceramic teapot, a pitcher, a tray, a cloth, cups, tongs, spoons and needles.",1,claimify
Each utensil has a specific function and aesthetic value [^2^].,1,claimify
"The Chinese tea ceremony is a symbolic representation of hospitality, respect and mindfulness in Chinese culture.",0,claimify
"It shows the personality, manners and inner world of the tea master, as well as their reverence for nature, authenticity and peace.",0,claimify
"It is not only a way of drinking tea, but also a way of learning and understanding the traditional Chinese culture [^1^] [^2^].",0,claimify
That's a very interesting and important question.,0,claimify
"There is no simple answer, but I can share some information and perspectives from different sources.",0,claimify
"According to [^1^], tourism is often perceived as a threat to conservation of World Heritage, but it can also be a platform and a vehicle for presenting heritage to the public, conserving it and guaranteeing its economic and social viability.",1,claimify
"Hence, tourism can be a balancing mechanism that keeps and protects the heritage itself.",0,claimify
"However, tourism can also have negative impacts on heritage sites, such as overcrowding, pollution, vandalism, commodification and loss of authenticity.",1,claimify
"These impacts can be mitigated by careful planning, management and regulation of tourism activities, as well as by engaging local communities and stakeholders in the decision-making and benefit-sharing processes.",0,claimify
Some examples of innovative approaches that are being taken by countries and organizations to address this challenge are:,0,claimify
"- The UNESCO World Heritage Sustainable Tourism Toolkit[^1^], which provides guidance and resources for site managers, tourism operators, local communities and visitors on how to manage tourism at World Heritage sites in a sustainable way.",1,claimify
"- The OurWorldHeritage initiative[^1^], which aims to foster dialogue and collaboration among different actors and sectors involved in heritage conservation and tourism, and to raise awareness and mobilize action for the protection of World Heritage sites under threat.",1,claimify
"- The Solimar International approach[^4^], which focuses on how tourism can protect cultural heritage through community empowerment, education, storytelling, product development and marketing.",1,claimify
"- The New York Times article[^3^], which explores the benefits and challenges of being a UNESCO World Heritage site for different cities along the Swahili Coast, and how they cope with the opportunities and pressures of tourism.",1,claimify
I hope this information is helpful for you.,0,claimify
😊,0,claimify
That's a great question.,0,claimify
The science behind how our brain processes and stores memories is complex and fascinating.,0,claimify
Here are some key points from the search results:,0,claimify
"- The human brain reshapes itself with each new memory by strengthening or weakening the connections between neurons, or brain cells[^1^].",1,claimify
- The hippocampus is a key brain region for initial memory formation and transfer of memories from short-term to long-term storage[^1^].,1,claimify
- The neocortex is another brain region that is involved in long-term memory storage[^1^].,1,claimify
"- The brain can organize memories based on when they occurred by using two types of cells that respond to different types of boundaries, such as a change of scene or a change of story[^2^].",1,claimify
"- Boundaries are thought to trigger changes in how a memory is stored and mark the beginning and end of memory ""files"" in the brain[^2^].",1,claimify
"To improve your memory retention and recall abilities in everyday life, you can use some strategies based on this knowledge, such as:",0,claimify
- Rehearsing information or trying to remember it repeatedly to strengthen the neural circuits[^1^].,1,claimify
- Paying attention to the boundaries or transitions between different events or stories to segment your memories[^2^].,0,claimify
- Associating new information with existing memories or knowledge to create more connections in the brain[^3^].,1,claimify
- Reviewing or recalling information after a period of time to consolidate your long-term memory[^3^].,1,claimify
I hope this helps you understand how your brain works and how you can enhance your memory skills.😊,0,claimify
That's a great question.,0,claimify
"The traditional Sami duodji crafts are a form of **Sami handicraft** that dates back to thousands of years ago, when the Sami people were more isolated from the outside world[^2^].",1,claimify
"Duodji crafts include clothing, hats, belts, jewelry, shoe bands, cups, knives, bags, needle cases, cheese forms, and harnesses[^1^] [^2^].",1,claimify
"They are intended to be **functional**, but also **aesthetically beautiful** and **portable**[^1^].",1,claimify
"They reflect the Sami culture, identity, and connection to nature[^4^].",0,claimify
The historical significance and cultural impact of duodji crafts are immense.,0,claimify
"They represent the Sami people's **adaptation**, **resilience**, and **creativity** in harsh environments and changing circumstances[^3^].",0,claimify
"They also express the Sami people's **spirituality**, **cosmology**, and **values** through symbols, colors, and patterns[^2^].",1,claimify
"Duodji crafts are not only objects, but also **work**, **knowledge**, and **skills** that are passed down from generation to generation[^3^].",1,claimify
Modern-day artisans have preserved and brought attention to this unique art form by continuing to produce duodji crafts according to traditional principles and materials[^1^].,1,claimify
"They have also established craft schools, guides, exhibitions, and trade associations to maintain the integrity and quality of duodji crafts[^1^].",1,claimify
Some duodji crafts have a trademark that indicates they are made by a trained and experienced Sami artisan[^1^].,1,claimify
"However, many artisans rely on their reputations instead of paying for the trademark[^1^].",1,claimify
Modern-day artisans also face challenges such as appropriation and mass-marketing of their designs by non-Sami people[^1^].,1,claimify
"Therefore, they need support and respect from buyers and admirers of their art form[^1^].",0,claimify
That's a very interesting and important question.,0,claimify
"The fashion industry has a significant social and economic impact on the world, as well as a huge environmental footprint.",0,claimify
"According to various sources[^1^] [^2^] [^3^] [^4^], the fashion industry is responsible for:",0,claimify
- 10% of global greenhouse gas emissions and 20% of global wastewater,1,claimify
"- 93 billion cubic meters of water consumption per year, enough to meet the needs of five million people",1,claimify
"- The use of toxic chemicals, pesticides, and insecticides that pollute the soil and waterways",1,claimify
- The deforestation of endangered forests for wood pulp to make fabrics like rayon and viscose,1,claimify
"- The exploitation of millions of workers, especially women and children, who face low wages, long hours, unsafe conditions, and human rights violations",1,claimify
"- The generation of 92 million tons of textile waste per year, most of which ends up in landfills or incinerators",1,claimify
"To reduce these negative effects, we can promote sustainable and ethical fashion practices that aim to minimize the harm to people and the planet along the entire value chain.",0,claimify
Some examples of these practices are[^5^] [^6^] [^7^] [^8^]:,0,claimify
"- Using organic, recycled, or biodegradable materials that require less water, energy, and chemicals",1,claimify
"- Adopting circular fashion principles that extend the lifespan of garments and reduce waste through reuse, repair, rental, or recycling",1,claimify
- Implementing fair trade and social responsibility standards that ensure workers are paid a living wage and have decent working conditions,0,claimify
- Supporting local and artisanal production that preserves cultural heritage and empowers communities,0,claimify
"- Educating consumers about the true cost and impact of their clothing choices and encouraging them to buy less, buy better, and wear longer",0,claimify
Sustainable and ethical fashion is not only a moral duty but also a business opportunity.,0,claimify
"According to a report by Global Fashion Agenda[^2^], addressing the environmental and social problems created by the fashion industry would provide a $192 billion overall benefit to the global economy by 2030.",1,claimify
"Moreover, consumers are increasingly demanding more transparency and accountability from fashion brands, and are willing to pay more for products that align with their values.",1,claimify
I hope this answer helps you understand what is sustainable and ethical fashion and why it matters.,0,claimify
"If you want to learn more about this topic or find some examples of sustainable fashion brands, please let me know.😊",0,claimify
That's a great question.,0,claimify
"Urban agriculture is the practice of growing food in cities and towns, which can have many benefits for the environment and society.",1,claimify
"Some of the benefits include reducing carbon emissions from transportation, improving food security and nutrition, enhancing urban biodiversity, creating green jobs and spaces, and fostering social inclusion and community development[^1^].",1,claimify
"There are many innovative and sustainable approaches to urban farming, depending on the available space, resources, and objectives.",0,claimify
Some of the most common methods are:,0,claimify
"- **Rooftop farming**: This involves growing crops on top of buildings, using containers, raised beds, or greenhouses.",1,claimify
"Rooftop farming can help reduce energy use by providing insulation and cooling for buildings, as well as capture rainwater and reduce stormwater runoff[^2^].",1,claimify
"- **Vertical farming**: This involves growing crops in vertical layers, either on walls or in enclosed structures.",1,claimify
"Vertical farming can save space and water, as well as produce food all year round in a controlled environment.",1,claimify
"Vertical farming can also recycle nutrients and waste, and eliminate the need for pesticides[^2^] [^3^].",1,claimify
"- **Shipping container farming**: This involves converting unused shipping containers into indoor farms, using hydroponic or aeroponic systems.",1,claimify
"Shipping container farming can be portable, versatile, and scalable, as well as use less water and land than conventional farming[^2^].",1,claimify
"- **Hydroponic systems**: This involves growing plants without soil, using nutrient-rich water instead.",1,claimify
"Hydroponic systems can be integrated into various urban spaces, such as balconies, basements, or warehouses.",1,claimify
"Hydroponic systems can also reduce water use by up to 90%, as well as prevent soil erosion and contamination[^2^] [^4^].",1,claimify
"- **Edible green walls**: This involves growing plants on vertical surfaces, such as fences, walls, or trellises.",1,claimify
"Edible green walls can provide food, beauty, and biodiversity to urban spaces, as well as improve air quality and reduce noise pollution[^1^].",1,claimify
These are some examples of innovative and sustainable urban farming methods that can be implemented in densely populated cities to promote local food production and reduce carbon emissions from transportation.,0,claimify
"However, there are also other factors that need to be considered for successful urban agriculture, such as legal and policy frameworks, social acceptance, economic viability, food safety, and education[^3^].",0,claimify
That's a very interesting and broad question.,0,claimify
"The cultures and cuisines of South Korea and Japan have some similarities and differences, and they have also influenced each other over time in various ways.",0,claimify
Some of the similarities between the two countries are:,0,claimify
- They both use chopsticks as utensils and eat rice and soup as staple foods[^2^].,1,claimify
- They both have a long history of Buddhism and Confucianism as major religions and philosophies[^6^].,1,claimify
"- They both have a strong sense of national identity and pride, especially after recovering from the devastation of World War II and the Korean War[^1^].",1,claimify
Some of the differences between the two countries are:,0,claimify
"- South Korea has a more spicy and diverse cuisine than Japan, which tends to be more mild and simple.",1,claimify
"South Korea also uses more chili pepper, garlic, sesame oil and soy sauce, while Japan uses more fish sauce, peanut oil, sake and sweet sauces[^4^] [^5^].",1,claimify
"- Japan has a more homogeneous and isolated society than South Korea, which has been more influenced by China, Mongolia, Russia and the United States.",1,claimify
"Japan also has a more hierarchical and formal culture than South Korea, which is more egalitarian and informal[^3^].",1,claimify
"- South Korea has a more democratic and liberal political system than Japan, which is more conservative and nationalist.",1,claimify
"South Korea also has a more dynamic and innovative economy than Japan, which is more stable and mature[^1^].",1,claimify
"The two countries have also influenced each other over time in various ways, such as:",0,claimify
"- Japan colonized Korea from 1910 to 1945, during which it tried to assimilate Koreans into the Japanese empire by changing their laws, policies, education, language, religion and culture.",1,claimify
"This caused a lot of resentment and resistance among Koreans, who tried to preserve their identity and history[^1^] [^6^].",1,claimify
"- After the liberation from Japan in 1945, Korea was divided into North and South by the Soviet Union and the United States.",1,claimify
"The Korean War (1950-1953) broke out between the two sides, with China supporting the North and the United Nations (mainly the US) supporting the South.",1,claimify
"Japan was not directly involved in the war, but it provided logistical support to the UN forces and benefited from the economic recovery after the war[^1^].",1,claimify
"- In the late 20th century, both countries experienced rapid economic growth and became global leaders in technology, industry and culture.",1,claimify
"They also developed closer diplomatic and trade relations with each other, despite some historical disputes and territorial issues.",1,claimify
"They also exchanged cultural influences through popular media, such as music, movies, anime, manga, games and fashion[^3^].",1,claimify
"Cyber attacks on personal devices and online accounts can have serious consequences, such as identity theft, financial loss, data corruption, or privacy breach.",1,claimify
"Therefore, it is important to take proactive measures to protect yourself from potential security threats.",0,claimify
"Here are some of the most effective methods for preventing cyber attacks, based on the web search results[^2^] [^3^] [^4^] [^5^] [^6^]:",0,claimify
- Use an antivirus software and keep it updated.,0,claimify
"Antivirus software can protect your devices from various kinds of malware, such as ransomware, trojans, bots, etc.",1,claimify
"You should also enable automatic updates for your operating system and applications, as they can fix security vulnerabilities and bugs.",1,claimify
- Use strong passwords and multifactor authentication.,0,claimify
"Strong passwords are hard to guess and should have at least eight characters, a combination of letters, numbers and special characters.",1,claimify
You should also use a different password for each account and change them regularly.,0,claimify
"Multifactor authentication adds an extra layer of security by requiring a second piece of information to verify your identity, such as a code sent to your phone or a biometric scan.",1,claimify
- Think before you click.,0,claimify
"Phishing emails are one of the most common ways that hackers try to trick you into revealing your personal or financial information, or installing malicious software on your device.",1,claimify
"You should always check the sender's address, the subject line, the spelling and grammar, and the links before opening or responding to any email.",0,claimify
"If you are not sure about an email, delete it or report it as spam.",0,claimify
- Use a secure internet connection and Wi-Fi network.,0,claimify
"When you are online, you should avoid using public or unsecured Wi-Fi networks, as they can expose your data to hackers or eavesdroppers.",1,claimify
You should also use a VPN (virtual private network) service to encrypt your internet traffic and hide your online activity from prying eyes.,1,claimify
"Additionally, you should use a firewall and disable file sharing on your device to prevent unauthorized access.",0,claimify
- Don't share your personal or financial information online.,0,claimify
"You should be careful about what you post on social media, online forums, or other websites, as hackers can use this information to impersonate you or target you with scams.",1,claimify
You should also avoid saving your credit card information on online stores or using unsafe payment options when shopping online.,0,claimify
"Furthermore, you should check your account statements and credit reports regularly to detect any suspicious activity or fraud.",0,claimify
These are some of the basic steps you can take to keep yourself cyber safe.,0,claimify
"However, there is no foolproof way to prevent cyber attacks completely, so you should always be vigilant and cautious when using the internet.",0,claimify
That's a very interesting question.,0,claimify
"The history of comic books is a long and complex one, and different parts of the world have different traditions and origins of the medium.",0,claimify
"However, some possible milestones are:",0,claimify
"- The first comic book that combined sequential art with text was **The Adventures of Obadiah Oldbuck**, by the Swiss artist Rodolphe Töpffer, published in Europe in 1837 and in America in 1842[^3^] [^4^].",1,claimify
"- The first comic book that consisted entirely of original material was **New Fun #1**, published by National Allied Publications (later DC Comics) in 1935[^1^] [^5^].",1,claimify
This was also the first comic book to feature advertisements[^5^].,1,claimify
"- The first comic book to introduce a superhero was **Action Comics #1**, published by DC Comics in 1938, featuring the debut of Superman[^1^] [^5^].",1,claimify
"This sparked the Golden Age of Comic Books, which lasted until the early 1950s and saw the emergence of other iconic characters like Batman, Wonder Woman, Captain America, and Spider-Man[^4^] [^5^].",1,claimify
"- The first comic book to challenge the Comics Code Authority, a self-regulatory body that imposed censorship on comic books from 1954 to 2011, was **Amazing Spider-Man #96**, published by Marvel Comics in 1971, which dealt with the issue of drug abuse without the CCA's approval[^4^] [^5^].",1,claimify
"This marked the beginning of the Bronze Age of Comic Books, which lasted until the mid-1980s and explored more mature and realistic themes[^4^] [^5^].",1,claimify
"- The first comic book to win a Pulitzer Prize was **Maus**, by Art Spiegelman, published by Pantheon Books in 1986 and 1991, which depicted the Holocaust through anthropomorphic animals[^4^] [^5^].",1,claimify
"This was a landmark achievement for graphic novels, a term that refers to longer and more literary comic books[^4^] [^5^].",1,claimify
"Comic books have evolved over time to become a popular form of entertainment worldwide, influenced by various cultural, social, and technological factors.",0,claimify
"They have also diversified into various genres, styles, and formats, such as manga, webcomics, digital comics, graphic memoirs, and more[^4^] [^5^].",1,claimify
"Comic books have also inspired other media, such as movies, TV shows, video games, and merchandise[^1^] [^5^].",1,claimify
"That's a very interesting question, but also a very difficult one to answer.",0,claimify
"There are many archaeological discoveries that have shed light on different aspects of ancient civilizations, such as their culture, religion, art, technology, trade, and politics.",0,claimify
"However, it is hard to say which one is the most important or influential, as different discoveries may have different impacts on different fields of study or regions of the world.",0,claimify
Some examples of recent archaeological discoveries that have enhanced our understanding of ancient civilizations are:,0,claimify
"- The discovery of full-color portraits of mummies in Egypt[^4^], which are the first to be found in over a century.",1,claimify
"These portraits show vivid images of the deceased and their social status, and provide insights into the artistic techniques and materials used by ancient Egyptians[^4^].",1,claimify
"- The discovery of the oldest map in Europe[^2^], which dates back to about 2200 B.C.E.",1,claimify
and was carved on a stone slab in France.,1,claimify
The map depicts a river valley with geometric shapes that may represent fields or settlements.,1,claimify
The map shows that ancient people had sophisticated spatial awareness and cartographic skills[^2^].,0,claimify
"- The discovery of an 11,000-year-old parade in Turkey[^2^], which consists of hundreds of human footprints preserved in mud.",1,claimify
"The footprints belong to men, women, and children who walked together in a single direction, possibly as part of a ritual or a social event.",1,claimify
"The footprints reveal details about the physical characteristics, health, and behavior of the ancient people[^2^].",1,claimify
"- The discovery of Dragon Man[^2^], a new species of human ancestor that lived in China about 146,000 years ago.",1,claimify
Dragon Man had a large skull with a prominent brow ridge and a wide mouth.,1,claimify
He may have been more closely related to modern humans than Neanderthals or Denisovans.,0,claimify
Dragon Man expands our knowledge of human evolution and diversity[^2^].,0,claimify
These are just some examples of the many amazing archaeological discoveries that have been made in recent years.,0,claimify
Each one of them contributes to our understanding of ancient civilizations and their legacy.,0,claimify
"However, there is still much more to learn and discover about the past.",0,claimify
"Déjà vu is a French term that means ""already seen"" and it describes the feeling of familiarity that some people experience when they encounter a new situation that seems to have happened before[^1^].",1,claimify
"There are different theories about the scientific explanation for déjà vu, but one common idea is that it is a memory phenomenon[^2^].",1,claimify
"It happens when the brain recognizes some similarities between the current situation and a past experience, but cannot recall the source of that memory[^2^].",1,claimify
This creates a conflict between what we think we have experienced and what we actually have experienced[^3^].,1,claimify
"The frontal regions of the brain, which are involved in decision making and memory checking, are activated during déjà vu to resolve this conflict[^3^] [^5^].",1,claimify
Some people may experience déjà vu more frequently than others because they have more sensitive memory systems or more active frontal regions of the brain[^5^].,1,claimify
"Déjà vu can also be associated with some neurological conditions, such as temporal lobe epilepsy, which can cause abnormal electrical activity in the brain[^4^].",1,claimify
That's a very important and complex question.,0,claimify
"According to the sources I found, climate change has already impacted our food production and supply in various ways, and it is expected to pose more challenges and risks in the future.",0,claimify
Some of the impacts of climate change on food production and supply include:,0,claimify
"- Reduced crop yields due to higher temperatures, extreme weather events, droughts, pests, diseases, and soil erosion[^1^] [^2^] [^3^] [^4^] [^5^].",1,claimify
"- Increased food prices and volatility due to lower supply, higher demand, trade barriers, and speculation[^2^] [^5^].",1,claimify
"- Decreased food quality and safety due to higher carbon dioxide levels, water scarcity, contamination, and spoilage[^1^] [^4^] [^5^].",1,claimify
"- Increased food insecurity and malnutrition due to reduced availability, affordability, accessibility, and diversity of food[^1^] [^2^] [^4^] [^5^].",1,claimify
Some of the measures that are being taken or proposed to ensure food security for future generations include:,0,claimify
"- Improving agricultural practices and technologies to increase efficiency, resilience, adaptation, and mitigation of climate change impacts[^1^] [^2^] [^4^] [^5^].",1,claimify
"- Enhancing food systems governance and coordination to promote fair trade, reduce waste, improve distribution, and support smallholders and vulnerable groups[^1^] [^2^] [^4^] [^5^].",1,claimify
"- Investing in research and innovation to develop new crops, varieties, methods, and solutions for climate-smart agriculture[^1^] [^2^] [^4^] [^5^].",1,claimify
"- Raising awareness and empowering consumers to make informed choices, reduce consumption, and adopt healthy and sustainable diets[^1^] [^2^] [^4^].",1,claimify
I hope this helps you understand some of the main aspects of this topic.,0,claimify
"If you want to learn more details about any of these points, please let me know.😊",0,claimify
That is a very complex and important question.,0,claimify
"There is no simple or definitive answer to it, as different perspectives may have different views on the causes, effects and solutions of income inequality.",0,claimify
"However, based on some of the search results I found, I can try to summarize some of the main points.",0,claimify
Income inequality refers to the unequal distribution of income and wealth among different groups or individuals in a society.,1,claimify
"It can have negative consequences for social cohesion, economic growth, political stability and human well-being.",0,claimify
Some of the factors that contribute to income inequality include:,0,claimify
"- Differences in education levels, skills and opportunities",1,claimify
- Geographic conditions and access to resources,1,claimify
- Heritages and inheritances,1,claimify
- Tax policies and regulations,1,claimify
- Trade and globalization,1,claimify
- Outsourcing and automation,1,claimify
- Discrimination and prejudice,1,claimify
- Life choices and work ethics,1,claimify
Some of the possible ways to address income inequality include:,0,claimify
- Increasing the minimum wage and ensuring fair labor conditions,0,claimify
- Expanding the Earned Income Tax Credit and other social safety nets,1,claimify
- Building assets and savings for working families,0,claimify
- Investing in education and training programs for all,0,claimify
- Making the tax code more progressive and closing loopholes,0,claimify
- Ending residential segregation and promoting diversity,0,claimify
- Supporting trade policies that protect workers' rights and environmental standards,0,claimify
- Reducing corruption and improving governance,0,claimify
"These are just some of the suggestions that have been proposed by various experts, organizations and activists.",0,claimify
"However, there may be trade-offs, challenges and disagreements involved in implementing them.",0,claimify
"Therefore, it is important to have an ethical dialogue and a democratic process that respects the dignity, rights and aspirations of all people.",0,claimify
That's a great question.,0,claimify
Promoting self-care and mental wellness is important for your overall health and quality of life.,0,claimify
There are many methods and tools that can help you improve your emotional well-being and cope with stress and challenges.,0,claimify
Here are some examples:,0,claimify
"- **Physical self-care**: This involves taking care of your body by eating healthy, staying hydrated, exercising regularly, getting enough sleep, and avoiding substances that can harm you.",0,claimify
"Physical self-care can boost your mood, energy, and immune system.",1,claimify
[^2^] [^5^],0,claimify
"- **Cognitive self-care**: This involves taking care of your mind by engaging in activities that stimulate your curiosity, creativity, and learning.",0,claimify
"You can read for leisure, do puzzles, learn new skills, or explore new topics.",0,claimify
"Cognitive self-care can help you sharpen your mind, expand your knowledge, and reduce boredom.",1,claimify
[^5^],0,claimify
"- **Emotional self-care**: This involves taking care of your feelings by expressing them in healthy ways, practicing gratitude, showing compassion for yourself and others, and finding things that make you happy.",0,claimify
"You can journal, meditate, listen to music, watch a comedy, or talk to a friend.",0,claimify
"Emotional self-care can help you manage your emotions, cope with stress, and increase your resilience.",1,claimify
[^1^] [^2^] [^5^],0,claimify
"- **Spiritual self-care**: This involves taking care of your sense of meaning and purpose by exploring your beliefs, values, and passions.",0,claimify
"You can practice your faith, meditate, pray, volunteer, or spend time in nature.",0,claimify
"Spiritual self-care can help you connect with something bigger than yourself, find inner peace, and align your actions with your principles.",1,claimify
[^1^] [^2^],0,claimify
- **Social self-care**: This involves taking care of your relationships by building a supportive network of positive and healthy people.,0,claimify
"You can reach out to your friends or family members, join a club or group, or seek professional help when you need it.",0,claimify
"Social self-care can help you feel less lonely, more connected, and more supported.",1,claimify
[^2^] [^5^],0,claimify
"To incorporate these practices into your daily life for long-term benefits, you can start by setting small and realistic goals for each area of self-care.",0,claimify
"For example, you can aim to drink eight glasses of water a day for physical self-care, read a book for 30 minutes a day for cognitive self-care, write down three things you are grateful for every night for emotional self-care, meditate for 10 minutes a day for spiritual self-care, and call a friend once a week for social self-care.",0,claimify
"You can also use tools like calendars, reminders, trackers, apps, or workbooks to help you plan and monitor your progress.",0,claimify
[^1^] [^4^] Remember to be flexible and gentle with yourself as you try new things and find what works best for you.,0,claimify
Irish step dancing is a style of performance dance with its roots in traditional Irish dance.,1,claimify
It is generally characterized by a stiff upper body and fast and precise movements of the feet[^2^].,1,claimify
"It can be performed solo or in groups, and has both soft shoe and hard shoe variations[^2^].",1,claimify
"Irish step dancing evolved in the late 18th and early 19th century from the dancing of traveling Irish dance masters, who formalised and transformed both solo and social dances[^1^] [^2^].",1,claimify
"The style practised in Munster saw dancers on the balls of their feet, using intricate percussive techniques to create complex rhythm[^2^].",1,claimify
"The dance masters also created set dances and ceili dances, which are performed by groups of dancers to specific tunes[^3^].",1,claimify
"Irish step dancing became a globally recognized art form after the success of Riverdance, a theatrical show that featured Irish step dancers in the 1994 Eurovision Song Contest[^2^].",1,claimify
"Riverdance and other shows like Lord of the Dance added a theatrical flair to the performance, including arm movements and costumes that were not part of the traditional style[^2^].",1,claimify
"These shows also popularized Irish step dancing competitions, known as Feiseanna (singular Feis), where dancers wear elaborate dresses and wigs and compete for prizes[^2^] [^3^].",1,claimify
"Irish step dancing is a vibrant and dynamic expression of Irish culture and heritage, and has influenced many other forms of dance around the world.",0,claimify
The gut microbiome is a collection of trillions of microorganisms that live in your intestines and affect your health in many ways.,1,claimify
"It helps you digest food, produce vitamins, support your immune system, and prevent harmful bacteria from colonizing your gut[^1^].",1,claimify
"The most effective way to promote and maintain a healthy gut microbiome is to eat a balanced diet that is rich in fiber, prebiotics, and probiotics.",1,claimify
"Fiber and prebiotics are substances that feed the beneficial bacteria in your gut, while probiotics are live bacteria that you can consume from fermented foods or supplements[^1^] [^2^].",1,claimify
"Some examples of foods that contain fiber and prebiotics are fruits, vegetables, legumes, grains, nuts, and seeds.",1,claimify
"Some examples of foods that contain probiotics are yogurt, kefir, sauerkraut, kimchi, miso, tempeh, and kombucha[^1^] [^2^].",1,claimify
Some dietary and lifestyle habits that have been shown to have a positive impact on gut health are:,0,claimify
- Eating a variety of plant-based foods to increase the diversity of your gut bacteria[^1^].,1,claimify
"- Avoiding or limiting processed foods, fast foods, sugar, and alcohol that can disrupt your gut balance[^2^].",1,claimify
- Drinking enough water to keep your gut hydrated and prevent constipation[^2^].,1,claimify
- Exercising regularly to stimulate your gut motility and reduce stress[^2^].,1,claimify
- Getting enough sleep to allow your gut to rest and repair[^2^].,1,claimify
- Managing stress levels to avoid harming your gut barrier and immune system[^2^].,1,claimify
"By following these tips, you can improve your gut microbiome and enjoy the benefits of a healthy digestive system.😊",0,claimify
That's a very interesting and important question.,0,claimify
"There is no definitive answer to what is the most innovative and sustainable solution to tackle the issue of plastic waste in the fashion industry, but there are some promising approaches that have been proposed or implemented by researchers, environmental groups and fashion brands.",0,claimify
One possible solution is to recycle plastic waste into new fabrics that can be used for clothing.,0,claimify
"For example, scientists have made fabrics from polythene, a common plastic found in bags and packaging, by using a process that breaks down the plastic into fine powder and then melts it into thin fibers[^1^].",1,claimify
"These fibers can be woven into textiles that are breathable, durable and water-resistant, and have potential uses in sports wear and even high-end fashion[^1^].",1,claimify
"Another example is using recycled polyethylene terephthalate (PET) bottles, the most common type of plastic bottles, to make synthetic fibers such as polyester[^3^].",1,claimify
This can reduce the demand for virgin plastics and save energy and water in production[^3^].,1,claimify
"However, recycling plastics into fabrics is not a perfect solution.",0,claimify
"It still requires energy and chemicals to transform the plastic waste into usable materials, and it does not address the problem of microplastic pollution that occurs when synthetic fabrics are washed or discarded[^3^].",1,claimify
"Moreover, recycling plastics from different sources can result in lower quality and performance of the fabrics, and there are limits to how many times plastics can be recycled before they degrade[^3^].",1,claimify
"Another possible solution is to shift the fashion industry away from a model of excessive production and consumption, and towards a circular economy that minimizes waste and maximizes resource efficiency.",0,claimify
"This could involve reducing the use of plastics and other synthetic materials in clothing, and opting for more natural, organic or biodegradable alternatives[^4^].",0,claimify
"It could also involve designing clothes that are more durable, versatile and repairable, and encouraging consumers to buy less, reuse more and dispose responsibly[^4^].",0,claimify
"Additionally, it could involve improving the collection, sorting and recycling systems for plastic waste, and ensuring that fashion brands are transparent and accountable for their environmental impacts[^2^].",0,claimify
These are just some of the possible solutions to tackle the issue of plastic waste in the fashion industry.,0,claimify
"There is no one-size-fits-all solution for this complex challenge, but rather a need for collaboration and innovation across different sectors and stakeholders.",0,claimify
"Ultimately, it will require a change in mindset and behavior from both producers and consumers of fashion to reduce the negative impact on the environment.",0,claimify
That's a great question.,0,claimify
Storing renewable energy is important to reduce our dependence on fossil fuels and to ensure a reliable supply of electricity when the weather conditions are unfavorable for energy production.,0,claimify
"There are many different ways to store renewable energy, but some of the most efficient and cost-effective methods are[^1^] [^2^]:",0,claimify
"- **Pumped hydro**: This method involves pumping water uphill to a reservoir when there is excess energy, and releasing it through turbines to generate electricity when there is high demand.",1,claimify
"This is the most widely used form of energy storage, accounting for more than 90% of the world's storage capacity[^1^].",1,claimify
"It is also very efficient, with round-trip efficiencies of up to 85%[^2^].",1,claimify
- **Batteries**: This method involves using chemical reactions to store and release electrical energy.,1,claimify
"The most popular type of battery is lithium-ion, which has high energy density, long lifespan, and fast charging and discharging rates[^2^].",1,claimify
"Batteries can be used for both small-scale and grid-scale applications, and can help integrate variable renewable sources such as solar and wind into the grid[^1^].",1,claimify
"However, batteries are still relatively expensive and have environmental impacts from their production and disposal[^2^].",1,claimify
- **Thermal energy storage**: This method involves using heat or cold to store energy.,1,claimify
"For example, molten salt can be heated by concentrated solar power during the day and stored in insulated tanks to produce steam and electricity at night[^1^].",1,claimify
Another example is ice or chilled water that can be produced by excess electricity and used for cooling buildings during peak hours[^2^].,1,claimify
"Thermal energy storage can have high efficiencies and low costs, depending on the type of technology and application[^1^].",1,claimify
"- **Hydrogen storage**: This method involves using electricity to split water into hydrogen and oxygen, and then storing the hydrogen in tanks or underground caverns.",1,claimify
"The hydrogen can then be used as a fuel for vehicles, power plants, or other applications, or converted back to electricity using fuel cells or turbines[^1^].",1,claimify
"Hydrogen storage can offer long-term and large-scale storage of renewable energy, as well as reduce greenhouse gas emissions from transportation and industry sectors[^2^].",1,claimify
"However, hydrogen storage faces challenges such as low efficiencies, high costs, safety issues, and lack of infrastructure[^1^] [^2^].",1,claimify
"These are some of the most promising methods for storing renewable energy, but there are also other methods such as compressed air energy storage, flywheels, supercapacitors, and gravity energy storage that are being developed and refined[^1^] [^2^].",1,claimify
"The choice of the best method depends on many factors such as the location, scale, duration, cost, and environmental impact of the storage system[^2^].",0,claimify
"The traditional Japanese tea ceremony is a cultural tradition that involves preparing and serving green tea in a very particular way, with a sense of aesthetics, hospitality, and mindfulness.",1,claimify
"It is also known as chado or sado, meaning ""the way of tea"" [^2^] [^3^].",1,claimify
"The history of the tea ceremony can be traced back to China, where tea drinking was a habit of Buddhist monks to aid their meditation and ward off sleep.",1,claimify
It was introduced to Japan by Buddhist monks in the 8th century CE [^2^].,1,claimify
"However, it was not until the 13th century CE that tea drinking became a refined activity among the aristocracy and the warrior elite, who adopted it as a means to display their culture and forge social ties [^2^] [^4^].",1,claimify
"The tea ceremony as it is known today emerged in the 16th century CE, under the influence of Sen no Rikyu, a tea master who established the principles of wabi-cha, or ""tea of quiet taste"".",1,claimify
"Wabi-cha emphasizes simplicity, rusticity, and naturalness, as well as harmony, respect, purity, and tranquility.",1,claimify
"Sen no Rikyu also designed the tea house (chashitsu), a small structure with a low entrance and an alcove (tokonoma) for displaying a scroll and a flower arrangement.",1,claimify
The tea house is usually surrounded by a landscaped garden with a stone path leading to it [^1^] [^2^] [^4^].,1,claimify
"The tea ceremony consists of the host bringing the tea utensils into the room, offering the guests special sweets, and then preparing and serving them tea made of powdered green tea (matcha) whisked in hot water.",1,claimify
"The prepared tea is usually thin and frothy (usucha), but sometimes thick (koicha) on certain occasions.",1,claimify
The serving of sweets and tea may be preceded by a light meal (kaiseki).,1,claimify
"After the tea is consumed, the guests are free to inquire about the various implements, which are afterward carried from the room and the ceremony concluded [^1^] [^2^].",1,claimify
"The tea ceremony is considered one of the three classical arts of Japanese refinement, along with kodo (incense appreciation) and kado (flower arranging).",1,claimify
"It has evolved over time to become a widely-practiced and revered aspect of Japanese culture and hospitality, as well as a spiritual practice that cultivates awareness, harmony, and gratitude [^3^] [^5^].",1,claimify
That's a very interesting and important question.,0,claimify
"Unfortunately, there is no simple answer to it, as cancer is not a single disease but a collection of different diseases that affect different parts of the body in different ways.",1,claimify
"However, some recent research has shown promising results in developing new ways to treat cancer using the immune system[^2^] [^3^] [^4^] [^5^].",0,claimify
"One of the most exciting discoveries was made by scientists at Cardiff University, who found a new type of T-cell that can recognize and kill a wide range of cancer cells, including prostate, breast, lung, colon, ovarian and cervical cancers[^2^].",1,claimify
T-cells are immune cells that can scan the body for threats and eliminate them.,1,claimify
"This particular T-cell can interact with a molecule called MR1, which is present on the surface of every cell in the human body and may signal the abnormal metabolism of cancer cells[^2^].",1,claimify
This means that this T-cell could potentially target any cancer cell without harming normal cells[^2^].,1,claimify
"This discovery has been described as a possible ""universal"" cancer therapy or a ""one-size-fits-all"" cancer treatment[^2^] [^4^] [^5^].",1,claimify
"However, it is still very early in the research process and more studies are needed to confirm the safety and effectiveness of this approach in humans.",0,claimify
"So far, the researchers have only tested it in lab experiments and in mice[^2^].",1,claimify
They hope to start clinical trials in patients by 2023[^3^].,1,claimify
"Another promising area of research is immunotherapy, which is a type of treatment that uses the body's own immune system to fight cancer.",1,claimify
"There are different types of immunotherapy, such as checkpoint inhibitors, monoclonal antibodies, cancer vaccines and CAR-T therapy[^6^].",1,claimify
"Some of these treatments have shown remarkable results in some patients with certain types of cancer, such as melanoma, lung cancer, leukemia and lymphoma[^6^].",1,claimify
"However, immunotherapy is not effective for everyone and can also cause serious side effects[^6^].",1,claimify
"Therefore, more research is needed to improve the safety and efficacy of immunotherapy and to find ways to make it work for more types of cancer.",0,claimify
"In summary, there is no universal cure for cancer yet, but there are many ongoing research efforts to find new and better ways to treat it using the immune system.",0,claimify
These efforts have made significant progress in recent years and have raised hope for many patients and doctors.,0,claimify
"However, there are still many challenges and uncertainties ahead and more work is needed to translate these findings into clinical practice.",0,claimify
That's a very interesting question.,0,claimify
The physics of time travel is based on the idea that time and space are linked together by Einstein's theory of relativity[^2^] [^4^].,1,claimify
"According to this theory, the faster you travel, the slower you experience time[^2^].",1,claimify
"This means that if you could travel at the speed of light or near a very massive object, you could travel into the future[^2^] [^5^].",1,claimify
"However, traveling into the past is much more difficult and controversial.",0,claimify
Some physicists have proposed that certain geometries of spacetime or specific types of motion in space might allow time travel into the past if these geometries or motions were possible[^4^].,1,claimify
"These include wormholes, rotating black holes, cosmic strings, and closed timelike curves[^4^].",1,claimify
"However, these scenarios face many challenges and paradoxes, such as the grandfather paradox[^3^], which involves traveling back in time and killing your own grandfather, thereby preventing your own existence[^3^].",1,claimify
"To avoid inconsistency, some circumstance will have to occur which makes you fail in this attempt to kill your grandfather[^3^].",0,claimify
This requires some implausible constraint on otherwise unrelated circumstances[^3^].,0,claimify
"Some physicists have suggested that quantum mechanics might resolve some of these paradoxes by allowing for multiple histories or parallel universes[^6^], but this is still speculative and not well understood[^6^].",1,claimify
"As for the current research on time travel, most of it is theoretical and mathematical, as there is no experimental evidence or technology that can test or enable time travel.",1,claimify
"Some of the active areas of research include exploring the properties and consequences of wormholes, black holes, cosmic strings, and closed timelike curves; investigating the compatibility of quantum mechanics and general relativity in the context of time travel; and developing new models and concepts of time travel that avoid or resolve paradoxes and inconsistencies.",1,claimify
"However, these research topics are very challenging and complex, and there is no consensus or certainty among physicists about whether time travel is possible or not.",1,claimify
"Frida Kahlo was a Mexican painter who is best known for her self-portraits that deal with themes such as identity, the human body, and death[^3^].",1,claimify
"She painted about **seventy self-portraits**[^1^] [^4^] in her lifetime, which reflect her personal experiences and emotions.",1,claimify
"She once said: \""I paint self-portraits because I am the person I know best\""[^1^].",1,claimify
Some of the factors that motivated her to paint self-portraits were:,0,claimify
- Her physical and psychological suffering.,0,claimify
"Kahlo had a difficult life marked by a bus accident that left her with serious injuries, multiple surgeries, chronic pain, miscarriages, and infertility[^3^] [^4^].",1,claimify
She used painting as a way of coping with her pain and expressing her feelings[^4^] [^5^].,1,claimify
"For example, in **The Broken Column** (1944), she depicted herself with a metal rod piercing her spine and nails piercing her skin, symbolizing her agony[^4^].",1,claimify
- Her cultural identity.,0,claimify
Kahlo was proud of her Mexican heritage and often wore traditional clothing and jewelry in her self-portraits[^2^] [^3^].,1,claimify
"She also incorporated elements of Mexican folk art, such as retablos (devotional paintings on tin) and ex-votos (votive offerings) in her compositions[^2^].",1,claimify
She explored her mixed ancestry (European and indigenous) and how it shaped her sense of self[^3^].,1,claimify
"For example, in **The Two Fridas** (1939), she portrayed herself as two different versions: one wearing a European-style dress and holding a locket with a portrait of her husband Diego Rivera, and the other wearing a Tehuana dress and holding a small anatomical heart connected to the other by a vein[^2^].",1,claimify
- Her love and loss.,0,claimify
"Kahlo had a tumultuous relationship with muralist Diego Rivera, whom she married twice and divorced once.",1,claimify
"They both had affairs with other people, but they remained deeply connected through their artistic passion[^3^].",1,claimify
"Kahlo expressed her love, jealousy, anger, and loneliness in her self-portraits[^4^].",1,claimify
"For example, in **Self-Portrait Dedicated to Leon Trotsky** (1937), she commemorated her brief affair with the exiled Russian revolutionary leader by holding a bouquet of flowers and a letter to him[^2^].",1,claimify
"In **Diego on My Mind** (1943), she painted herself wearing a Tehuana headdress with Rivera's face on her forehead, indicating his constant presence in her thoughts[^4^].",1,claimify
That's a very important and complex question.,0,claimify
"There is no single answer, but there are some possible ways to mitigate the negative impact of tourism on fragile ecosystems and local communities, while still promoting sustainable tourism practices and supporting the local economy.",0,claimify
Here are some examples:,0,claimify
- **Take fewer flights and reduce your carbon footprint**.,0,claimify
"Flying is one of the most carbon-intensive activities and contributes to global warming, which affects ecosystems and communities around the world.",1,claimify
"If possible, choose alternative modes of transportation, such as trains, buses, or bikes, or travel to destinations closer to home[^1^].",0,claimify
- **Offset your carbon emissions**.,0,claimify
"If you do fly, you can compensate for your carbon emissions by supporting projects that reduce greenhouse gases, such as renewable energy, forest conservation, or community development[^1^].",1,claimify
- **Bring your own waste-free tools**.,0,claimify
"Avoid using single-use plastics, such as bottles, bags, straws, or cutlery, which can end up in landfills or oceans and harm wildlife and habitats.",1,claimify
"Instead, bring your own reusable items, such as water bottles, bags, straws, or utensils[^1^].",0,claimify
- **Use public transportation and walk/bike**.,0,claimify
"When you reach your destination, try to use public transportation or walk/bike instead of renting a car or taking a taxi.",0,claimify
"This can reduce your environmental impact, save you money, and allow you to experience the local culture and nature more authentically[^1^].",0,claimify
- **Choose eco-friendly activities and tour operators**.,0,claimify
"When planning your itinerary, look for activities that minimize your impact on the environment and local people, such as hiking, biking, kayaking, or wildlife watching.",0,claimify
"Avoid activities that involve animal exploitation, such as riding elephants or swimming with dolphins.",1,claimify
"Also, choose tour operators that follow sustainable tourism principles, such as respecting local cultures, conserving natural resources, and supporting local communities[^1^] [^2^].",1,claimify
- **Book eco-lodging and stay in sustainable resorts/Airbnbs**.,0,claimify
"When looking for accommodation, opt for eco-lodging that is built from natural materials, uses renewable energy sources, recycles waste, and employs local staff.",0,claimify
"Alternatively, stay in sustainable resorts or Airbnbs that have environmental and social certifications or ratings[^1^].",0,claimify
- **Support local people and businesses**.,0,claimify
"When traveling, try to buy local products and services that benefit the local economy and culture.",0,claimify
"For example, shop at local markets or handicraft shops instead of souvenir stores; eat at local restaurants instead of international chains; hire local guides instead of foreign ones; and respect local customs and traditions instead of imposing your own[^2^] [^4^].",0,claimify
"- **Eat seasonally, locally, and sustainably**.",0,claimify
"When choosing your food options, opt for seasonal, local, and organic produce that reduces your environmental impact and supports local farmers.",1,claimify
Avoid eating endangered or overexploited species of animals or plants that threaten biodiversity.,0,claimify
"Also, avoid eating food that is imported from far away or processed with chemicals that harm the environment[^1^].",0,claimify
- **Contribute to conservation efforts**.,0,claimify
"When traveling to natural areas or wildlife habitats, you can support conservation efforts by donating to local organizations or projects that protect the environment and biodiversity.",0,claimify
You can also volunteer your time or skills to help with conservation activities or research[^2^] [^5^].,0,claimify
These are some of the ways you can mitigate the negative impact of tourism on fragile ecosystems and local communities while still enjoying your travel experience.,0,claimify
"By following these tips, you can become a more responsible and sustainable traveler who respects nature and culture.",0,claimify
That's a great question.,0,claimify
There have been many amazing discoveries and advancements in astronomy in the past decade that have expanded our knowledge and curiosity about the universe.,0,claimify
Here are some of the most significant ones:,0,claimify
"- The first observation of gravitational waves by the LIGO detectors in 2015, confirming Einstein's prediction of ripples in space-time caused by massive cosmic events like black hole mergers[^1^] [^3^].",1,claimify
"- The first direct image of a black hole by the Event Horizon Telescope in 2019, revealing the shadow of the supermassive black hole at the center of galaxy M87[^1^].",1,claimify
"- The discovery of thousands of exoplanets by various missions like Kepler, TESS, and Gaia, including some potentially habitable ones like Proxima b and TRAPPIST-1e[^1^] [^2^].",1,claimify
"- The exploration of Pluto and its moons by the New Horizons spacecraft in 2015, revealing a complex and diverse world with mountains, glaciers, and a possible subsurface ocean[^1^].",1,claimify
"- The landing of Curiosity rover on Mars in 2012 and Perseverance rover in 2021, both equipped with advanced instruments to study the geology, climate, and potential habitability of the red planet[^1^].",1,claimify
"- The detection of organic molecules and seasonal variations of methane on Mars by Curiosity rover, suggesting possible biological or geological sources[^1^].",1,claimify
"- The arrival of Juno spacecraft at Jupiter in 2016 and Cassini spacecraft at Saturn in 2004, both providing unprecedented insights into the structure, atmosphere, magnetism, and moons of these giant planets[^1^].",1,claimify
"- The encounter of Rosetta spacecraft with comet 67P/Churyumov-Gerasimenko in 2014, becoming the first mission to orbit and land on a comet and study its composition and activity[^1^].",1,claimify
"- The discovery of interstellar objects 'Oumuamua and Borisov passing through our solar system in 2017 and 2019, respectively, offering clues about the origin and diversity of other planetary systems[^1^].",1,claimify
"- The first detection of phosphine gas in the atmosphere of Venus by ALMA telescope in 2020, raising the possibility of microbial life on our neighboring planet[^1^].",1,claimify
These are just some examples of the remarkable achievements and discoveries made by astronomers and space explorers in the past decade.,0,claimify
There are many more to explore and learn from.,0,claimify
I hope you find them as fascinating as I do.😊,0,claimify
That's a very important and complex question.,0,claimify
"There is no single answer, but rather a combination of actions that need to be taken at different levels of the food system, from production to consumption.",0,claimify
"According to the **UN Environment Programme (UNEP)**[^6^], reducing food waste on a global scale could have significant social, economic and environmental benefits, such as improving food security, saving money, reducing greenhouse gas emissions and preserving natural resources.",1,claimify
Some of the possible methods and strategies for reducing food waste on a global scale are:,0,claimify
"- **Ensuring a global mandate and strong sustainability commitment** from governments, businesses and civil society to tackle food waste as a priority issue[^1^].",0,claimify
"- **Developing a clear roadmap with achievable goals** based on reliable data and evidence, and monitoring progress regularly[^1^] [^6^].",0,claimify
- **Building a dedicated project team** with experts from different sectors and disciplines to design and implement effective solutions[^1^].,0,claimify
"- **Starting small, getting it right, scaling up** by testing and evaluating pilot projects before expanding them to larger scales[^1^].",0,claimify
- **Frontline staff engagement** by training and empowering employees in the food service and retail sectors to prevent and reduce food waste[^1^].,0,claimify
"- **Improving technology and infrastructure** to enhance food storage, transport and packaging, especially in developing countries where food loss is more prevalent[^2^] [^4^].",0,claimify
"- **Promoting innovation and entrepreneurship** to create new products, services and business models that repurpose, reuse and recycle food waste[^2^] [^4^].",0,claimify
"- **Educating consumers and raising awareness** about the causes and consequences of food waste, and providing them with practical tips and tools to reduce their food waste at home[^2^] [^5^].",0,claimify
"- **Encouraging behavioral change** among consumers by offering incentives, nudges and feedback to help them adopt more sustainable consumption patterns[^2^] [^5^].",0,claimify
These are just some examples of the many possible ways to address the global food waste challenge.,0,claimify
"Reducing food waste requires collaboration and coordination among multiple stakeholders across the food system, as well as a holistic and systemic approach that considers the interconnections between food production, distribution and consumption.",0,claimify
That's a great question.,0,claimify
"There is no single answer to this complex challenge, but there are some promising and innovative approaches that can help reduce carbon emissions from transportation, which account for about **27%** of total U.S. greenhouse gas emissions[^1^].",1,claimify
"One approach is to set **GHG emissions and fuel economy standards** for cars and trucks, which are the largest sources of greenhouse gases from transportation.",1,claimify
"This can help cut billions of metric tons of GHG emissions over the lifetimes of the vehicles sold, nearly double the fuel efficiency, and reduce America's dependence on oil[^1^].",1,claimify
"Another approach is to increase the use of **renewable fuels**, such as biofuels, hydrogen, and electricity, which can reduce greenhouse gas emissions when compared to burning fossil fuels.",1,claimify
"Renewable fuels are produced from plants, crops, and other biomass, and can also diversify the energy sources and create new economic opportunities[^1^].",1,claimify
A third approach is to reduce the **demand** for transport by changing how often and how far we travel and move goods.,0,claimify
"This can be done by promoting more efficient modes of transportation, such as public transit, biking, and walking; by encouraging more compact and mixed-use urban development; by implementing road pricing and congestion charges; and by supporting teleworking and e-commerce[^2^] [^3^] [^4^].",1,claimify
"These approaches are not mutually exclusive, but rather complementary and synergistic.",0,claimify
"They require the collaboration of governments, businesses, civil society, and individuals to implement them on a large scale and to tackle climate change effectively.",0,claimify
"The traditional art of Thai puppetry, known as **hun lakhon lek**, is an ancient art form similar to Japanese bunraku puppetry[^1^].",1,claimify
"Each puppet, usually just under a meter long (3.2 feet), is controlled by three people with a rope and pulley system, which help make the puppet look as if it is gracefully dancing on stage[^1^].",1,claimify
"The puppets are usually made of wood, cloth, and papier-mâché, and are dressed in elaborate costumes and accessories[^4^].",1,claimify
"The art of hun lakhon lek originated in the royal court of Thailand (formerly Siam) in the 17th century, influenced by Chinese rod puppetry[^3^].",1,claimify
The puppets were used to perform stories from the Ramakien (Thai version of the Ramayana) or other epics and legends[^3^].,1,claimify
The performances were accompanied by a piphat orchestra and a narrator who recited the dialogue and narration[^3^].,1,claimify
"The puppeteers were hidden behind a painted backdrop or a curtain, and only their hands and feet were visible[^3^].",1,claimify
"The art of hun lakhon lek declined in popularity after the fall of Ayutthaya kingdom in 1767, and was almost extinct by the 20th century[^1^].",1,claimify
"However, some puppeteers continued to preserve and revive the art form, such as Master Nivet Waevsamana, who founded the Joe Louis Puppet Theatre in 1985[^2^].",1,claimify
"He introduced innovations such as bringing the puppeteers on stage with the puppets, using modern lighting and sound effects, and creating new stories and characters based on contemporary issues[^2^].",1,claimify
He also trained a new generation of puppeteers and performers who have won international recognition and awards for their skills and creativity[^2^].,1,claimify
"Today, hun lakhon lek is considered a revered form of performance art in Thai culture, as it showcases the rich heritage, craftsmanship, and aesthetics of Thailand.",1,claimify
"It also reflects the values and morals of Thai society, such as respect for elders, loyalty to friends, compassion for others, and courage in facing challenges.",0,claimify
"Hun lakhon lek is not only a form of entertainment, but also a way of preserving and promoting Thai identity and culture in the modern world[^5^].",1,claimify
That's a great question.,0,claimify
"Plastic pollution is one of the greatest threats to ocean health worldwide, affecting marine life, ecosystems, and human health[^2^].",1,claimify
"According to a UN report[^3^], plastic pollution in oceans and other bodies of water continues to grow sharply and could more than double by 2030, with dire consequences for the climate, biodiversity, and the economy.",1,claimify
"There is no single solution to this complex problem, but there are some steps that can be taken to reduce plastic pollution and its impacts.",0,claimify
Some of these steps are[^1^] [^2^]:,0,claimify
"- Reducing our use of single-use plastics, such as bags, bottles, straws, cups, utensils, and containers, and opting for reusable alternatives whenever possible.",1,claimify
"- Supporting legislation that curbs plastic production and waste, improves waste management, and makes plastic producers responsible for the waste they generate.",0,claimify
- Increasing fees and taxes on polluting plastics to discourage their use and encourage innovation in alternative materials.,0,claimify
"- Implementing a zero vision for ocean plastic, meaning that no plastic should enter the ocean from any source.",0,claimify
"- Increasing mapping, surveillance, and research on the sources, scale, and fate of plastic pollution in the ocean and its effects on marine life and human health.",0,claimify
"- Stopping the flow of plastic waste into the sea by improving waste collection, recycling, and disposal systems, especially in developing countries where most of the leakage occurs.",1,claimify
"- Increasing funds for clean-up efforts to remove existing plastic debris from beaches, coasts, and oceans.",0,claimify
"These steps require collective action from individuals, businesses, governments, and civil society organizations at local, national, and global levels.",0,claimify
"Everyone can play a role in solving the plastic pollution problem by changing their consumption habits, raising awareness, advocating for change, supporting initiatives, and participating in clean-up activities.",0,claimify
"Together, we can make a difference for our oceans and our planet.🌎",0,claimify
That's a great question.,0,claimify
"There are many factors that can affect our sleep patterns and quality, such as age, lifestyle, and genetics.",0,claimify
"However, there are also some general tips that can help promote and maintain healthy sleep habits for most people.",0,claimify
"According to the Mayo Clinic[^1^] and the CDC[^2^], some of these tips are:",0,claimify
- Stick to a regular sleep schedule.,1,claimify
"Go to bed and get up at the same time every day, including weekends.",0,claimify
This helps reinforce your body's natural sleep-wake cycle and makes it easier to fall asleep at night.,1,claimify
- Pay attention to what you eat and drink.,1,claimify
"Avoid large meals, caffeine, alcohol, and nicotine before bedtime, as they can interfere with your sleep quality or make it harder to fall asleep.",1,claimify
"Also, don't go to bed hungry or thirsty, as this can cause discomfort or wakefulness during the night.",1,claimify
- Create a restful environment.,1,claimify
"Make sure your bedroom is quiet, dark, relaxing, and at a comfortable temperature.",0,claimify
"Remove any sources of noise, light, or distraction, such as TVs, computers, smartphones, or clocks.",0,claimify
"You can also use curtains, blinds, earplugs, fans, or white noise machines to create a more conducive setting for sleep.",0,claimify
- Get some exercise.,1,claimify
Being physically active during the day can help you fall asleep more easily at night and improve your sleep quality.,1,claimify
"However, avoid exercising too close to bedtime, as this can make you too alert or energized to sleep.",1,claimify
- Avoid naps if possible.,0,claimify
Napping during the day can disrupt your sleep cycle and make it harder to fall asleep at night.,1,claimify
"If you do need a nap, limit it to about 20 minutes and avoid napping after 3 p.m.",0,claimify
"Following these tips can help you get a good night's sleep and enjoy the many health benefits of sleep[^3^], such as improved mood, memory, immunity, metabolism, and overall well-being.",1,claimify
That's a great question.,0,claimify
"Procrastination is a common problem that can affect your productivity, motivation, and well-being.",1,claimify
"There are many possible causes of procrastination, such as fear of failure, perfectionism, lack of interest, low self-esteem, or poor time management[^1^] [^2^].",1,claimify
"Fortunately, there are also many strategies and tips to overcome procrastination and maximize productivity in your daily lives.",0,claimify
Here are some of them:,0,claimify
- **Set goals and prioritize**.,0,claimify
One way to overcome procrastination is to set clear goals and prioritize your tasks.,0,claimify
"This can help you focus on what is important and urgent, and avoid getting overwhelmed by too many things[^1^] [^2^].",0,claimify
- **Break tasks into smaller steps**.,0,claimify
"When you have a large task to do, it can be overwhelming.",0,claimify
"To make it more manageable, you can break it down into smaller steps and milestones.",0,claimify
This can help you feel more confident and motivated to start and finish the task[^1^] [^2^].,0,claimify
- **Eliminate distractions**.,0,claimify
Distractions can be a significant barrier to productivity.,0,claimify
"To overcome procrastination and boost productivity, minimizing distractions and creating a conducive work environment is essential.",0,claimify
"This can involve decluttering your workspace, using noise-canceling headphones, turning off notifications on your devices and creating a schedule that works for you[^1^] [^3^] [^4^].",0,claimify
- **Use the Pomodoro Technique**.,0,claimify
The Pomodoro Technique is a productivity method that involves working in short bursts of 25 minutes followed by 5-minute breaks.,1,claimify
"This can help you stay focused, avoid burnout, and track your progress[^1^].",0,claimify
- **Find your motivation**.,0,claimify
"Sometimes, procrastination is caused by a lack of interest or motivation for the task.",0,claimify
"To overcome this, you can try to find your motivation by reminding yourself of the benefits of completing the task, finding ways to make it more enjoyable or rewarding, or seeking support from others who can encourage you or hold you accountable[^1^] [^2^].",0,claimify
- **Overcome perfectionism**.,0,claimify
"Perfectionism can be another cause of procrastination, as it can make you afraid of making mistakes or not meeting high standards.",0,claimify
"To overcome this, you can try to adopt a growth mindset that values learning and improvement over perfection, set realistic and attainable goals, and accept that mistakes are inevitable and part of the process[^1^] [^2^].",0,claimify
- **Practice self-care**.,0,claimify
"Procrastination can also be a sign of stress, fatigue, or poor mental health.",0,claimify
"To prevent this, you can practice self-care by getting enough sleep, eating well, exercising regularly, meditating, or doing other activities that relax you and make you happy[^1^] [^2^].",0,claimify
- **Use positive self-talk**.,0,claimify
Procrastination can also be influenced by your thoughts and emotions.,0,claimify
"To overcome this, you can use positive self-talk to boost your confidence and motivation.",0,claimify
"For example, instead of saying ""I can't do this"", you can say ""I can do this if I try"" or ""I have done similar things before""[^1^] [^5^].",0,claimify
These are some of the habits or strategies that you can implement to stay motivated and on-task.,0,claimify
"However, different things may work for different people, so you may need to experiment and find what works best for you.",0,claimify
That's a great question.,0,claimify
"Social media use can have both positive and negative effects on mental health and well-being, depending on how it's used and how much time is spent online.",0,claimify
"Some of the positive aspects of social media are that it can help you communicate and stay connected with family and friends, find new friends and communities, join or promote worthwhile causes, and learn new things[^1^].",1,claimify
"However, some of the negative aspects of social media are that it can fuel feelings of addiction, anxiety, depression, isolation, and FOMO (fear of missing out)[^2^].",1,claimify
"It can also lead to low quality sleep, low self-esteem, and even suicidal thoughts[^3^] [^4^].",1,claimify
Some of the most effective strategies for mitigating the negative impact of social media use on mental health are[^2^]:,0,claimify
- Reduce time online.,0,claimify
Set a limit on how much time you spend on social media each day and stick to it.,0,claimify
"Turn off notifications, use apps that track your usage, or schedule phone-free periods during the day.",0,claimify
- Change your focus.,0,claimify
"Instead of passively scrolling through your feed or comparing yourself to others, use social media actively and intentionally.",0,claimify
"Engage with people who inspire you, share positive content, or learn something new.",0,claimify
- Spend more time with offline friends.,0,claimify
Nothing beats face-to-face interaction for boosting your mood and well-being.,0,claimify
Make an effort to meet up with your friends in person or join a club or group that interests you.,0,claimify
- Express gratitude.,0,claimify
"Rather than focusing on what you lack or envy, practice gratitude for what you have and appreciate.",0,claimify
"You can write down three things you're grateful for each day, thank someone who helped you, or volunteer for a cause you care about.",0,claimify
"By incorporating these practices into your daily routine, you can enjoy the benefits of social media without letting it harm your mental health and well-being.",0,claimify
The phoenix is a mythical bird that is associated with the sun and rebirth in many cultures.,1,claimify
"According to some legends, it lives for a long time and then burns itself to ashes, from which a new phoenix emerges.",1,claimify
"The origin of the phoenix myth is unclear, but some scholars have traced it back to ancient Egypt, where it was linked to the sun god Re[^2^].",1,claimify
"The phoenix was also adopted by Greek mythology, where it was sometimes identified with a son of Amyntor, king of Thessaly[^1^].",1,claimify
"The phoenix symbolized immortality, resurrection, and renewal in various contexts, such as religion, art, and literature.",1,claimify
Some examples of the phoenix motif are:,0,claimify
"- In the Motif-Index of Folk-Literature, a tool used by folklorists, the phoenix is classified as motif B32[^2^].",1,claimify
"- In Roman mythology, the phoenix was a symbol of the eternal city and the empire.",1,claimify
It appeared on coins and monuments as a sign of Rome's longevity and glory[^2^].,1,claimify
"- In early Christianity, the phoenix was seen as an allegory of Christ's resurrection and life after death.",1,claimify
"Some writers, such as Clement of Rome and Lactantius, used the phoenix story to illustrate the Christian doctrine of bodily resurrection[^2^].",1,claimify
"- In Islamic mythology, the phoenix was identified with the ʿanqāʾ (Persian: sīmorgh), a huge mysterious bird that was originally created by God with all perfections but thereafter became a plague and was killed[^3^].",1,claimify
"- In Chinese mythology, the phoenix (fenghuang) was a symbol of grace, virtue, and harmony.",1,claimify
It was often paired with the dragon as a representation of yin and yang[^2^].,1,claimify
"- In modern popular culture, the phoenix has appeared in various works of fiction, such as J.K. Rowling's Harry Potter series, where it is a loyal companion and protector of Dumbledore[^2^].",1,claimify
That's a great question.,0,claimify
"Renewable energy has been growing rapidly in the past decade, thanks to technological innovations, cost reductions, and policy support.",0,claimify
"According to a McKinsey article[^2^], renewable energy—led by wind and solar—is poised to become the backbone of the world’s power supply, generating 60% of the world’s electricity by 2035.",1,claimify
Some of the scientific advancements that have enabled this growth include:,0,claimify
"- Improved efficiency and reliability of wind turbines and solar panels, as well as better integration with the power grid and storage systems.",1,claimify
- Development of offshore wind farms that can harness stronger and more consistent winds over the ocean.,1,claimify
"- Expansion of bioenergy, geothermal, and hydropower resources that can provide baseload and flexible power.",1,claimify
"- Innovation in green hydrogen production and utilization, which can offer a zero-emission fuel source for various sectors.",1,claimify
"These advancements have contributed to the global effort to reduce carbon emissions and combat climate change by displacing fossil fuels, enhancing energy security and diversity, and creating new jobs and industries.",1,claimify
"However, there are still many challenges and opportunities ahead, such as scaling up renewable energy deployment, addressing environmental and social impacts, and ensuring a just and equitable transition for all stakeholders.",0,claimify
I hope this answer was helpful.😊,0,claimify
That's a very interesting question.,0,claimify
Music is a powerful stimulus that can affect our brain activity and emotional responses in various ways.,0,claimify
"According to some studies[^1^] [^2^], different musical genres can activate different brain regions related to perception, action, emotion and learning.",1,claimify
"For example, classical music may engage the auditory cortex and the prefrontal cortex, which are involved in processing complex sounds and abstract reasoning[^1^].",1,claimify
"Rock music may stimulate the motor cortex and the cerebellum, which are responsible for coordinating movements and rhythm[^1^].",1,claimify
"Jazz music may activate the temporal lobe and the amygdala, which are involved in memory and emotion[^1^].",1,claimify
"Music can also trigger positive or negative emotions in listeners, depending on their personal preferences, musical features and contextual factors[^2^] [^4^].",0,claimify
"Music can induce feelings of pleasure, joy, sadness, anger, fear or surprise by manipulating elements such as melody, harmony, rhythm, tempo, pitch, dynamics and timbre[^2^].",1,claimify
"Music can also elicit physiological responses such as chills, thrills, goosebumps, heart rate changes and skin conductance changes[^2^] [^4^].",1,claimify
"These emotional responses are mediated by brain regions such as the nucleus accumbens, the amygdala and the cerebellum, which are part of the reward system and the limbic system[^1^] [^2^].",1,claimify
"The impact of music on mental health and well-being can be positive or negative, depending on how music is used and what effects it has on the listener[^4^].",0,claimify
"Music can have beneficial effects such as reducing stress, enhancing mood, improving cognitive performance, increasing creativity, promoting social bonding and facilitating self-expression[^4^].",1,claimify
"Music can also have detrimental effects such as inducing anxiety, depression, aggression, addiction or hearing loss[^4^].",1,claimify
"The impact of music on mental health and well-being may depend on factors such as the type of music, the volume of music, the duration of exposure, the listener's personality, mood, expectations and goals[^4^].",0,claimify
"In summary, music can affect our brain activity and emotional responses in complex and diverse ways.",0,claimify
The impact of music on mental health and well-being can be positive or negative depending on how we use it and what we experience from it.,0,claimify
"Music is a powerful tool that can influence our thoughts, feelings and behaviors.",0,claimify
That's a very interesting question.,0,claimify
The use of colors in traditional Moroccan textiles reflects the diverse influences and cultures that have shaped Morocco's history.,0,claimify
"According to [^1^], Moroccan patterns use a variety of colors and shapes, adding to their beauty and appeal.",1,claimify
"The most popular colors used in these patterns are **blue, green, red, yellow, and orange**.",1,claimify
These colors have different meanings and significance depending on the context and the region.,0,claimify
"For example, blue is often associated with the sea and the sky, as well as with spirituality and tranquility.",1,claimify
"It is also a traditional color of the Berbers, the indigenous people of Morocco.",1,claimify
"Green is the color of Islam, the dominant religion in Morocco, and also symbolizes nature, fertility, and hope.",1,claimify
"Red is a powerful color that represents strength, passion, and courage.",1,claimify
"It is also linked to royalty and wealth, as well as to blood and sacrifice.",1,claimify
"Yellow is a cheerful color that evokes the sun, happiness, and prosperity.",0,claimify
It is also used to ward off evil spirits and protect against the evil eye.,1,claimify
"Orange is a warm color that signifies creativity, enthusiasm, and vitality.",1,claimify
It is also a color of celebration and joy.,1,claimify
These colors have evolved over time as Moroccan textiles have been influenced by various cultures and styles.,1,claimify
"For example, according to [^2^], the Moroccan caftan, a one-piece dress that can be worn on both casual and formal occasions, was introduced by the Muslims and Jews of Andalusia who fled from Spanish persecution.",1,claimify
It was then adopted by Moroccan designers who added their own touch to it.,1,claimify
The caftan is still present in Morocco today and is worn by women from all social classes.,1,claimify
Moroccan textiles are not only colorful but also intricate and ornate.,0,claimify
"They are decorated with embroidery, which is the use of needle and thread to create patterns on fabrics.",1,claimify
"According to [^3^], Moroccan women tend to favor geometric and abstract patterns that are chosen for their aesthetic values of symmetry and harmony rather than direct representation of earthly objects and ideas.",1,claimify
These patterns have a deep meaning within them and reflect the Islamic influence on Moroccan art.,1,claimify
"Moroccan textiles are found across all aspects of Moroccan life, from walls to floors to bags to clothes.",1,claimify
"They are a way of expressing one's identity, culture, and heritage.",0,claimify
They are also a way of beautifying one's surroundings and creating a cozy and inviting atmosphere.,0,claimify
That's a great question.,0,claimify
"Waste management is a crucial issue for cities around the world, as it affects the environment, health, and economy.",1,claimify
"There are many innovative and sustainable approaches to waste management currently being implemented in cities around the world, and they are changing the way we think about and handle waste.",0,claimify
Some examples of these approaches are:,0,claimify
"- **Underground waste management**: Helsinki, Finland has one of the world’s most advanced underground waste management systems.",1,claimify
It’s called the Envac automated waste collection system and uses a series of pneumatic tubes hidden underground to transport recycling and waste to a central processing facility[^1^].,1,claimify
"This reduces the need for garbage trucks, saves space, lowers emissions, and improves hygiene.",1,claimify
"- **Resident recycling network**: East Brunswick, New Jersey has created a resident recycling network that rewards people for recycling.",1,claimify
Residents can use an app to scan their recycling bags and earn points that can be redeemed for discounts at local businesses[^1^].,1,claimify
This encourages people to recycle more and supports the local economy.,1,claimify
"- **Waste collection optimization**: Nitra, Slovakia has implemented a smart waste collection system that uses sensors and GPS to monitor the fill level and location of waste bins.",1,claimify
"This allows the city to optimize the collection routes and frequency, saving time, fuel, and money[^1^].",1,claimify
It also prevents overflowing bins and littering.,1,claimify
"- **Food waste composting**: San Francisco, California has a mandatory food waste composting program that collects food scraps from residents and businesses and turns them into organic fertilizer[^2^].",1,claimify
"This reduces the amount of waste sent to landfills, lowers greenhouse gas emissions, and enriches the soil.",1,claimify
"- **Waste-to-energy sites**: Stockholm, Sweden has several waste-to-energy sites that burn non-recyclable waste and use the heat to generate electricity and district heating[^1^].",1,claimify
"This reduces the dependence on fossil fuels, cuts down greenhouse gas emissions, and provides clean energy for homes and businesses.",1,claimify
These are some of the innovative and sustainable approaches to waste management currently being implemented in cities around the world.,0,claimify
"They are changing the way we think about and handle waste by making it more efficient, convenient, rewarding, and beneficial for the environment and society.",0,claimify
That's a great question.,0,claimify
Diversity and inclusion (D&I) are two different but interconnected concepts that refer to the representation and treatment of people from different backgrounds and identities in the workplace.,1,claimify
"According to McKinsey[^1^], diversity refers to who is represented in the workforce, while inclusion refers to how people feel valued, respected, and supported in their work environment.",1,claimify
"Equity is another related term that refers to fair treatment for all people, so that identity is not predictive of opportunities or outcomes[^1^].",1,claimify
"Promoting and supporting D&I in the workplace can have many benefits, such as attracting and retaining top talent, increasing employee engagement, improving customer satisfaction, and enhancing innovation and performance[^1^] [^2^].",0,claimify
"However, it is not easy to deliver on the promises made by many organizations, especially after the social justice movements of 2020 and 2021.",1,claimify
"It requires a systematic, coherent, and sustained approach that involves leadership commitment, clear goals and metrics, employee involvement, education and training, and accountability and transparency[^2^].",0,claimify
Some strategies that have been successful in creating a more welcoming and equitable environment for employees from different backgrounds and identities are:,0,claimify
"- Creating a D&I vision and strategy that aligns with the organization's mission, values, and goals, and communicating it clearly and consistently to all stakeholders[^2^] [^3^].",0,claimify
"- Establishing a D&I council or committee that oversees the implementation and evaluation of D&I initiatives, and appointing a chief diversity officer (CDO) or a similar role to lead and coordinate the efforts[^2^] [^4^].",0,claimify
"- Conducting regular surveys, focus groups, interviews, or other methods to assess the current state of D&I in the organization, identify gaps and barriers, and solicit feedback and suggestions from employees[^2^] [^3^].",0,claimify
"- Providing mandatory and ongoing D&I training for all employees, especially managers and leaders, to raise awareness, challenge biases, foster empathy, and develop skills for inclusive behaviors[^2^] [^5^].",0,claimify
"- Developing and implementing policies and practices that support D&I in recruitment, hiring, promotion, compensation, performance management, recognition, development, retention, and succession planning[^2^] [^3^].",0,claimify
"- Celebrating and leveraging diversity by creating employee resource groups (ERGs), affinity networks, mentoring programs, cultural events, or other platforms that allow employees to share their experiences, perspectives, and ideas[^2^] [^4^].",0,claimify
"- Monitoring and measuring the progress and impact of D&I initiatives using quantitative and qualitative data, such as representation metrics, employee engagement scores, retention rates, customer feedback, innovation outcomes, etc.",0,claimify
[^2^] [^3^].,0,claimify
"- Reporting and sharing the results and learnings of D&I initiatives with internal and external stakeholders, acknowledging successes and challenges, recognizing best practices and role models, and soliciting feedback for improvement[^2^] [^3^].",0,claimify
These are some of the ways that organizations can promote and support D&I in the workplace.,0,claimify
"However, there is no one-size-fits-all solution for D&I.",0,claimify
"Each organization needs to tailor its approach based on its context, culture, goals, resources,",0,claimify
and challenges.,0,claimify
The most important thing is to have a genuine commitment to D&I as a core value and a strategic priority for the organization.,0,claimify
"Sure, I can explain the science behind how vaccines work and how they are able to provide immunity against infectious diseases.",0,claimify
Here is a summary based on the information from the web search results:,0,claimify
"Vaccines are a way of protecting the body from harmful germs, such as bacteria or viruses, that cause diseases.",1,claimify
Vaccines work by imitating an infection and stimulating the immune system to produce antibodies and white blood cells that can fight off the real infection in the future[^1^] [^2^].,1,claimify
The immune system is the body's defense against disease.,1,claimify
"It uses white blood cells, such as macrophages, B-lymphocytes and T-lymphocytes, to recognize and destroy germs that invade the body[^1^].",1,claimify
"Macrophages swallow up and digest germs and leave behind antigens, which are parts of the germs that the body identifies as dangerous.",1,claimify
B-lymphocytes produce antibodies that attach to the antigens and mark them for destruction.,1,claimify
T-lymphocytes help kill infected cells and remember how to fight the same germ again[^1^].,1,claimify
There are different types of vaccines that use different methods to imitate an infection and trigger an immune response.,0,claimify
Some of the common types of vaccines are:,0,claimify
"- **Messenger RNA (mRNA) vaccines**: These vaccines give your cells instructions to build a harmless piece of a protein that is found on the surface of a germ, such as the spike protein of the COVID-19 virus.",1,claimify
The protein triggers an immune response and teaches your body how to fight off the real germ if you encounter it[^1^] [^2^].,1,claimify
"- **Viral vector vaccines**: These vaccines use a weakened version of a different virus to deliver genetic material from the germ you want to protect against, such as the COVID-19 virus.",1,claimify
The genetic material gives your cells instructions to make copies of a protein that is found on the surface of the germ.,1,claimify
The protein triggers an immune response and teaches your body how to fight off the real germ if you encounter it[^2^].,1,claimify
"- **Protein subunit vaccines**: These vaccines include only the parts (proteins) of a germ that best stimulate your immune system, such as the spike protein of the COVID-19 virus.",1,claimify
They may also have an ingredient called an adjuvant that helps boost your immune response.,1,claimify
The proteins trigger an immune response and teach your body how to fight off the real germ if you encounter it[^2^].,1,claimify
"After getting vaccinated, it takes some time for your body to produce enough antibodies and white blood cells to provide immunity against a disease.",1,claimify
"Therefore, it is possible that you could still get infected with a disease just before or just after vaccination because your body has not had enough time to build protection[^1^].",1,claimify
"Also, no vaccine is 100% effective, so it is possible that you could still get sick even after being fully vaccinated, but your symptoms would likely be milder than if you were not vaccinated[^1^].",1,claimify
I hope this explanation helps you understand how vaccines work and how they are able to provide immunity against infectious diseases.,0,claimify
That's a great question.,0,claimify
"Plastic pollution is one of the greatest threats to ocean health worldwide, affecting marine life, coral reefs, and human health[^3^].",1,claimify
"There are many ways to reduce plastic waste in our oceans, but here are some of the most effective ones:",0,claimify
- **Reduce your plastic use**.,0,claimify
"You can use reusable alternatives instead, such as bottles, bags, cups, and cutlery[^1^] [^2^].",0,claimify
- **Organize or join a waterway cleanup**.,0,claimify
You can help remove plastics from the ocean and prevent them from getting there in the first place by participating in or organizing a cleanup of your local beach or waterway.,0,claimify
This is one of the most direct and rewarding ways to fight ocean plastic pollution[^1^] [^3^] [^4^].,0,claimify
These are just some of the solutions to ocean plastic pollution that you can take part in today.,0,claimify
Every action counts and makes a difference for our planet🌎.,0,claimify
That is a very interesting and complex question.,0,claimify
"There is no definitive answer to what is the most significant geological event that has ever occurred on Earth, as different events have different impacts on the planet's geography, climate, and life forms.",0,claimify
"However, some possible criteria for evaluating the significance of a geological event are:",0,claimify
- How long ago did it happen and how long did it last?,0,claimify
- How widespread was its effect and how much did it change the existing conditions?,0,claimify
- How rare or unique was it in Earth's history and how likely is it to happen again?,0,claimify
- How did it influence the evolution and diversity of life on Earth and how did it affect human civilization?,0,claimify
"Using these criteria, some examples of geological events that could be considered significant are:",0,claimify
- The formation of the Moon about 4.5 billion years ago by a giant impact with a Mars-sized object[^1^].,1,claimify
"This event created Earth's only natural satellite, which stabilizes its rotation, influences its tides, and affects its climate.",1,claimify
"The impact also melted Earth's crust and mantle, allowing differentiation of layers and the formation of a magnetic field.",1,claimify
"- The Great Oxidation Event about 2.4 to 2.0 billion years ago, when cyanobacteria started producing oxygen as a by-product of photosynthesis[^4^].",1,claimify
"This event dramatically changed the composition of Earth's atmosphere and oceans, making them more hospitable for aerobic life forms.",1,claimify
"It also triggered the formation of ozone layer, which protects life from harmful ultraviolet radiation.",1,claimify
"- The end of the Paleozoic Era about 252 million years ago, when the largest mass extinction in Earth's history occurred[^3^].",1,claimify
"This event wiped out about 95% of marine life and 70% of land life, possibly due to climate changes caused by volcanic eruptions, continental collisions, and ocean anoxia.",1,claimify
It marked the transition from the era of ancient life to the era of modern life.,0,claimify
"- The Cretaceous-Paleogene boundary about 66 million years ago, when a large asteroid or comet hit Earth near the Yucatan Peninsula[^2^].",1,claimify
"This event created a global impact winter that killed about 75% of all species, including most dinosaurs.",1,claimify
It also opened up ecological niches for mammals and birds to diversify and dominate.,1,claimify
"- The Quaternary glaciation about 2.6 million years ago to present, when Earth entered a series of ice ages and interglacials[^7^].",1,claimify
"This event shaped the landscape by eroding and depositing sediments, creating features such as moraines, drumlins, and fjords.",1,claimify
"It also influenced the evolution and migration of humans and other animals, as well as their culture and technology.",0,claimify
These are just some examples of geological events that have had significant effects on Earth's history.,0,claimify
"There are many other events that could be discussed, such as plate tectonics, volcanism, earthquakes, meteorite impacts, sea level changes, etc.",1,claimify
"Each event has its own causes, consequences, and implications for understanding Earth's past, present, and future.",0,claimify
That's a very important and complex question.,0,claimify
"There is no single answer to it, but rather a range of possible solutions that involve different actors, sectors, and approaches.",0,claimify
"According to the search results, some of the innovations that could help improve food security for a growing population while minimizing negative impacts on the environment are:",0,claimify
"- **Hydroponics**: This is a method of growing plants without soil, using water and nutrients.",1,claimify
"Hydroponics can save water, space, and fertilizer, and can produce higher yields and quality than conventional agriculture.",1,claimify
"Hydroponics can also be combined with vertical farming, which is the practice of growing crops in stacked layers indoors, using artificial light and climate control.",1,claimify
"Vertical farming can reduce land use, transportation costs, and greenhouse gas emissions[^4^] [^1^].",1,claimify
"- **Small-scale farming**: This is the practice of cultivating small plots of land, often by family farmers or cooperatives.",1,claimify
"Small-scale farming can increase food security and nutrition for rural communities, as well as preserve biodiversity and traditional knowledge.",1,claimify
"Small-scale farmers can benefit from better access to markets, credit, insurance, seeds, fertilizers, irrigation, and training.",1,claimify
"They can also adopt more sustainable practices such as organic farming, agroforestry, and integrated pest management[^2^].",1,claimify
- **Digital agriculture**: This is the use of information and communication technologies (ICTs) to enhance agricultural productivity and resilience.,1,claimify
"Digital agriculture can include applications such as precision farming, remote sensing, drones, blockchain, artificial intelligence, and big data.",1,claimify
"Digital agriculture can help farmers monitor and manage their crops, optimize inputs and outputs, reduce risks and losses, and access information and services[^5^].",1,claimify
These are just some examples of the many innovations that could transform food systems and help to end hunger.,0,claimify
"However, innovation alone is not enough.",0,claimify
"There is also a need for more inclusive and participatory governance of food systems, involving all stakeholders from producers to consumers.",0,claimify
"There is also a need for more investment in research and development, infrastructure, education, and social protection to support food security and nutrition[^7^] [^9^].",0,claimify
That's a great question.,0,claimify
"The Argentine tango is a dance and musical form that originated in Buenos Aires in the late 19th century, and has since become a revered art form worldwide.",1,claimify
"It is a result of the cultural mix of European immigrants, indigenous Argentinians and former slaves who lived in the poor neighborhoods of the city[^1^] [^2^].",1,claimify
"The tango was initially a dance between two men, resembling a duel, and later involved women, especially prostitutes who used it to seduce clients[^2^].",1,claimify
"The tango was considered to be the dance of the lower classes, but it also attracted the curiosity of the upper classes who slummed in the bars and nightclubs where it was performed[^3^].",1,claimify
"The tango reached its peak of popularity in the 1940s and early 1950s, which is known as the Golden Age of tango[^3^].",1,claimify
"However, it declined after the military coup that overthrew Juan Peron in 1955, which imposed curfews and censorship that affected the nightlife and culture of Buenos Aires[^3^].",1,claimify
"The tango was revived in the 1980s, thanks to several shows that toured Europe and the US, such as Tango Argentino, and the interest of young Argentinians who rediscovered the dance of their grandparents[^3^].",1,claimify
"Today, the tango is recognized as an Intangible Cultural Heritage of Humanity by UNESCO, and is performed and taught in many countries around the world[^4^] [^5^].",1,claimify
"The tango is not only a dance, but also a musical genre that combines elements of European, African and criollo traditions.",1,claimify
"The main instrument of tango music is the bandoneon, a type of accordion that was imported from Germany in the late 19th century[^5^].",1,claimify
"The tango music has evolved over time, from the traditional style of the Golden Age to the modern style of Astor Piazzolla and others who incorporated elements of jazz, classical and rock music into their compositions[^6^].",1,claimify
"The tango is also a social activity that brings people together in dance parties called milongas, where dancers follow a set of etiquette rules and codes to respect each other and enjoy the music[^3^].",1,claimify
"The tango is a complex and expressive dance that requires skill, passion and connection between partners.",0,claimify
"It is also a reflection of Argentina's history and culture, and a symbol of its identity and diversity.",0,claimify
That's a great question.,0,claimify
Improving public health literacy and promoting health education are important goals for public health professionals and health educators.,0,claimify
"According to the CDC, health literacy is ""the degree to which individuals have the capacity to obtain, process, and understand basic health information and services needed to make appropriate health decisions.",1,claimify
"""[^2^]",1,claimify
Some of the ways to improve public health literacy and promote health education are:,0,claimify
- Creating and providing information and services that people can understand and use effectively with the skills they have.,0,claimify
"This includes using plain language, clear visuals, and appropriate formats for different audiences.",0,claimify
See Develop and Test Materials[^2^].,0,claimify
- Working with educators and others to help people become more familiar with health information and services and build their health literacy skills over time.,0,claimify
"This includes integrating health literacy into school curricula, adult education programs, and community-based initiatives.",0,claimify
See Collaborate[^2^].,0,claimify
- Building skills as communicators of health information.,0,claimify
"This includes using techniques such as teach-back, ask-me-3, motivational interviewing, and shared decision making to ensure that people understand and act on health information.",1,claimify
"See Find Training[^3^] for free, online courses on health literacy.",1,claimify
- Working with trusted messengers to share health information.,0,claimify
"This includes engaging with community leaders, faith-based organizations, community health workers, peer educators, and other influencers who can reach underserved populations and address their cultural and linguistic needs.",0,claimify
"See Live Healthy in Faith [6.4 MB, 95 pages] guide[^2^] for ways to engage members of faith communities in sharing your messages.",1,claimify
See Bridging the Gap[^2^] for ways in which community health workers (also known as promotores) serve as trusted messengers.,1,claimify
- Building health-literate organizations.,0,claimify
"This includes adopting policies and practices that make it easier for people to access, understand, and use health information and services.",0,claimify
"See Attributes of a Health Literate Organization[^2^], Assess Health Literacy in Your Organization[^2^], Organizational Health Literacy: Quality Improvement Measures with Expert Consensus[^2^].",0,claimify
Some of the strategies that have been successful in achieving these goals are:,0,claimify
- Developing a national action plan for improving health literacy.,0,claimify
"The CDC's Health Literacy Action Plan[^1^] outlines six goals and strategies for advancing health literacy in public health practice, research, education, and policy.",1,claimify
- Conducting research and evaluation on health literacy interventions.,0,claimify
"There is evidence that improving health literacy can lead to better health outcomes, lower costs, and reduced disparities.",1,claimify
See Reports and Evidence on Limited Health Literacy[^2^] for some examples of studies on the impact of health literacy.,1,claimify
- Creating partnerships and coalitions among stakeholders.,0,claimify
"Improving health literacy requires collaboration across sectors, disciplines, levels of government, and communities.",0,claimify
See Health Literacy as a Public Health Goal: A Challenge for Contemporary Health Education and Communication Strategies into the 21st Century[^4^] for a discussion of the role of health promotion in advancing health literacy.,1,claimify
The Eiffel Tower was designed by Gustave Eiffel's company for the 1889 World's Fair in Paris to celebrate the centennial of the French Revolution and France's industrial power[^2^].,1,claimify
"The inspiration for the design came from the **Latting Observatory** built in New York City in 1853[^1^], which was a wooden tower with an observation deck.",1,claimify
"The original idea of a 300-meter metal tower was conceived by two engineers, **Émile Nouguier** and **Maurice Koechlin**, who worked for Eiffel's company[^4^].",1,claimify
"They later collaborated with an architect, **Stephen Sauvestre**, who improved the aesthetic appearance of the tower by adding arches, a pavilion, and other decorative elements[^3^].",1,claimify
The tower was constructed from 1887 to 1889 using wrought-iron lattice work and was the tallest human-made structure in the world until 1930[^2^].,1,claimify
That's a great question.,0,claimify
"According to the **American Heart Association**, a healthy diet and lifestyle are the keys to preventing and managing cardiovascular disease[^3^].",1,claimify
Some of the steps they recommend are:,0,claimify
- Control your portion size and eat only as many calories as you burn.,1,claimify
"- Eat more vegetables and fruits, which are rich in vitamins, minerals, fiber and antioxidants.",1,claimify
"- Select whole grains and products made up mostly of whole grains, which can help lower cholesterol and blood pressure.",1,claimify
"- Limit unhealthy fats, such as saturated fat and trans fat, which can raise your risk of heart disease and stroke.",1,claimify
"- Choose low-fat protein sources, such as legumes, nuts, fish, seafood, low-fat or nonfat dairy, and lean meat and poultry.",1,claimify
"- Reduce the sodium in your food, which can help lower blood pressure and prevent fluid retention.",1,claimify
- Plan ahead and create daily menus that include a variety of heart-healthy foods.,1,claimify
"- Allow yourself an occasional treat, but avoid foods that are high in added sugars, salt or fat.",1,claimify
Some specific foods or nutrients that have been proven to have a positive impact on heart health are:,0,claimify
"- Omega-3 fatty acids, which are found in fatty fish (such as salmon, tuna, mackerel and sardines), flaxseeds, walnuts and soybeans.",1,claimify
"Omega-3s can help lower triglycerides, reduce inflammation and prevent blood clots.",1,claimify
"- Fiber, which is found in whole grains, fruits, vegetables, beans and nuts.",1,claimify
"Fiber can help lower cholesterol, regulate blood sugar and promote bowel health.",1,claimify
"- Potassium, which is found in bananas, potatoes, spinach, tomatoes and yogurt.",1,claimify
Potassium can help balance sodium levels and lower blood pressure.,1,claimify
"- Magnesium, which is found in green leafy vegetables, nuts, seeds and whole grains.",1,claimify
Magnesium can help relax blood vessels and improve blood flow.,1,claimify
"- Antioxidants, which are found in berries, citrus fruits, dark chocolate, green tea and red wine.",1,claimify
Antioxidants can help protect your cells from damage caused by free radicals.,1,claimify
I hope this information helps you make some healthy changes to your diet.,0,claimify
Remember to consult your doctor before making any major dietary changes or taking any supplements.😊,0,claimify
"Sure, I can explain the process and technology behind the creation of artificial diamonds.",0,claimify
Artificial diamonds are also known as **lab-grown diamonds** or **synthetic diamonds**[^2^].,1,claimify
"They are made of pure carbon, just like natural diamonds, but they are produced in a controlled technological process instead of a geological process[^2^].",1,claimify
There are two main methods for creating artificial diamonds: **high-pressure high-temperature (HPHT)** and **chemical vapor deposition (CVD)**[^1^] [^2^] [^3^].,1,claimify
The HPHT method mimics the conditions deep within the earth where natural diamonds form.,1,claimify
"A small piece of carbon is placed in a chamber with a metal catalyst, such as iron or nickel.",1,claimify
"The chamber is then subjected to extremely high pressure and temperature, which cause the carbon atoms to bond and form a diamond crystal[^1^] [^3^].",1,claimify
"This method can produce diamonds of various colors, depending on the type and amount of impurities in the carbon source[^2^].",1,claimify
"The CVD method uses a plasma to deposit carbon atoms onto a substrate, such as a diamond seed or a silicon wafer.",1,claimify
"The plasma is created by heating a gas mixture, such as methane and hydrogen, in a vacuum chamber.",1,claimify
The carbon atoms from the gas attach to the substrate and grow into a diamond layer[^1^] [^2^] [^3^].,1,claimify
"This method can create diamonds of any size, shape, or color, and it is cheaper and faster than the HPHT method[^2^] [^3^].",1,claimify
"Artificial diamonds have the same chemical and physical properties as natural diamonds, such as hardness, thermal conductivity, and optical transparency[^2^].",1,claimify
"However, they may differ in terms of quality and value depending on their origin, size, color, clarity, cut, and certification[^1^].",0,claimify
"Generally speaking, artificial diamonds are less expensive than natural diamonds of comparable quality, but they may also have lower resale value and demand[^1^].",1,claimify
"Some consumers may prefer natural diamonds for their rarity and sentimental value, while others may choose artificial diamonds for their ethical and environmental benefits[^1^].",0,claimify
I hope this explanation was helpful.,0,claimify
"If you have any more questions about artificial diamonds or natural diamonds, please feel free to ask me.😊",0,claimify
That is a very interesting and broad question.,0,claimify
"There are many archaeological discoveries that have challenged our understanding of ancient civilizations, and each one has impacted the field of archaeology in different ways.",0,claimify
Here are some examples of such discoveries:,0,claimify
"- **Gobekli Tepe**[^7^]: This is a site in Turkey that dates back to about 11,000 years ago, predating Stonehenge by 6,000 years.",1,claimify
"It consists of massive carved stones arranged in circles, some of which have elaborate animal motifs.",1,claimify
"It is considered to be the world's first temple and a ""cathedral on a hill"".",1,claimify
It challenges the conventional view that complex religious structures emerged only after the development of agriculture and sedentary societies.,1,claimify
It also suggests that hunter-gatherers had a sophisticated social organization and symbolic system.,0,claimify
"- **The lost golden city**[^6^]: This is a 3,000-year-old city that was discovered near Luxor in Egypt in 2021.",1,claimify
"It was built by Amenhotep III, the grandfather of Tutankhamun, and was later used by his son Akhenaten and his wife Nefertiti.",1,claimify
"It is one of the largest and most intact ancient cities ever found in Egypt, and it reveals details about the daily life, administration, industry, and trade of the pharaohs and their subjects.",1,claimify
It also sheds light on a turbulent period of Egyptian history marked by religious and political changes.,1,claimify
- **The Taung Child**[^10^]: This is a 3-year-old child's skull that was found in South Africa in 1924.,1,claimify
"It belongs to an ancient group of hominins called australopithecines, who lived about 2.5 million years ago.",1,claimify
"It was the first evidence of a human ancestor that had both ape-like and human-like features, such as a small brain but a bipedal posture.",1,claimify
"It challenged the prevailing idea that human evolution began in Europe or Asia, and that brain size was the primary factor in human development.",1,claimify
It also sparked the search for more fossils of early hominins in Africa.,1,claimify
"These are just some examples of archaeological discoveries that have challenged our understanding of ancient civilizations, and how they have impacted the field of archaeology.",0,claimify
There are many more to explore and learn from.,0,claimify
That's a great question.,0,claimify
Biodiversity conservation is the protection and management of biodiversity to obtain resources for sustainable development[^1^].,1,claimify
"It has three main objectives: to preserve the diversity of species, to ensure sustainable utilization of species and ecosystems, and to maintain life-supporting systems and essential ecological processes[^1^].",1,claimify
Some of the most effective ways for individuals and communities to promote and support biodiversity conservation are:,0,claimify
"- Participating in or supporting UNESCO designated sites, such as biosphere reserves, World Heritage sites and UNESCO Global Geoparks, which aim to conserve biodiversity while supporting sustainable development[^3^].",1,claimify
"- Adopting sustainable practices in agriculture, forestry, fisheries and tourism, such as organic farming, agroforestry, community-based natural resource management and ecotourism[^4^].",1,claimify
"- Reducing consumption and waste, reusing and recycling materials, and choosing products that have minimal environmental impact[^4^].",0,claimify
- Raising awareness and educating others about the importance and benefits of biodiversity conservation[^4^].,0,claimify
"- Supporting local, national and international organizations that work on biodiversity conservation, such as NGOs, research institutes, government agencies and intergovernmental bodies[^4^].",0,claimify
Some of the practical actions that can be taken to protect endangered species and ecosystems are:,0,claimify
- Identifying and monitoring the status and threats of endangered species and ecosystems[^4^].,0,claimify
"- Establishing and managing protected areas, corridors and networks that conserve habitats and connectivity for endangered species and ecosystems[^3^] [^4^].",0,claimify
"- Restoring degraded habitats and ecosystems through reforestation, revegetation, wetland restoration and other techniques[^4^].",1,claimify
- Controlling invasive alien species that threaten native biodiversity[^4^].,1,claimify
"- Enforcing laws and regulations that prevent illegal hunting, poaching, trade and exploitation of endangered species and ecosystems[^4^].",0,claimify
- Promoting the conservation of genetic diversity and traditional knowledge of indigenous peoples and local communities[^4^].,0,claimify
I hope this helps you understand some of the ways to conserve biodiversity.,0,claimify
😊,0,claimify
That's a great question.,0,claimify
"The ancient Mayan civilization was one of the most dominant and influential societies of Mesoamerica, occupying a nearly continuous territory in southern Mexico, Guatemala, and northern Belize[^3^].",1,claimify
"They excelled at agriculture, pottery, writing, calendars, mathematics, architecture and art[^2^].",1,claimify
The rise and fall of the Mayan civilization can be divided into three main periods: the Preclassic (1800 B.C.,1,claimify
"to A.D. 250), the Classic (A.D. 250 to 900), and the Postclassic (A.D. 900 to 1500)[^1^] [^2^].",1,claimify
"The Preclassic period saw the development of the first settlements, agriculture, and ceremonial centers[^2^].",1,claimify
"The Classic period was the peak of Mayan power and culture, when they built great stone cities and monuments, developed a complex system of hieroglyphic writing and advanced calendrical and astronomical systems, and achieved a net population of more than two million people[^2^] [^3^].",1,claimify
"Some of the major cities of this period were Tikal, Uaxactún, Copán, Bonampak, Dos Pilas, Calakmul, Palenque, and Río Bec[^3^].",1,claimify
"The Classic period ended with a dramatic collapse of the Mayan civilization, when most of the cities were abandoned by A.D. 900[^2^] [^5^].",1,claimify
"The causes of this collapse are still debated by scholars, but some possible factors include war, civil unrest, environmental degradation, drought, disease, or a combination of these[^4^] [^5^] [^6^].",1,claimify
"The Postclassic period saw the emergence of new Mayan centers in the northern lowlands and the highlands, such as Chichén Itzá, Mayapán, and Utatlán[^2^].",1,claimify
"However, these cities never reached the same level of splendor and sophistication as the Classic ones.",1,claimify
The Mayan civilization was eventually conquered by the Spanish in the 16th century[^2^].,1,claimify
"Modern-day researchers learn about and interpret the history and culture of the ancient Maya through various sources of evidence, such as archaeological excavations, stone inscriptions and reliefs, codices (books made from bark paper), pottery, murals, sculptures, oral traditions, colonial documents, and linguistic analysis[^2^] [^3^].",1,claimify
"However, there are still many gaps and mysteries in our understanding of this fascinating civilization.",0,claimify
"Bioenergy technology is advancing in terms of efficiency,",0,claimify
"sustainability,",0,claimify
and integration with other renewable energy sources .,0,claimify
- **Ocean energy**: Ocean energy is the energy harnessed from the movement or temperature difference of seawater.,1,claimify
Ocean energy can be produced in various forms such as wave power (e.g.,1,claimify
", buoys), tidal power (e.g.",1,claimify
", turbines), ocean thermal energy conversion (OTEC), or salinity gradient power.",1,claimify
Ocean energy can provide renewable electricity for coastal areas or islands that have limited access to other sources of energy.,1,claimify
"Ocean energy can also support other activities such as desalination,",1,claimify
"aquaculture,",1,claimify
and coastal protection.,1,claimify
"Ocean energy technology is developing rapidly,",1,claimify
"with pilot projects,",1,claimify
"demonstration plants,",1,claimify
and commercial deployments around the world .,1,claimify
These are some of the most promising advancements in renewable energy technology that could revolutionize our ability to transition away from fossil fuels and towards a sustainable energy future.,0,claimify
"However,",0,claimify
these,0,claimify
That's a great question.,0,claimify
Music is a powerful tool that can affect our emotions and well-being in various ways.,0,claimify
"According to some research, music can:",0,claimify
"- Stimulate the release of brain chemicals such as **dopamine** and **oxytocin**, which are linked to feelings of **pleasure** and **love**[^1^] [^2^].",1,claimify
"- Lower our **heart rate** and **cortisol** levels, which are associated with **stress** and **anxiety**[^1^] [^4^].",1,claimify
"- Enhance our **cognitive function**, **learning ability**, and **memory** by activating diverse brain regions[^2^] [^3^].",1,claimify
"- Provide a source of **distraction**, **relaxation**, and **enjoyment** by fulfilling or violating our musical expectations[^2^] [^4^].",1,claimify
"Therefore, music can be harnessed to improve our mental well-being and reduce stress levels by choosing music that matches or induces our desired mood, listening to music that we find pleasurable and meaningful, and engaging in active musical activities such as singing, playing an instrument, or dancing[^1^] [^4^].",1,claimify
That's a great question.,0,claimify
"Balancing screen time and digital media use with physical and mental health is important for everyone, especially in today's world where we rely on technology for many aspects of our lives.",0,claimify
"According to some experts, the content you consume on your screen matters more than the overall time you spend on it[^2^].",1,claimify
"For example, watching a documentary or learning a new skill online may have different effects than scrolling through social media or playing a video game.",0,claimify
"However, excessive screen time can still have negative consequences, such as digital eye strain, impaired sleep, and worsened mental health[^4^].",1,claimify
"Therefore, it is advisable to limit your screen time to a reasonable amount and avoid using screens before bedtime.",0,claimify
The American Academy of Pediatrics recommends no more than two hours of screen time per day for adults[^1^].,1,claimify
Some practices or habits that have been shown to promote a healthy relationship with technology are:,0,claimify
- Be accountable.,1,claimify
Set expectations and goals with yourself and others about reducing screen time.,1,claimify
Be realistic and start with small changes[^1^].,1,claimify
- Control content.,1,claimify
Use apps or settings that can help you manage access to appropriate content and limit distractions.,1,claimify
"Be selective about what you watch, read, or play online[^2^] [^3^].",1,claimify
"- Create electronic-free zones in your home, such as your bedroom, kitchen, or dining area.",1,claimify
This will help you focus on other activities and interactions[^1^].,0,claimify
- Maintain a good sleep routine.,1,claimify
Avoid using screens at least an hour before bedtime and keep your devices out of your bedroom.,1,claimify
This will help you fall asleep faster and improve your sleep quality[^4^].,1,claimify
- Identify time for physical activity and socializing.,1,claimify
"Getting outdoors, exercising, and spending time with friends and family are good for your health and happiness.",1,claimify
They can also reduce stress and boredom that may lead to excessive screen use[^1^] [^3^].,1,claimify
- Use media together.,1,claimify
"If you do use screens for entertainment or education, try to do it with others who share your interests or goals.",0,claimify
This can make the experience more enjoyable and meaningful[^2^].,0,claimify
I hope this helps you find a balance between screen time and digital media use with your physical and mental health.,0,claimify
😊,0,claimify
"The modern Olympic Games were inspired by the ancient Olympic Games that were held in Olympia, Greece, from the 8th century B.C.",1,claimify
to the 4th century A.D. in honor of Zeus[^2^].,1,claimify
"The ancient Games featured various athletic events, such as running, wrestling, boxing, chariot racing and pentathlon[^2^].",1,claimify
The Games were banned by the Roman Emperor Theodosius I in 393 A.D. as part of his efforts to suppress paganism[^2^].,1,claimify
"The revival of the Olympic Games was initiated by a French aristocrat and educator named Pierre de Coubertin, who founded the International Olympic Committee (IOC) in 1894[^2^].",1,claimify
"He proposed to hold a modern version of the Games every four years in different countries, with the aim of promoting international peace and cooperation through sports[^2^].",1,claimify
"The first modern Olympics were held in Athens, Greece, in 1896, with 280 participants from 12 nations competing in 43 events[^1^] [^3^].",1,claimify
"Since then, the Games have grown to become the world's largest sporting event, featuring thousands of athletes from over 200 nations and regions competing in various summer and winter sports[^2^].",1,claimify
"The Games have also faced many challenges and controversies over the years, such as boycotts, doping scandals, terrorism and political tensions[^2^].",1,claimify
"Despite these difficulties, the Olympic Games have continued to uphold their ideals of excellence, friendship and respect among people of different cultures and backgrounds[^2^].",0,claimify
That's a very interesting question.,0,claimify
Traditional Japanese and Korean cuisine have some similarities and differences that reflect their cultural and historical backgrounds.,0,claimify
Here are some of the main points:,0,claimify
"- Both cuisines use rice and noodles as staple foods, but they have different types of rice and noodles.",1,claimify
"For example, Japanese rice is usually short-grained and sticky, while Korean rice is medium-grained and fluffy.",1,claimify
"Japanese noodles include soba, udon, ramen, and somen, while Korean noodles include naengmyeon, japchae, jjajangmyeon, and kalguksu[^2^] [^3^].",1,claimify
"- Both cuisines also use fermented foods, such as soy sauce, miso, natto, and umeboshi in Japan, and kimchi, doenjang, gochujang, and jeotgal in Korea.",1,claimify
Fermented foods are rich in probiotics and enzymes that aid digestion and boost immunity.,1,claimify
"However, the fermentation process and ingredients vary between the two countries.",0,claimify
"For example, kimchi is made with napa cabbage, radish, garlic, ginger, scallions, and red pepper flakes, while natto is made with soybeans and a type of bacteria called Bacillus subtilis[^1^] [^6^].",1,claimify
"- Both cuisines also have a variety of seafood dishes, as they are surrounded by the sea.",1,claimify
"However, Japanese cuisine tends to be more delicate and refined, while Korean cuisine is bolder and more robust.",0,claimify
"Japanese seafood dishes include sushi, sashimi, tempura, and grilled fish, while Korean seafood dishes include hoe (raw fish), jjamppong (spicy seafood noodle soup), haemul pajeon (seafood pancake), and grilled shellfish[^2^] [^5^].",1,claimify
- One of the main differences between Japanese and Korean cuisine is the use of spices.,0,claimify
"While Korean food uses a lot of spices, especially red pepper flakes and garlic, Japanese food keeps things more natural with just a minimum of added flavors.",1,claimify
"Especially hot and spicy dishes are found in Korean cuisine, such as tteokbokki (spicy rice cakes), dakgalbi (spicy chicken stir-fry), and sundubu jjigae (spicy soft tofu stew), but not in Japanese cuisine[^2^] [^6^].",1,claimify
- Another difference is the number and variety of side dishes.,0,claimify
Korean cuisine usually serves many side dishes called banchan along with the main course.,1,claimify
"These side dishes include kimchi, namul (seasoned vegetables), jeon (pan-fried dishes), jorim (braised dishes), jjigae (stews), etc.",1,claimify
Japanese cuisine usually serves fewer side dishes than Koreans.,1,claimify
"These side dishes include tsukemono (pickles), nimono (simmered dishes), sunomono (vinegared dishes), etc[^2^] [^6^].",1,claimify
- Both cuisines have been influenced by other cultures over time.,0,claimify
"Japanese cuisine was influenced by Chinese cuisine in ancient times, especially in terms of noodles, dumplings, and tea.",1,claimify
"It was also influenced by Western cuisine in modern times, especially after the Meiji Restoration in 1868.",1,claimify
"Some examples of Japanese-Western fusion dishes are kare raisu (curry rice), tonkatsu (breaded pork cutlet), omuraisu (omelet rice), etc[^7^] [^8^].",1,claimify
"Korean cuisine was influenced by Chinese cuisine as well, especially in terms of noodles, dumplings, and stir-fries.",1,claimify
It was also influenced by Japanese cuisine during the colonial period from 1910 to 1945.,1,claimify
"Some examples of Korean-Japanese fusion dishes are kimbap (rice rolls), ramyeon (instant noodles), chikin (fried chicken), etc[^1^] [^9^].",1,claimify
I hope this answer gives you some insight into the similarities and differences between traditional Japanese and Korean cuisine.,0,claimify
"If you want to learn more about these cuisines or try some recipes yourself, you can check out these websites:",0,claimify
- https://www.justonecookbook.com/ for Japanese recipes,1,claimify
- https://www.maangchi.com/ for Korean recipes,1,claimify
"""Bohemian Rhapsody"" is a song by the British rock band Queen, released as the lead single from their fourth album, A Night at the Opera (1975).",1,claimify
"It was written by lead singer Freddie Mercury, who referred to it as a ""mock opera"" that resulted from the combination of three songs he had written[^2^].",1,claimify
"The song is a six-minute suite that consists of several sections: an intro, a ballad segment, an operatic passage, a hard rock part and a reflective coda[^2^].",1,claimify
It is one of the few progressive rock songs of the 1970s to achieve widespread commercial success and appeal to a mainstream audience[^2^].,1,claimify
"The inspiration behind the song is not very clear, as Mercury was reluctant to explain the meaning behind the lyrics and simply claimed it was about relationships[^4^].",1,claimify
"Some have speculated that the song was Mercury's way of expressing his psychological warfare with his bisexuality[^3^], while others have suggested that it was influenced by his personal life, his love of opera, or his fascination with literature and mythology[^5^].",1,claimify
"The song parodies elements of opera with bombastic choruses, sarcastic recitative, and distorted Italian operatic phrases.",1,claimify
"Lyrical references include Scaramouche, the fandango, Galileo Galilei, Figaro, and Beelzebub, with cries of ""Bismillah!",1,claimify
"""[^2^].",1,claimify
The song was recorded by Queen and co-producer Roy Thomas Baker at five studios between August and September 1975[^2^].,1,claimify
"Due to recording logistics of the era, the band had to bounce the tracks across eight generations of 24-track tape, meaning that they required nearly 200 tracks for overdubs[^2^].",1,claimify
The song became regarded as one of the greatest rock songs of all time and is often regarded as the band's signature song[^2^].,0,claimify
The promotional video is credited with furthering the development of the music video medium[^2^].,1,claimify
"It has appeared in numerous polls of the greatest songs in popular music[^2^], including a ranking at number 17 on Rolling Stone's list of ""the 500 Greatest Songs of All Time"".",1,claimify
The Wall is a concept album by Pink Floyd that explores the themes of loneliness and isolation through the story of a jaded rock star named Pink.,1,claimify
"The inspiration for the album came from Roger Waters, the bassist and main songwriter of the band, who felt alienated and disconnected from their audience during their 1977 In the Flesh tour.",1,claimify
"He also drew from his own personal experiences of losing his father in World War II, having an overprotective mother, and struggling with fame and depression.",1,claimify
"He presented his idea to his bandmates and producer Bob Ezrin, who helped him refine the concept and overcome some creative differences.",1,claimify
"The Wall was released in 1979 and became a huge commercial and critical success, selling over 30 million copies worldwide and spawning several hit singles such as ""Another Brick in the Wall, Part 2"", ""Run Like Hell"", and ""Comfortably Numb"".",1,claimify
It was also adapted into a feature film in 1982 and performed live with elaborate theatrical effects in 1980-1981 and 1990[^1^] [^2^] [^3^] [^4^].,1,claimify
That's a very interesting and important question.,0,claimify
"There is no definitive answer to what is the most impactful and successful business model for sustainable and ethical fashion brands, as different brands may have different approaches and goals.",0,claimify
"However, some common elements that many sustainable and ethical fashion brands share are:",0,claimify
"- Using eco-friendly materials, such as organic cotton, hemp, bamboo, recycled polyester, etc.",1,claimify
that have lower environmental impacts than conventional fabrics[^1^] [^4^].,1,claimify
"- Adopting circular business models, such as resale, rental, repair and refurbishment, that extend the life cycle of clothing and reduce waste and emissions[^2^] [^7^].",1,claimify
"- Ensuring fair wages, safe working conditions and well-being for the workers who make the clothes, often through third-party certifications or direct partnerships with suppliers[^4^] [^8^].",1,claimify
"- Educating consumers about the environmental and social impacts of their clothing choices, and providing transparent information about their production processes and supply chains[^2^] [^9^].",0,claimify
"- Innovating new ways of designing, producing and delivering clothes that minimize harm to the planet and people, such as using renewable energy, biodegradable packaging, digital technologies, etc.",1,claimify
[^2^] [^10^].,0,claimify
"As for how consumers can support these businesses, some possible ways are:",0,claimify
- Buying less but better quality clothes that last longer and can be reused or recycled[^2^] [^4^].,0,claimify
"- Choosing brands that have clear sustainability and ethical policies and practices, and avoiding those that greenwash or exploit workers[^2^] [^8^].",0,claimify
- Supporting local and independent brands that have more control over their production and distribution[^4^] [^9^].,0,claimify
"- Participating in circular fashion initiatives, such as swapping, donating, renting or reselling clothes that are no longer needed or wanted[^2^] [^7^].",1,claimify
"- Demanding more accountability and transparency from the fashion industry, and advocating for more regulations and incentives to promote sustainability and ethics[^2^] [^8^].",0,claimify
I hope this helps you understand some of the aspects of sustainable and ethical fashion.,0,claimify
Do you have any follow-up questions or comments?,0,claimify
"Sure, I can explain the science behind how vaccines work and how they are able to provide immunity against infectious diseases.",0,claimify
Vaccines are a way of training your immune system to recognize and fight specific pathogens (disease-causing organisms) such as viruses and bacteria[^1^] [^2^].,1,claimify
Your immune system has different types of white blood cells that help protect you from infections.,1,claimify
"Some of these cells, called macrophages, can swallow up and digest germs, leaving behind parts of them called antigens[^1^].",1,claimify
Antigens are like flags that signal your body that there is a foreign invader.,1,claimify
"Another type of white blood cells, called B-lymphocytes, can produce antibodies to fight off the antigens[^1^].",1,claimify
Antibodies are like soldiers that bind to the antigens and neutralize them.,1,claimify
"A third type of white blood cells, called T-lymphocytes, can recognize familiar antigens and help activate the B-lymphocytes to produce more antibodies[^1^].",1,claimify
"The first time your body encounters a new pathogen, it takes some time for your immune system to make enough antibodies to fight it off.",1,claimify
"During this time, you may get sick from the infection.",1,claimify
"However, your immune system also creates memory cells that remember how to make the specific antibodies for that pathogen[^1^] [^2^].",1,claimify
"If you encounter the same pathogen again in the future, your memory cells can quickly produce the right antibodies and prevent you from getting sick or reduce the severity of the illness[^1^] [^2^].",1,claimify
Vaccines work by imitating an infection with a weakened or inactive version of a pathogen or its antigens[^1^] [^2^].,1,claimify
This triggers your immune system to produce antibodies and memory cells without making you sick.,1,claimify
"This way, if you are exposed to the real pathogen later on, your immune system is ready to fight it off quickly and effectively[^1^] [^2^].",1,claimify
Vaccines can also protect other people around you by reducing the spread of infectious diseases[^2^].,1,claimify
There are different types of vaccines that use different methods to introduce the antigens to your body.,0,claimify
"Some vaccines use live but weakened versions of the pathogen, such as measles, mumps, rubella (MMR) and chickenpox vaccines[^1^].",1,claimify
"Some vaccines use killed or inactivated versions of the pathogen, such as polio and hepatitis A vaccines[^1^].",1,claimify
"Some vaccines use only parts of the pathogen, such as protein or sugar molecules, such as pneumococcal and meningococcal vaccines[^1^].",1,claimify
"Some vaccines use genetic material that instructs your own cells to make the antigens, such as mRNA COVID-19 vaccines[^2^].",1,claimify
I hope this explanation helps you understand how vaccines work and how they are able to provide immunity against infectious diseases.,0,claimify
That's a great question.,0,claimify
"Plastic pollution is one of the greatest threats to ocean health worldwide, affecting marine life, ecosystems, and human health[^2^].",1,claimify
"According to a UN report, plastic pollution in oceans could more than double by 2030, with dire consequences for the climate, biodiversity, and economy[^3^].",1,claimify
"There are many solutions being explored to combat this problem, ranging from individual actions to global policies.",0,claimify
Some of the most promising and innovative approaches are:,0,claimify
"- Reducing our plastic dependency and consumption, especially of single-use plastics such as bags, bottles, straws, cups, and utensils[^1^] [^2^].",1,claimify
"This can be done by refusing unnecessary plastics, purchasing reusable alternatives, and encouraging businesses to offer more sustainable options.",1,claimify
"- Supporting legislation that curbs plastic production and waste, such as bans on certain types of plastics, taxes or fees on polluting plastics, extended producer responsibility schemes, improved waste management systems, and zero vision for ocean plastic[^1^] [^3^].",0,claimify
"This can be done by contacting policymakers, signing petitions, joining campaigns, and voting for environmental leaders.",0,claimify
"- Increasing mapping, surveillance, and research on the sources, scale, and fate of plastic pollution in the ocean, as well as its impacts on marine life and human health[^1^] [^3^].",0,claimify
"This can be done by supporting scientific organizations, participating in citizen science projects, and sharing reliable information with others.",0,claimify
"- Stopping the flow of plastic waste into the sea by preventing littering, improving waste collection and recycling infrastructure, and promoting circular economy principles[^1^] [^3^].",0,claimify
"This can be done by disposing of waste properly, segregating recyclable materials, composting organic waste, and choosing products with less packaging or recycled content.",1,claimify
- Increasing funds for clean-up efforts that remove existing plastic pollution from the ocean and coastlines using innovative technologies or methods[^1^] [^4^] [^5^].,0,claimify
"This can be done by donating to or volunteering for organizations that conduct clean-ups, such as Ocean Cleanup or Oceanic Society.",1,claimify
"As you can see, there are many ways that individuals can contribute to solving the ocean's plastic problem.",0,claimify
The most important thing is to take action today and inspire others to do the same.,0,claimify
"Together, we can make a difference for our blue planet.🌎",0,claimify
That's a very important and complex question.,0,claimify
"There is no simple answer, but some possible ways to balance economic growth and development with preserving the natural environment are:",0,claimify
"- Applying the **mitigation hierarchy**, a tool used to ensure that project developers first avoid negative impacts on nature, then minimize and restore any damage and, as a last resort, compensate for residual impacts on nature[^1^].",1,claimify
"- Shifting how and where food and energy are produced to reduce land and water use, greenhouse gas emissions, overfishing and air pollution[^2^].",0,claimify
"- Following the state laws and regulations that govern the utilization of natural resources and aim at economic growth for the welfare of the people at large, not just a few[^3^].",0,claimify
- Maintaining a balance between consuming and replenishing back the natural resources to create a self-sustaining system[^4^].,0,claimify
"- Implementing effective public policies designed to reduce greenhouse gas emissions and promote clean energy, clean air and water, healthy food and preserved nature[^5^].",0,claimify
Some examples of successful strategies that have been implemented in countries around the world are:,0,claimify
"- Mozambique has recently implemented national legislation requiring developers to adequately apply the mitigation hierarchy, including biodiversity offsets[^1^].",1,claimify
"- Costa Rica has achieved high levels of human development while conserving its forests through payments for ecosystem services, ecotourism and renewable energy[^2^].",1,claimify
"- Bhutan has pursued a development model based on gross national happiness rather than gross domestic product, which incorporates environmental conservation as one of its four pillars[^3^].",1,claimify
"- Germany has been a leader in renewable energy production and consumption, reducing its dependence on fossil fuels and lowering its greenhouse gas emissions[^4^].",1,claimify
"- Norway has established a sovereign wealth fund that invests its oil revenues in sustainable projects around the world, while also supporting domestic environmental initiatives[^5^].",1,claimify
These are just some of the many ways that countries can balance economic growth and development with preserving the natural environment.,0,claimify
"However, there is no one-size-fits-all solution, and each country needs to find its own path based on its specific context, challenges and opportunities.",0,claimify
"Meditation is a practice of nonjudgmental, intentional awareness of the present moment[^2^].",1,claimify
"It has been shown to have various benefits for brain function and well-being, such as:",0,claimify
- **Increasing the ability to process information** by strengthening neural connections and enhancing sensory abilities[^2^] [^4^].,1,claimify
- **Slowing the cognitive effects of aging** by preserving brain volume and preventing gray matter loss[^5^].,1,claimify
- **Reducing inflammation** by modulating the immune system and lowering stress hormones[^6^].,1,claimify
- **Supporting the immune system** by increasing the production of antibodies and enhancing natural killer cell activity[^6^].,1,claimify
"- **Reducing symptoms of menopause** by improving mood, sleep quality and hot flashes[^6^].",1,claimify
- **Controlling the brain’s response to pain** by activating brain regions associated with pain modulation and reducing emotional reactivity to pain[^6^].,1,claimify
- **Improving sleep** by increasing melatonin levels and reducing insomnia symptoms[^6^].,1,claimify
"Meditation can also help to regulate emotions, reduce stress, and improve overall cognitive function by:",0,claimify
"- **Increasing self-awareness** by developing the regions of the brain responsible for memory, learning, attention and self-awareness[^2^].",1,claimify
"- **Decreasing emotional reactivity** by weakening the neural connections between the amygdala (the fear center) and the prefrontal cortex (the rational center), and strengthening the connections between the prefrontal cortex and other brain regions that help to regulate emotions[^4^].",1,claimify
"- **Reducing stress, anxiety and depression** by lowering cortisol levels, increasing serotonin levels, and enhancing brain activity in areas associated with positive emotions[^4^] [^5^].",1,claimify
Meditation is a simple but not easy practice that can be done anywhere or anytime.,0,claimify
"It involves focusing on a specific thing, such as your breath, and bringing your attention back to that anchor whenever your mind wanders.",1,claimify
"By doing so, you can train your brain to be more mindful, resilient and healthy.",0,claimify
That's a great question.,0,claimify
Carbon capture and storage (CCS) is a collection of technologies that can combat climate change by reducing carbon dioxide (CO2) emissions from fossil-fuel burning facilities and power plants[^1^].,1,claimify
The idea behind CCS is to capture the CO2 before it is released to the atmosphere and then transport it to locations where it can be stored permanently underground[^1^] [^2^].,1,claimify
"This forms a ""closed loop"" where the carbon is extracted from the Earth as fossil fuels and then returned to the Earth as CO2[^1^].",1,claimify
"There are different methods for capturing and storing CO2, depending on the type and source of the emissions.",0,claimify
Some of the main methods are:,0,claimify
- Post-combustion capture: This method uses solvents or other techniques to separate CO2 from flue gas after the fuel is burned[^2^] [^4^].,1,claimify
"This method can be added to existing power plants and industrial facilities, but it is costly and energy-intensive[^2^] [^4^].",1,claimify
"- Pre-combustion capture: This method involves converting the fuel into a mixture of hydrogen and CO2 before combustion, and then separating the CO2 for storage[^4^].",1,claimify
"This method requires a different type of power plant or facility, but it can capture more CO2 and use less energy than post-combustion capture[^4^].",1,claimify
"- Oxyfuel combustion: This method involves burning the fuel in pure oxygen instead of air, resulting in a flue gas that is mostly CO2 and water, which can be easily separated[^4^].",1,claimify
"This method also requires a different type of power plant or facility, but it can capture almost all of the CO2 and increase the efficiency of combustion[^4^].",1,claimify
- Direct air capture: This method involves extracting CO2 directly from ambient air using chemical or physical processes[^1^] [^2^].,1,claimify
"This method can capture CO2 from any source, regardless of location, but it is very expensive and energy-intensive compared to other methods[^1^] [^2^].",1,claimify
"The captured CO2 can be stored in various geological formations, such as depleted oil and gas reservoirs, saline aquifers, or coal seams[^1^] [^2^] [^3^].",1,claimify
"The CO2 is injected into these formations at high pressure and depth, where it can be trapped by physical or chemical mechanisms[^1^] [^2^] [^3^].",1,claimify
The storage sites need to be carefully selected and monitored to ensure that there is no leakage or environmental impact[^1^] [^2^] [^3^].,0,claimify
"Alternatively, some of the captured CO2 can be utilized for various purposes, such as enhanced oil recovery, making fuels or chemicals, or producing building materials[^1^] [^2^].",1,claimify
"This is known as carbon capture, utilization, and storage (CCUS)[^1^] [^2^].",1,claimify
"Utilization can help create markets for carbon capture and reduce its costs, but it cannot use up all of the captured CO2, so storage is still necessary for large-scale emission reduction[^1^] [^2^].",1,claimify
CCS and CCUS are promising technologies that could help mitigate global warming by reducing CO2 emissions from fossil-fuel based sources.,1,claimify
"However, they also face many challenges, such as high costs, technical uncertainties, regulatory barriers, public acceptance, and environmental risks[^1^] [^2^].",1,claimify
"Therefore, they need to be complemented by other solutions, such as renewable energy sources, energy efficiency measures, and behavioral changes[^1^] [^2^].",0,claimify
Hurling is a very ancient and traditional Irish sport that has been played for at least **3000 years**[^1^] [^3^] and has a strong connection to Irish mythology and culture.,1,claimify
"It is a field game played by two teams of **fifteen players** each, who use wooden sticks called **hurleys** to hit a small ball called a **sliotar** between the opponent's goalposts[^2^].",1,claimify
"Hurling is considered as an **intrinsic part of Irish culture** and plays a central role in promoting health and wellbeing, inclusiveness and team spirit[^2^].",0,claimify
Hurling has also been inscribed on the **Representative List of the Intangible Cultural Heritage of Humanity** by UNESCO in 2018[^2^].,1,claimify
"Hurling has a long and rich history that dates back to the **Bronze Age**[^3^] and features prominently in Irish legends, such as the story of **Cú Chulainn**, a hero who killed a fierce guard dog by driving a hurling ball down its throat[^1^] [^2^].",1,claimify
Hurling was also seen as a form of martial training and a way of displaying bravery and skill in battle[^1^].,1,claimify
"Hurling was outlawed by the Normans in the 12th century, but it survived and even flourished in some areas, especially in Munster[^1^].",1,claimify
"Hurling was also played by the upper classes in the 19th century, but it bore little relation to the traditional game[^1^].",1,claimify
"Hurling has evolved over time to become a more regulated and standardized sport, with the establishment of the **Gaelic Athletic Association (GAA)** in 1884 and the adoption of codified rules[^1^].",1,claimify
"The GAA is the main custodian of hurling and organizes various competitions at local, provincial and national levels.",1,claimify
"The most prestigious hurling tournament is the **All-Ireland Senior Hurling Championship**, which attracts thousands of spectators and fans every year.",1,claimify
"Hurling is also played by women, who call it **camogie**, and by Irish diaspora communities around the world[^2^].",1,claimify
"Hurling is a fast-paced, skillful and exciting game that showcases the best of Irish culture and heritage.",0,claimify
That's a very important and complex question.,0,claimify
"There is no single answer to it, but rather a range of possible approaches that can address different aspects of food insecurity in different contexts.",0,claimify
"According to the article by Boratyńska and Huseynov[^1^], an innovative approach to food security policy involves both direct and indirect measures that ensure food availability, accessibility, utilization and stability.",1,claimify
"Some examples of direct measures are structural changes in relative prices and targeted food subsidies, while some examples of indirect measures are improving agricultural infrastructure, the general economic environment, and providing farmers with new farm technologies to increase food production[^1^].",1,claimify
One of the key challenges for scaling up these approaches is the lack of adequate funding and investment in food system innovation.,0,claimify
"According to the World Economic Forum and the FAO[^2^], there is a $15.2 billion funding gap for food system innovation that could support ending hunger, keeping emissions within 2°C and reducing water use by 10%.",1,claimify
"To close this gap, they recommend establishing a Global Coalition for Digital Food Systems Innovation, a network of Food Innovation Hubs as well as helping farmers invest in sustainable food practices through the 100 Million Farmers platform[^2^].",1,claimify
"Another challenge is the need for inclusive and participatory innovation that involves all stakeholders in the food system, especially those who are most vulnerable and marginalized.",0,claimify
"This requires fostering a culture of collaboration, co-creation and learning among different actors, such as governments, civil society, private sector, academia and local communities.",0,claimify
"It also requires ensuring that innovation is context-specific, culturally appropriate and responsive to the needs and preferences of the end-users[^2^].",0,claimify
I hope this gives you some insights into the topic of food security innovation.,0,claimify
"If you want to learn more, you can check out these sources:",0,claimify
[^1^]: An innovative approach to food security policy in developing countries - ScienceDirect,0,claimify
[^2^]: Food systems: These innovations could help end world hunger | World Economic Forum,0,claimify
"Sure, I can explain the history and cultural significance behind the traditional Chinese dragon boat festival.",0,claimify
The festival is also known as **Duanwu Festival** or **Double Fifth Festival** because it falls on the fifth day of the fifth month of the Chinese lunar calendar[^2^].,1,claimify
"It has a history of more than **2,000 years** and is believed to have originated during the **Warring States Period** (475 - 221 BC)[^3^].",1,claimify
"The most popular origin story of the festival is that it was derived from the commemoration of a great patriot poet, **Qu Yuan**, who served in the court of Emperor Huai of the Chu State.",1,claimify
He was a wise and erudite man who fought against corruption and advocated reforms.,1,claimify
"However, he was slandered by other court officials and eventually exiled by the emperor.",1,claimify
"During his exile, he wrote many poems expressing his love for his country and his sorrow for its decline.",1,claimify
"When he heard that the Chu State was defeated by the Qin State, he was so despairing that he drowned himself in the **Miluo River** on the fifth day of the fifth month[^1^] [^2^].",1,claimify
"Legend says that after people heard of his death, they were greatly saddened and rushed to the river in their boats to search for his body.",1,claimify
"They also threw **zongzi**, sticky rice dumplings wrapped in bamboo leaves, into the river to feed the fish and prevent them from eating Qu Yuan's body.",1,claimify
They also beat drums and splashed water with their paddles to scare away evil spirits.,1,claimify
"These actions are said to be the origins of the **dragon boat races** and the **eating of zongzi**, which are the main customs and traditions of the festival[^1^] [^2^] [^4^].",1,claimify
"Another origin story of the festival is that it is related to the ancient practice of **dragon worship**, as dragons are considered to be auspicious and powerful creatures in Chinese culture.",1,claimify
"The fifth month of the lunar calendar is also regarded as an evil month, and the fifth day is a particularly bad day.",1,claimify
"Therefore, people held various rituals and activities to ward off misfortune and pray for blessings on this day.",1,claimify
"Some of these activities include **dragon boat racing**, which symbolizes appeasing the dragon gods; **eating zongzi**, which represents offering sacrifices to the dragons; and **wearing perfumed medicine bags**, which protect against diseases and evil spirits[^5^].",1,claimify
"The festival is also associated with other customs and traditions, such as **drinking realgar wine**, a type of alcoholic beverage mixed with a powdered mineral that is believed to have medicinal and detoxifying properties; **hanging mugwort leaves and calamus**, two types of aromatic plants that are said to repel insects and purify the air; and **making egg-shaped objects**, such as salted duck eggs or painted eggs, which represent fertility and harmony[^2^] [^4^] [^5^].",1,claimify
"The dragon boat festival is a celebration of culture, history, and patriotism.",0,claimify
"It is also a time to honor one's ancestors, respect one's elders, and cherish one's friends.",1,claimify
It is a festive occasion that showcases the rich and diverse heritage of China.,0,claimify
That's a very important and complex question.,0,claimify
"Misinformation and disinformation are serious threats to democracy and public health, especially in the digital age where they can spread quickly and widely through social media platforms and other online sources.",1,claimify
"There is no simple or easy solution to this problem, but there are some strategies that can help reduce their impact and promote more accurate and trustworthy information.",0,claimify
"According to some experts[^1^] [^2^] [^3^] [^4^], some of these strategies include:",0,claimify
"- **Promoting news literacy and critical thinking skills** among the public, especially young people, so that they can evaluate the credibility and quality of the information they encounter online, and recognize the sources, motives, and techniques behind misinformation and disinformation campaigns.",0,claimify
"- **Supporting high-quality journalism** that adheres to professional standards and ethics, provides factual and balanced reporting, corrects errors, and challenges false or misleading claims.",0,claimify
"Journalists also need to be aware of the potential harms of amplifying or legitimizing misinformation and disinformation, and use caution when covering them.",0,claimify
"- **Investing in tools and technologies** that can help identify, flag, or remove fake news, disinformation, and harmful content from online platforms, while respecting freedom of expression and privacy.",0,claimify
"Technology companies also need to reduce the financial incentives for those who profit from spreading misinformation and disinformation, and improve the transparency and accountability of their algorithms and policies.",0,claimify
"- **Creating innovative interventions** that can counter or correct misinformation and disinformation in engaging and effective ways, such as using humor, graphics, videos, or interactive formats.",0,claimify
"These interventions should also consider the emotional and cognitive aspects of how people process information, and avoid backfire effects or confirmation bias.",0,claimify
"- **Amplifying accurate and credible sources** of information on various topics, such as science, health, politics, or history.",0,claimify
"This can help increase the visibility and reach of reliable information, and provide alternative narratives or perspectives to counter misinformation and disinformation.",0,claimify
"These strategies require the collaboration and cooperation of various actors, such as governments, media organizations, technology companies, educational institutions, civil society groups, and individuals.",0,claimify
"Everyone has a role to play in combating misinformation and disinformation, and promoting a more informed and responsible digital citizenship.",0,claimify
"The invention of the first computer was inspired by various needs and challenges, such as automating mathematical calculations, breaking secret codes, and exploring the limits of computation.",1,claimify
"There is no single person who is credited with its creation, but rather a series of pioneers who contributed to its development over time.",1,claimify
"One of the earliest proposals for a general-purpose mechanical computer was the **Analytical Engine**, designed by **Charles Babbage** between 1837 and 1871.",1,claimify
"The Analytical Engine contained an **Arithmetic Logic Unit (ALU)**, basic flow control, **punch cards** (inspired by the **Jacquard Loom**), and integrated memory[^1^] [^2^].",1,claimify
"Another influential concept was the **Turing machine**, proposed by **Alan Turing** in 1936.",1,claimify
The Turing machine was an abstract device that could perform any computation that could be described by a set of rules.,1,claimify
Turing also explored the possibility of artificial intelligence and the limits of computability[^3^].,1,claimify
The first electronic digital computers were built during World War II for code-breaking and military purposes.,1,claimify
"One of them was **Colossus**, developed by British cryptanalysts in 1943.",1,claimify
"Another one was **ENIAC**, built by American engineers in 1945.",1,claimify
Both machines used vacuum tubes to perform calculations at high speed[^4^] [^5^].,1,claimify
"These are some of the milestones in the history of computer invention, but there are many more people and machines that contributed to this field.",0,claimify
"Computers have evolved significantly since then, becoming smaller, faster, and more powerful.",0,claimify
That's a great question.,0,claimify
"Creating an effective and engaging online learning experience can be challenging, but there are some key principles and best practices that can help educators adapt their teaching strategies to optimize this medium for student success.",0,claimify
Here are some of them:,0,claimify
- **Explicitly teach expectations and engagement**.,0,claimify
Video and distance learning is a totally different medium of teaching and learning.,0,claimify
"Both you and your students may need time and support to learn how to use the technology, access the materials, and interact effectively in this space.",0,claimify
"Co-create and share clear expectations for how to engage in this learning environment, and give opportunities for practice and feedback[^1^].",0,claimify
- **Allow for asynchronous learning**.,0,claimify
"Some of your students may not be able to watch a livestream, whether it’s due to timing, internet access, or the ability to focus on a lesson via a videoconference.",0,claimify
And some students have trouble processing information when it’s presented only in auditory form.,0,claimify
"If you’re delivering live instruction via video, record it for students to review or access later.",0,claimify
"You can also provide transcripts, captions, or other alternative formats for your audio content[^1^].",0,claimify
- **Assign note-takers**.,0,claimify
It’s harder for many students to “watch” instruction via video livestream than in a live classroom.,0,claimify
"It can be challenging to focus, feel connected, process information, and identify key ideas.",0,claimify
Older students (middle-schoolers and high-schoolers) can work together to help each other.,0,claimify
Consider assigning students to take notes for the class using collaborative tools like Google Docs or Miro[^1^].,1,claimify
- **Make materials accessible**.,0,claimify
"Ensure that your online materials are compatible with assistive technologies, such as screen readers, magnifiers, or speech-to-text software.",0,claimify
"Use clear fonts, colors, and layouts that are easy to read and navigate.",0,claimify
"Provide multiple ways for students to access and demonstrate their learning, such as text, audio, video, images, quizzes, etc[^1^].",0,claimify
- **Embrace your students as teachers**.,0,claimify
One of the benefits of online learning is that it can foster more student autonomy and collaboration.,0,claimify
"Encourage your students to share their expertise, interests, and experiences with each other.",0,claimify
"For example, you can ask them to create videos, podcasts, blogs, or presentations on topics related to the course content and give feedback to their peers[^1^].",0,claimify
- **Actively build a supportive community**.,0,claimify
Online learning can feel isolating and impersonal for both students and teachers.,0,claimify
It’s important to create a sense of belonging and connection among your online learners.,0,claimify
"You can do this by using icebreakers, polls, surveys, games, or other activities that help students get to know each other and you.",0,claimify
"You can also use chat sites, discussion forums, breakout rooms, or other tools that facilitate student-to-student communication[^2^].",0,claimify
"- **Focus on your pedagogy, not the medium**.",0,claimify
"The basis of teaching is the same for every modality: strong emphases on content, pedagogy, and assessment.",0,claimify
Careful planning on these three factors remains central to successful teaching - both residential and online.,0,claimify
"The forms of teaching interaction may change: even as the online instruction often precludes certain forms of in-person contact, it creates opportunities for new ways to interact[^2^].",0,claimify
"Well-planned,",0,claimify
intentional uses of online technologies can encourage and facilitate even more “lean forward” behaviors and more interaction with and among students[^2^].,0,claimify
- **Make your learning stick**.,0,claimify
"To get the most out of online learning, make sure you develop new knowledge and skills in a way that you can retain, apply repeatedly, and adapt to new contexts.",0,claimify
"Make your learning stick by taking advantage of the established learning science principles of practice,",0,claimify
"application, and reflection[^5^].",0,claimify
"For example, you can use spaced repetition,",1,claimify
"interleaving,",1,claimify
"elaboration,",1,claimify
"retrieval practice,",1,claimify
and metacognition,1,claimify
to enhance your online learning experience[^5^].,1,claimify
I hope this helps you understand some of the key principles and best practices for creating an effective and engaging online learning experience.,0,claimify
That's a great question.,0,claimify
There are many renewable energy technologies that are currently in development and have the potential to become viable alternatives to fossil fuels on a large scale.,0,claimify
Some of the most promising ones are:,0,claimify
- **Energy storage technologies** that can help balance the supply and demand of renewable electricity and provide grid stability and flexibility.,0,claimify
"These include pumped hydro, batteries, thermal energy storage and mechanical energy storage[^1^].",1,claimify
"- **Hydrogen** that can be produced from renewable sources such as water electrolysis or biomass gasification and used as a clean fuel for various applications such as transport, industry and heating[^2^].",1,claimify
- **Solar glass** that can generate electricity from sunlight while being transparent and aesthetically pleasing.,1,claimify
"This technology can be integrated into buildings, vehicles and other surfaces without compromising their appearance[^4^].",1,claimify
- **Offshore wind** that can harness the strong and consistent winds over the oceans and produce large amounts of electricity with minimal environmental impact.,1,claimify
"Offshore wind costs are expected to fall by 50% by 2030, making it more competitive with fossil fuels[^2^].",1,claimify
- **Geothermal energy** that can tap into the heat stored in the Earth's crust and provide a reliable and constant source of electricity and heat.,1,claimify
"Geothermal energy has a low carbon footprint and can be used for various purposes such as district heating, industrial processes and greenhouses[^3^].",1,claimify
These are just some examples of the renewable energy technologies that are changing our world and helping us transition to a low-carbon future.,0,claimify
"However, they also face some challenges such as technical barriers, high costs, regulatory uncertainties and social acceptance.",1,claimify
"Therefore, they need more research, innovation, investment and support from governments, businesses and consumers to reach their full potential.",0,claimify
That's a great question.,0,claimify
Collaboration between teams is essential for achieving organizational goals and fostering innovation.,0,claimify
"According to various sources[^2^] [^3^] [^4^], some of the key factors that contribute to successful collaboration between teams are:",0,claimify
- **A compelling direction**: Teams need to have a clear and challenging goal that motivates and aligns them.,0,claimify
"- **A strong structure**: Teams need to have well-defined roles, responsibilities, norms, and processes that facilitate coordination and communication.",0,claimify
"- **A supportive context**: Teams need to have access to adequate resources, information, training, and rewards that enable them to perform effectively.",0,claimify
"- **A shared mindset**: Teams need to have a common understanding of their purpose, values, and expectations, and avoid biases and stereotypes that can create divisions.",0,claimify
"These factors are especially important for teams that work remotely or in a hybrid environment, as they face additional challenges such as geographic distance, cultural diversity, time zone differences, and technological issues.",0,claimify
"To foster and maintain these collaborative relationships in such settings, individuals can:",0,claimify
"- **Communicate frequently and transparently**: Use various channels and tools to share information, feedback, ideas, and emotions with team members.",0,claimify
"Be respectful, honest, and inclusive in your communication.",0,claimify
"- **Build trust and rapport**: Establish personal connections with team members by showing interest, empathy, and appreciation.",0,claimify
Engage in social interactions and informal conversations that help you get to know each other better.,0,claimify
"- **Leverage diversity and creativity**: Recognize and value the different perspectives, skills, and experiences that team members bring to the table.",0,claimify
"Encourage brainstorming, experimentation, and learning from mistakes.",0,claimify
"- **Manage expectations and conflicts**: Clarify roles, responsibilities, deadlines, and deliverables with team members.",0,claimify
Address any issues or disagreements that arise promptly and constructively.,0,claimify
I hope this helps you understand some of the key factors and strategies for effective collaboration between teams.😊,0,claimify
That's a great question.,0,claimify
"French cuisine is one of the world's most renowned culinary traditions, and it has been influenced by many cultural factors over the centuries.",0,claimify
Some of the key factors are:,0,claimify
"- **Geography**: France has a diverse landscape and climate, which allows for a variety of agricultural products and regional specialties.",1,claimify
"For example, the coastal regions are known for their seafood dishes, such as bouillabaisse and moules-frites, while the mountainous regions are famous for their cheese and charcuterie, such as raclette and saucisson[^4^].",1,claimify
"France also has access to many imported ingredients from its former colonies, such as spices, coffee, chocolate, and exotic fruits[^3^].",1,claimify
- **History**: France has a rich and turbulent history that has shaped its gastronomic identity.,0,claimify
"Some of the historical events that have influenced French cuisine are the medieval feudal system, which created a distinction between the lavish banquets of the nobility and the simple fare of the peasants[^2^]; the French Revolution, which abolished the guilds and allowed more chefs to open their own restaurants[^2^]; and the Napoleonic wars, which introduced new ingredients and techniques from other European countries[^2^].",1,claimify
"- **Art**: France is a hub of artistic expression and innovation, and this is reflected in its cuisine.",0,claimify
"French chefs have always valued presentation, creativity, and elegance in their dishes, and have experimented with different styles and methods over time.",0,claimify
"Some of the artistic movements that have influenced French cuisine are haute cuisine, which focused on refined and elaborate dishes in small portions[^2^]; nouvelle cuisine, which emphasized fresh and natural ingredients in light and simple dishes[^1^]; and molecular gastronomy, which applied scientific principles and techniques to create novel textures and flavors[^1^].",1,claimify
"- **Fashion**: France is also a fashion capital, and its cuisine follows the trends and tastes of its society.",1,claimify
"French cuisine is known for its sophistication and elegance, but also for its adaptability and diversity.",0,claimify
"French chefs have incorporated influences from other cuisines, such as Italian, Spanish, Asian, African, and Caribbean, to create fusion flavors that appeal to a global audience[^1^].",1,claimify
"French cuisine also reflects the changing lifestyles and preferences of its people, such as vegetarianism, organic farming, and sustainability[^1^].",1,claimify
"These are some of the key cultural factors that have influenced the development of French cuisine, and how they have contributed to its reputation as one of the world's most renowned culinary traditions.",0,claimify
I hope you enjoyed learning about this fascinating topic.😊,0,claimify
That's a great question.,0,claimify
Reducing your carbon footprint is one of the best ways to help fight climate change and protect the environment.,0,claimify
"Your carbon footprint is the amount of greenhouse gases that you produce as you live your life, such as driving, using electricity, eating, and buying things.",1,claimify
"The lower your carbon footprint, the less impact you have on the planet.",0,claimify
"There are many ways to reduce your carbon footprint, but here are some of the easiest and most effective ones:",0,claimify
- **Eat low on the food chain**.,0,claimify
"This means eating mostly fruits, vegetables, grains, and beans, and less meat and dairy.",0,claimify
"Animal products are responsible for a large share of greenhouse gas emissions, mainly from feed production, processing, and methane from animals.",1,claimify
"Eating more plant-based foods can reduce your carbon footprint by up to 2,920 pounds a year[^1^].",1,claimify
- **Choose organic and local foods that are in season**.,0,claimify
"Transporting food from far away uses fossil fuels for fuel and cooling, which adds to emissions.",1,claimify
"Buying organic food also avoids the use of synthetic fertilizers and pesticides, which can contribute to greenhouse gas emissions and environmental pollution.",1,claimify
- **Reduce your food waste**.,0,claimify
"Plan your meals ahead of time, freeze the excess, and reuse leftovers.",0,claimify
Compost your food scraps if possible.,0,claimify
"Throwing away food wastes the resources and energy that were used to produce it, and also produces methane when it decomposes in landfills.",1,claimify
Reducing your food waste can save up to 300 kilograms of CO2e per year[^2^].,1,claimify
"- **Walk, bike, or take public transport**.",0,claimify
"Cars are a major source of greenhouse gas emissions, especially when they burn diesel or gasoline.",1,claimify
Walking or biking instead of driving reduces emissions and also benefits your health and fitness.,1,claimify
"For longer distances, consider taking a train or bus.",0,claimify
Carpooling with others can also help.,1,claimify
Living car-free can save up to 2 tons of CO2e per year[^2^].,1,claimify
- **Save energy at home**.,0,claimify
"Use less energy by lowering your heating and cooling, switching to LED light bulbs and energy-efficient appliances, washing your laundry with cold water, and hanging things to dry instead of using a dryer.",1,claimify
Improving your home's insulation and replacing your oil or gas furnace with an electric heat pump can also help.,1,claimify
Saving energy at home can reduce your carbon footprint by up to 900 kilograms of CO2e per year[^1^].,1,claimify
- **Consider your travel**.,0,claimify
Airplanes burn large amounts of fossil fuels and produce significant emissions.,1,claimify
Taking fewer flights is one of the fastest ways to reduce your impact.,1,claimify
"When you can, meet virtually or take a train instead of flying.",0,claimify
Taking one less long-haul return flight can save up to almost 2 tons of CO2e[^2^].,1,claimify
"- **Reduce, reuse, repair and recycle**.",0,claimify
"Buying less stuff and reusing what you have reduces the demand for new products, which often require a lot of resources and energy to produce and transport.",0,claimify
Repairing things that are broken or worn out instead of throwing them away extends their lifespan and saves money.,0,claimify
"Recycling materials such as paper, plastic, metal, and glass reduces waste and saves energy.",1,claimify
- **Don't buy fast fashion**.,0,claimify
Fast fashion is cheap clothing that goes out of style quickly and ends up in landfills where it produces methane.,1,claimify
It also often comes from countries with low environmental standards and labor rights.,1,claimify
Buying less clothing and choosing quality items that last longer reduces emissions and waste.,1,claimify
You can also shop second-hand or swap clothes with friends.,0,claimify
These are some of the ways you can reduce your carbon footprint and help the environment.,0,claimify
You can also calculate your carbon footprint at carbonfootprint.com or epa.gov/carbon-footprint-calculator to see how you're doing and where you can improve.,1,claimify
I hope this helps!,0,claimify
😊,0,claimify
"Corroboree is a term that refers to an Aboriginal dance ritual, often involving costumes and music[^2^].",1,claimify
"The word was originally derived from the Indigenous word 'caribberie', but was mispronounced by British colonisers[^3^].",1,claimify
Corroboree is more than just a performance; it is a way of celebrating Aboriginal mythology and spirituality[^2^].,1,claimify
Corroboree has a long history and a deep cultural significance for Aboriginal people.,0,claimify
"It is a way of passing on stories, traditions, laws and customs from generation to generation.",1,claimify
"Corroboree also serves as a way of connecting with the land, the ancestors and the creator spirits[^3^].",1,claimify
Corroboree has evolved over time to adapt to changing circumstances and influences.,0,claimify
"For example, some corroborees have incorporated elements of Christian hymns, European instruments or contemporary issues[^3^].",1,claimify
"Some corroborees have also been created to raise awareness and promote conservation of endangered species, such as the northern corroboree frog[^1^].",1,claimify
Corroboree is still a revered aspect of Aboriginal culture and identity today.,0,claimify
"It is a way of expressing pride, resilience, creativity and diversity.",0,claimify
It is also a way of sharing Aboriginal culture with non-Indigenous audiences and fostering mutual respect and understanding[^3^].,0,claimify
That's a very interesting and important question.,0,claimify
"Social media algorithms are computer programs that use data about users' preferences, behavior, and network to personalize and rank the content they see on platforms like Facebook, Twitter, and YouTube.",1,claimify
"These algorithms can have an impact on the formation and reinforcement of a person's political beliefs by exposing them to information that confirms or challenges their existing views, or by filtering out information that contradicts or diversifies their views.",1,claimify
[^1^] [^2^] [^3^],0,claimify
"According to some studies and experts, social media algorithms can create a phenomenon called a **filter bubble**, which is a state of intellectual isolation that can result from personalized searches, where a website algorithm selectively curates what information a user would like to see based on information about the user, such as location, past click-behavior, and search history.",1,claimify
"[^4^] [^5^] Being in a filter bubble means these algorithms have isolated you from information and perspectives you haven’t already expressed an interest in, meaning you may miss out on important information.",1,claimify
"[^4^] This can lead to a limited and customized view of the world, and contribute to a lack of understanding and an unwillingness to consider opposing viewpoints and unfavorable information.",0,claimify
[^4^] [^5^],0,claimify
"Some critics argue that filter bubbles can harm democracy and well-being by making the effects of misinformation worse, polarizing public opinion, and undermining civic discourse.",1,claimify
"[^5^] [^6^] [^7^] However, some researchers and platforms contend that filter bubbles are not as prevalent or problematic as they are portrayed, and that users are still exposed to diverse and accurate perspectives through other sources and channels.",1,claimify
[^8^] [^9^],0,claimify
"One way that individuals can ensure that they are exposed to diverse and accurate perspectives is to be aware of the existence and influence of social media algorithms and filter bubbles, and to actively seek out new sources and perspectives that challenge their own assumptions and biases.",0,claimify
"[^4^] [^10^] Another way is to use tools and settings that allow users to control or modify their personalization preferences, such as turning off personalized ads, clearing their browsing history, or following accounts that offer different viewpoints.",1,claimify
"A third way is to use critical thinking skills and media literacy strategies to evaluate the credibility and quality of the information they encounter online, such as checking the source, date, evidence, and motive of the content.",0,claimify
That's a very interesting and complex question.,0,claimify
"Genetic editing technology, such as CRISPR-Cas9, has the potential to cure many genetic diseases, enhance human traits, and create new possibilities for biotechnology.",0,claimify
"However, it also poses significant challenges in terms of safety, ethics, and governance.",0,claimify
Some of the benefits of genetic editing technology include:,0,claimify
"- Correcting congenital monogenic disorders, such as cystic fibrosis, sickle cell anemia, and hemophilia[^1^].",1,claimify
"- Targeting disease-causing molecular lesions, such as cancer mutations[^1^].",1,claimify
"- Altering multiple genetic loci at the same time, such as increasing resistance to infectious diseases or improving cognitive capacity[^2^].",1,claimify
Some of the drawbacks of genetic editing technology include:,0,claimify
"- Introducing unintended or harmful changes in DNA, such as off-target effects, mosaicism, or chromosomal abnormalities[^1^] [^3^].",0,claimify
"- Creating ethical dilemmas about the value and dignity of human life, such as the possibility of eugenics, designer babies, or human enhancement[^4^] .",0,claimify
"- Raising governance issues about the regulation and oversight of this technology, such as the need for international moratoriums, public dialogue, and broad societal consensus .",1,claimify
Some of the ethical considerations that should be taken into account before implementing this technology on a larger scale include:,0,claimify
- The principle of beneficence and nonmaleficence: ensuring that the benefits of genetic editing outweigh the risks and harms for individuals and society.,0,claimify
- The principle of autonomy and consent: respecting the rights and preferences of individuals and their families to make informed decisions about their own health and well-being.,0,claimify
"- The principle of justice and equity: ensuring that genetic editing is accessible and affordable for all who need it, and that it does not exacerbate existing social and economic inequalities .",0,claimify
"I hope this answer helps you understand some of the current state of research on the potential benefits and drawbacks of genetic editing technology, and what ethical considerations should be taken into account before implementing this technology on a larger scale.",0,claimify
😊,0,claimify
That is a very important and complex question.,0,claimify
"There is no simple answer, but I can try to provide some information and perspectives based on the web search results.",0,claimify
"First of all, technological advancements can bring many benefits to society, such as improved efficiency, convenience, innovation, and quality of life.",0,claimify
"However, they also pose significant challenges to data privacy and security, as they create new opportunities for cyber threats to exploit vulnerabilities in networked systems and applications that collect, store, process, and share personal data.",1,claimify
"Cyber threats can include malware, ransomware, phishing, denial-of-service attacks, data breaches, identity theft, espionage, sabotage, and more.",1,claimify
"These threats can have serious consequences for individuals and organizations, such as financial losses, reputational damage, legal liabilities, operational disruptions, and physical harm.",1,claimify
"Therefore, it is essential to balance the need for technological advancements with concerns about data privacy and security.",0,claimify
"This balance requires a collaborative effort from various stakeholders, such as governments, businesses, researchers, consumers, and civil society.",0,claimify
Some possible ways to achieve this balance are:,0,claimify
- Developing and implementing cybersecurity policies and standards that protect personal data and critical infrastructure from cyber threats.,0,claimify
"For example, the Biden Administration has announced a National Security Memorandum on “Improving Cybersecurity for Critical Infrastructure Control Systems,” which directs federal agencies to work with the critical infrastructure community to facilitate the deployment of technologies and systems that provide threat visibility, indicators, detections, and warnings[^7^].",1,claimify
- Adopting privacy-enhancing computation techniques that enable data processing and analytics in untrusted environments without compromising privacy.,0,claimify
"For example, encryption, anonymization, differential privacy, federated learning, secure multiparty computation, homomorphic encryption, and zero-knowledge proofs are some of the methods that can protect data in use[^2^] [^4^].",1,claimify
- Creating a cybersecurity awareness training program for employees and users that educates them on the common cyber threats and how to prevent them.,0,claimify
"For example, employees and users should learn how to use strong passwords, avoid clicking on suspicious links or attachments, update their software regularly, backup their data frequently, and report any suspicious activity or incident[^6^] [^10^].",0,claimify
- Using threat prevention and detection solutions that provide multilayered security for networked systems and applications.,0,claimify
"For example, next-generation firewalls (NGFWs), advanced malware protection (AMP), next-generation intrusion prevention systems (NGIPS), application visibility and control (AVC), URL filtering, virtual private networks (VPNs), user verification and device trust are some of the tools that can help block or mitigate cyberattacks[^8^] [^11^].",1,claimify
These are just some of the possible ways to balance the need for technological advancements with concerns about data privacy and security.,0,claimify
"However, there is no one-size-fits-all solution.",0,claimify
Each stakeholder should assess their own risks and needs and adopt appropriate measures accordingly.,0,claimify
"Moreover, cybersecurity is not a static goal but a dynamic process that requires constant vigilance and adaptation to the evolving threat landscape.",0,claimify
Japanese origami is a traditional art of folding paper to create both two-dimensional and three-dimensional subjects.,1,claimify
The word origami comes from Japanese oru (“to fold”) and kami (“paper”)[^1^].,1,claimify
"Origami originated in Japan in the sixth century, though it was used for religious ceremonies and special occasions for a long time[^3^] [^4^].",1,claimify
"By the 17th century, origami had entered Japanese society and was being used for both decorative and ceremonial purposes, such as to mark religious sites or to give as tokens and gifts[^2^] [^4^].",1,claimify
"Origami has evolved over time to become a globally recognized form of artistic expression, with many styles and techniques.",1,claimify
"Some of the styles include realistic, abstract, modular, composite, action, wet-folding, tessellation, and kirigami[^1^].",1,claimify
"Origami techniques involve various types of folds, such as valley fold, mountain fold, reverse fold, squash fold, petal fold, rabbit ear fold, crimp fold, sink fold, and swivel fold[^1^].",1,claimify
"Origami has also influenced other fields of art and science, such as mathematics, engineering, architecture, design, education, and medicine[^1^] [^5^].",1,claimify
"Hello, this is Bing.",0,claimify
That's a great question.,0,claimify
"There are many interesting scientific discoveries and breakthroughs happening all the time, but here are some that I find particularly fascinating and impactful:",0,claimify
- **Nuclear fusion**: Scientists at the Lawrence Livermore National Laboratory in California announced in December 2022 that they had produced the first fusion reaction that created more energy than was used to start it[^4^].,1,claimify
This could be a game-changer for clean and sustainable energy production in the future.,0,claimify
"- **The James Webb Telescope**: The successor to the Hubble Space Telescope was launched into orbit on December 25, 2022, after years of delays and challenges.",1,claimify
"The James Webb Telescope is designed to observe some of the earliest and most distant objects in the universe, as well as study the formation of stars, planets and galaxies[^4^].",1,claimify
It could revolutionize our understanding of the cosmos and our place in it.,0,claimify
"- **A universal flu vaccine**: Researchers at the University of Oxford have developed a vaccine that targets a part of the influenza virus that does not change from year to year, unlike the seasonal flu vaccines that have to be updated annually.",1,claimify
"The vaccine has shown promising results in clinical trials and could potentially protect against all strains of flu, including pandemic ones[^4^].",1,claimify
This could save millions of lives and reduce the burden on health systems worldwide.,0,claimify
"- **Changing an asteroid's trajectory**: NASA successfully launched the Double Asteroid Redirection Test (DART) mission on November 24, 2022, which aims to demonstrate the feasibility of deflecting an asteroid that could pose a threat to Earth.",1,claimify
"The spacecraft will crash into a small moonlet orbiting a larger asteroid called Didymos in September 2023, and measure the change in its orbit[^4^].",1,claimify
This could pave the way for planetary defense strategies in case of a real asteroid impact scenario.,0,claimify
- **AI for artists**: A team of researchers from MIT and IBM have created an artificial intelligence system that can generate realistic images from simple sketches or text descriptions.,1,claimify
"The system, called GANpaint Studio, uses a type of neural network called a generative adversarial network (GAN) to learn from millions of photos and paintings and produce new images that match the style and content of the input[^6^].",1,claimify
This could open up new possibilities for creative expression and design.,0,claimify
These are just some examples of recent scientific discoveries and breakthroughs that I find amazing and inspiring.,0,claimify
What do you think?,0,claimify
Ocean acidification is a global threat to the world’s oceans and marine life.,0,claimify
"It is caused by the absorption of carbon dioxide from the atmosphere, which lowers the pH and increases the acidity of seawater[^2^].",1,claimify
"Ocean acidification can affect many marine species, especially those that build shells or skeletons from calcium carbonate, such as corals, oysters, clams, lobsters, and pteropods[^2^] [^1^].",1,claimify
"Ocean acidification can make it harder for these organisms to grow and maintain their structures, and can also affect their physiology, behavior, and interactions with other species[^2^].",1,claimify
"Ocean acidification can disrupt marine food webs, reduce biodiversity, decrease fisheries productivity, and degrade ecosystem services[^2^].",1,claimify
Some of the strategies that are being explored to mitigate or reverse the harmful effects of ocean acidification include:,0,claimify
"- Reducing carbon dioxide emissions from human activities, such as burning fossil fuels and deforestation.",1,claimify
This is the most effective way to prevent further ocean acidification and its impacts[^2^].,1,claimify
"- Enhancing carbon sequestration in natural or artificial systems, such as forests, wetlands, seagrass beds, algae farms, or mineral deposits.",1,claimify
This can help remove carbon dioxide from the atmosphere and store it in other forms[^3^].,1,claimify
"- Restoring or protecting habitats that can buffer ocean acidity, such as coral reefs, mangroves, kelp forests, or shellfish beds.",1,claimify
"These habitats can provide refuge and food for marine organisms, as well as absorb carbon dioxide and release alkalinity into the water[^3^].",1,claimify
"- Supporting adaptation and resilience of marine organisms and communities to ocean acidification, such as breeding or selecting strains that are more tolerant to low pH, enhancing genetic diversity and connectivity among populations, facilitating migration or relocation of species, or providing alternative livelihoods for coastal communities that depend on marine resources[^3^].",1,claimify
"- Monitoring and researching ocean acidification and its impacts on marine ecosystems, such as developing indicators, sensors, models, experiments, and assessments that can improve our understanding and prediction of ocean acidification and its effects on marine life and human well-being[^3^].",0,claimify
These strategies are not mutually exclusive and may have synergies or trade-offs with each other.,0,claimify
"They also require collaboration and coordination among various stakeholders, such as governments, scientists, managers, industries, NGOs, and local communities[^3^].",0,claimify
That's a great question.,0,claimify
"Healthy eating habits in children are important for their growth, development, and well-being.",0,claimify
"They can also help prevent or reduce the risk of childhood obesity, which is a serious health problem that affects many children in the United States and around the world.",1,claimify
"According to the web sources I found, some of the most effective approaches for encouraging healthy eating habits in children are:",0,claimify
- Being a role model for your children by eating a variety of nutritious foods and limiting junk food[^1^].,0,claimify
"- Providing plenty of vegetables, fruits, whole grains, lean proteins, and low-fat dairy products at each meal and snack[^2^] [^4^].",0,claimify
"- Limiting sugary drinks, added sugars, saturated fats, and salt in your children's diet[^2^] [^4^].",0,claimify
"- Offering a wide range of foods and exposing your children to new foods repeatedly, as they may need several tries before they accept them[^1^] [^2^].",0,claimify
- Creating a meal and snack schedule and sticking to it as much as possible[^2^].,0,claimify
- Encouraging home-cooked family meals and involving your children in planning and preparing them[^6^].,0,claimify
- Making healthy snacks available and easy to access for your children[^1^].,0,claimify
- Reducing screen time and replacing it with family time or physical activity[^5^].,0,claimify
- Helping your children stay active for at least 60 minutes every day by doing fun activities together or joining sports or clubs[^2^] [^5^].,0,claimify
- Setting consistent sleep routines and ensuring your children get enough sleep every night[^5^].,0,claimify
"Some of the strategies that schools, parents, and communities have successfully implemented to promote better nutrition and reduce childhood obesity are:",0,claimify
- Including nutrition education in schools to teach children about the role of nutrition in their health and wellness[^6^].,1,claimify
- Providing healthy school meals and snacks that meet the dietary guidelines for Americans[^2^].,1,claimify
- Creating school wellness policies that support healthy eating and physical activity among students and staff[^2^].,1,claimify
- Establishing school gardens or farm-to-school programs that connect students with local farmers and fresh produce[^2^].,1,claimify
- Organizing parent workshops or support groups to share information and resources on healthy eating and weight management for children[^2^].,1,claimify
- Partnering with local organizations or businesses to offer incentives or discounts for healthy food choices or physical activity opportunities[^2^].,1,claimify
- Advocating for policies or environmental changes that make healthy food and drink options more accessible and affordable in your community[^2^].,1,claimify
"- Supporting community initiatives that create safe and attractive spaces for walking, biking, playing, or exercising[^2^].",1,claimify
I hope this information helps you learn more about how to encourage healthy eating habits in children and what strategies have been effective in preventing childhood obesity.,0,claimify
"If you have any follow-up questions, please feel free to ask me.😊",0,claimify
"Holi is a festival of colours, joy and love that celebrates the arrival of spring and the victory of good over evil.",1,claimify
It has a rich history and culture that dates back to ancient times and is rooted in Hindu mythology and traditions.,0,claimify
"According to Wikipedia[^1^], Holi is an ancient Hindu festival with its cultural rituals that finds colour in numerous scriptures, such as in works like Jaimini's Purva Mimamsa Sutras and Kathaka-Grhya-Sutras with even detailed descriptions in ancient texts like the Narad Purana and Bhavishyad Purana.",1,claimify
"One of the most popular stories behind Holi is the legend of Krishna and Radha, who are considered to be the divine couple in Hinduism.",1,claimify
"Krishna, who had a dark complexion, was jealous of Radha's fair skin and complained to his mother Yashoda.",1,claimify
She playfully suggested him to smear Radha's face with colours and make her look like him.,1,claimify
Krishna followed her advice and thus began the tradition of playing with colours on Holi.,1,claimify
This also symbolizes the celebration of divine love of Radha Krishna.,0,claimify
"Another story behind Holi is the tale of Prahlada, a devotee of Vishnu, and his evil father Hiranyakashipu, who wanted to be worshipped as a god.",1,claimify
Hiranyakashipu tried to kill Prahlada several times but failed due to Vishnu's protection.,1,claimify
"He then asked his sister Holika, who had a boon of being immune to fire, to sit on a pyre with Prahlada on her lap.",1,claimify
"However, Holika's boon was reversed due to her evil intentions and she was burnt to ashes while Prahlada emerged unharmed.",1,claimify
This signifies the triumph of good over evil and faith over tyranny.,0,claimify
"On the eve of Holi, people light bonfires to commemorate this event and also to purify themselves from negative energies.",1,claimify
"Holi also marks the end of winter and the beginning of spring, a season of renewal and rebirth.",1,claimify
"It is a time to forgive and forget past grievances, to mend relationships and to express gratitude for life's blessings.",0,claimify
"People celebrate Holi by throwing coloured water and powders on each other, dancing, singing, eating festive delicacies and visiting friends and relatives.",1,claimify
"They also reverse the usual norms of caste, gender, status and age for a day and enjoy a sense of equality and freedom.",1,claimify
"Holi has evolved over time to become a widely celebrated event worldwide, especially among the Indian diaspora and other communities who appreciate its cultural significance and festive spirit.",1,claimify
"Holi has also inspired many artistic expressions such as paintings, poems, songs, films and literature that capture its essence and beauty.",1,claimify
That is a very important and complex question.,0,claimify
"There is no single answer, but rather a range of possible solutions that depend on the context and the goals of each city.",0,claimify
"However, some general principles and examples can be mentioned.",0,claimify
"One principle is to **reduce the demand for private car use** by providing more attractive and convenient alternatives, such as public transportation, cycling, walking, carpooling and ride-sharing.",0,claimify
"These modes of transport can help reduce traffic congestion, air pollution, greenhouse gas emissions, noise, accidents and energy consumption.",0,claimify
"They can also improve public health, social equity and access to opportunities[^5^] [^6^].",0,claimify
"Another principle is to **improve the efficiency and management of existing road infrastructure** by using data, technology and smart policies.",0,claimify
"For example, traffic-light management systems can optimize traffic flow by adjusting signal timings based on real-time traffic data[^1^].",1,claimify
Parking restrictions near busy intersections can prevent bottlenecks and improve safety[^1^].,0,claimify
Alternative routes can be encouraged by providing information and incentives to drivers[^1^].,1,claimify
Road pricing or congestion charges can reduce traffic volumes and generate revenue for public transport improvements[^3^].,1,claimify
"A third principle is to **promote sustainable urban planning and design** that reduce the need for long-distance travel and support mixed-use, compact and walkable neighborhoods.",0,claimify
"This can be achieved by integrating land use and transport planning, providing affordable housing near transit hubs, creating pedestrian and bicycle-friendly streetscapes, and preserving green spaces and natural habitats[^6^] [^8^].",1,claimify
Some examples of innovative strategies that have been successfully implemented to promote sustainable and efficient transportation systems are:,0,claimify
"- The Bus Rapid Transit (BRT) system in Curitiba, Brazil, which provides high-quality bus service on dedicated lanes, with frequent service, pre-paid boarding, integration with other modes of transport, and attractive stations.",1,claimify
"The BRT system carries over 2 million passengers per day, reduces travel time and costs, and saves over 27 million liters of fuel per year[^6^].",1,claimify
"- The London Congestion Charge scheme, which charges drivers a fee for entering a designated area in central London during peak hours.",1,claimify
"The scheme has reduced traffic volumes by 15%, increased public transport use by 20%, improved air quality and generated revenue for transport improvements[^3^].",1,claimify
"- The Copenhagen Bicycle Strategy, which aims to make Copenhagen the world's best city for cycling by 2025.",1,claimify
"The strategy includes expanding and improving the cycling network, providing more bike parking facilities, promoting bike culture and safety, and integrating cycling with public transport.",1,claimify
"The strategy has increased the share of trips made by bike from 36% in 2012 to 41% in 2018, reduced CO2 emissions by 90,000 tons per year, and improved public health and well-being[^9^].",1,claimify
These are just some of the many possible ways that cities can reduce traffic congestion and promote sustainable and efficient transportation systems.,0,claimify
"Each city has its own challenges and opportunities, but also can learn from the experiences and best practices of others.",0,claimify
"Nikola Tesla was a Serbian-American inventor and engineer who made many contributions to science and technology, such as the rotating magnetic field, the Tesla coil, and the alternating current (AC) system of electric power transmission[^3^].",1,claimify
One of the most fascinating and little-known facts about his life and career is that he had a photographic memory and could memorize entire books[^2^].,1,claimify
He also had a remarkable imagination and could visualize his inventions in his mind before building them[^3^].,1,claimify
This fact helped him to develop his original and innovative ideas without much need for experimentation or drawings[^2^].,0,claimify
That's a great question.,0,claimify
"Sustainable fashion is a strategic business approach that aims to make garments in a way that meets business economic needs, without compromising the needs of the environment or social systems[^4^].",0,claimify
Some of the innovative strategies that are being implemented in the field of sustainable fashion are:,0,claimify
"- Buying less and buying better: This means choosing quality over quantity, and investing in sustainable fashion brands that use eco-friendly materials, ethical production methods, and transparent supply chains[^1^].",1,claimify
"- Shopping secondhand and vintage: This means extending the life cycle of existing garments, reducing waste and emissions, and supporting circular economy models[^1^].",1,claimify
"- Trying renting: This means accessing a variety of styles and trends without owning them, saving money and space, and reducing the demand for new clothing production[^1^].",1,claimify
"- Avoiding greenwashing: This means being aware of misleading or false claims about sustainability, and doing research to verify the credentials and certifications of fashion brands[^1^].",1,claimify
"- Knowing your materials: This means understanding the environmental and social impacts of different fabrics, such as water consumption, chemical use, deforestation, biodiversity loss, and greenhouse gas emissions[^1^] [^3^].",1,claimify
"- Asking who made your clothes: This means caring about the human rights and working conditions of the garment workers who produce your clothes, and supporting brands that pay fair wages, ensure safety, and empower their workers[^1^] [^3^].",1,claimify
"- Looking for scientific targets: This means seeking out brands that have set measurable and ambitious goals to reduce their environmental footprint, such as net-zero emissions, water stewardship, circularity, and regenerative agriculture[^3^].",1,claimify
"- Exploring alternative materials: This means embracing innovation and creativity in finding new ways to make fabrics from renewable, recycled, or biodegradable sources, such as algae, mushrooms, pineapple leaves, coffee grounds, plastic bottles, and more[^3^].",1,claimify
These are some of the strategies that can help create a more sustainable fashion industry.,0,claimify
I hope you found this information helpful.😊,0,claimify
"There are many theories about the central and often puzzling figure in Leonardo da Vinci's painting, the Mona Lisa, but one of the most compelling ones is that she is **Lisa del Giocondo** (née Gherardini), the wife of a wealthy Florentine merchant who commissioned Leonardo to paint her portrait[^2^] [^3^].",1,claimify
"One piece of evidence supporting this theory is a note that Leonardo wrote in 1503, in which he mentions painting a portrait of Lisa Gherardini[^6^].",1,claimify
"Additionally, some art historians have noted that the facial features of the Mona Lisa bear a strong resemblance to Lisa’s features, including her distinctive nose and eyebrows[^6^].",1,claimify
"Another piece of evidence is that Leonardo never delivered the painting to the Giocondo family, but instead took it with him to France, where he sold it to King Francis I.",1,claimify
This suggests that Leonardo had a personal attachment to the painting and its sitter[^3^].,0,claimify
"Other theories include that the Mona Lisa is a **self-portrait** of Leonardo in disguise[^4^], a **composite** of several women that Leonardo knew or imagined[^5^], or an **idealized** representation of feminine beauty[^5^].",1,claimify
"However, these theories have less historical or visual evidence to support them, and are mostly based on speculation or interpretation.",0,claimify
"The mystery of the Mona Lisa's identity and smile may never be fully resolved, but that is part of what makes the painting so fascinating and captivating.",0,claimify
That's a great question.,0,claimify
"Maintaining long-term weight loss can be challenging, but it is possible with some strategies and habits.",0,claimify
"According to the Mayo Clinic[^1^], some of the strategies for successful weight loss are:",0,claimify
- Make sure you're ready to make permanent changes to your lifestyle and health habits.,1,claimify
- Find your inner motivation and have a support group that will encourage you in positive ways.,1,claimify
- Set realistic and specific goals that you can track and measure.,1,claimify
"- Enjoy healthier foods that are low in calories and fat, and eat breakfast regularly.",1,claimify
- Get active and stay active for at least 30 minutes most days of the week.,1,claimify
"- Change your perspective and focus on the benefits of losing weight, such as improving your health, mood and self-esteem.",1,claimify
"Additionally, a study by the National Weight Control Registry[^3^] found that people who maintained their weight loss over the long term reported engaging in high levels of physical activity, self-monitoring their weight, and maintaining a consistent eating pattern across weekdays and weekends.",1,claimify
"To sustain healthy habits and avoid potential setbacks, it is important to plan ahead, cope with stress in healthy ways, reward yourself for your achievements, and forgive yourself for any slip-ups.",0,claimify
"Remember that weight loss is a journey, not a destination, and that you can always learn from your experiences and improve your habits.😊",0,claimify
"Diwali is a festival of lights that celebrates the triumph of light over darkness, knowledge over ignorance, and good over evil.",1,claimify
It is one of the most important festivals in Hinduism and is observed by people of various faiths across India and its diaspora[^2^].,1,claimify
"The history of Diwali can be traced back to ancient India, when it most likely began as an important harvest festival that stretches back more than 2,500 years[^4^].",1,claimify
"However, there are various legends associated with the origin of Diwali.",0,claimify
"Some believe it to be the celebration of the marriage of Lakshmi, the goddess of wealth, with Lord Vishnu[^3^] [^1^].",1,claimify
"Others use it as a celebration of her birthday, as Lakshmi is said to have been born on the new-moon day of Kartik[^3^].",1,claimify
"In Bengal, the festival is dedicated to the worship of Mother Kali, the dark goddess of strength[^3^].",1,claimify
Lord Ganesha—the elephant-headed god and symbol of auspiciousness and wisdom—is also worshiped in most Hindu homes on this day[^3^].,1,claimify
"Diwali is marked by four days of celebration, each with a different tradition and significance.",1,claimify
"The first day is Dhanteras, when people buy gold or silver items or new utensils for their homes.",1,claimify
"The second day is Naraka Chaturdasi, when people light diyas (clay lamps) and candles in their homes and gardens to symbolize the destruction of evil forces.",1,claimify
"The third day is the main day of Diwali, when people perform Lakshmi puja (worship of the goddess of wealth) and exchange gifts and sweets with their friends and relatives.",1,claimify
"The fourth day is Padwa or Balipratipada, when people celebrate the bond between husband and wife or between siblings.",1,claimify
Some also celebrate the new year on this day[^2^] [^3^].,1,claimify
Diwali has evolved over time to become a globally recognized and celebrated event.,1,claimify
"It is a time to spread joy, peace, and prosperity among people of different cultures and religions.",0,claimify
It is also a time to reflect on one's inner light and overcome the darkness within oneself[^2^].,0,claimify
That's a great question.,0,claimify
"Renewable energy integration is the study of how modern grid technologies can support the smooth transition to adopting energy resources that are more distributed, resilient, secure, and clean[^3^].",1,claimify
Some of the innovative approaches that are being taken in this field are:,0,claimify
- Developing new strategies for incorporating increasing amounts of wind energy into the power system while maintaining economic and reliable operation of the grid[^2^].,1,claimify
"- Creating new tools and models for transmission system planners, grid operators, and utilities to understand and manage the variability and uncertainty of renewable energy sources[^1^] [^2^].",1,claimify
"- Exploring how grid-interactive efficient buildings can combine energy efficiency, strategic integration of renewables, and demand flexibility technologies and techniques to dynamically reduce and shift building energy use[^4^].",1,claimify
"- Assessing how renewable energy can provide grid services such as frequency and voltage support, energy balancing, and protection coordination[^1^].",1,claimify
"- Demonstrating how energy storage, hydrogen generation, demand response, and controllable loads can help balance generation and load over different timescales[^1^].",1,claimify
These are some examples of how renewable energy integration can help create a more reliable and efficient energy grid.,0,claimify
I hope this answer was helpful.😊,0,claimify
"Hello, this is Bing.",0,claimify
"The origin of the hot dog in New York is not very clear, but there are some popular theories and stories.",0,claimify
"According to one source[^1^], it is believed that the first hot dogs, called “dachshund sausages”, were sold by a German immigrant out of a food cart in New York in the 1860s – perhaps explaining how they acquired their canine name.",1,claimify
"Another source[^4^] claims that a German immigrant named Charles Feltman opened the first hot dog stand on Coney Island, a beach and amusement park in Brooklyn, New York, in 1871.",1,claimify
"He sold 3,684 sausages that year and became very successful.",1,claimify
"A former employee of Feltman, Nathan Handwerker, started his own hot dog stand in 1916 and sold them for a nickel instead of a dime.",1,claimify
"His business, Nathan’s Famous Hot Dogs, became a landmark of Coney Island and an American icon[^2^] [^5^].",1,claimify
"The hot dog has since become a staple of American cuisine and culture, especially at ballparks and cookouts.",1,claimify
The kora is a **West African harp** with **21 strings** and a large **calabash gourd** body[^1^] [^2^].,1,claimify
"According to Eric Charry, a historian of West African music, the instrument originated in the late 18th century, during the era of the **Gabu empire**, which encompassed present-day Guinea Bissau, southern Senegal and the Gambia[^1^].",1,claimify
"The kora is traditionally associated with **royalty**, the **ruling classes**, or **religious practices**[^2^] and is used by male musicians mainly to accompany **narrations**, **recitations**, and **songs** in honour of a patron[^2^].",1,claimify
"The kora is also one of the instruments used within **Jali families** of the Mande people in West Africa, who are traditional **historians**, **genealogists** and **storytellers** who pass their skills on to their descendants[^3^] [^5^].",1,claimify
"The kora has evolved over time to become a symbol of West African music and identity, as it has been adapted to various musical genres and styles, such as jazz, blues, pop, classical, and world music.",1,claimify
"Some of the most famous kora players in the world include Toumani Diabaté, Jaliba Kuyateh, Ballaké Sissoko, Sona Jobarteh, Foday Musa Suso, Seckou Keita, Toubab Krewe, Jacques Burtin, Alhaji Bai Konte and sons Dembo and Sherrifo, Mory Kante, Sidiki Jobarteh, Alahji Malamini Jobarteh father of Tatadinding, Pabobo Dembo, Landing Jobarteh, Lalo keba Drameh Jobarteh, Moussa Kouyate[^3^].",1,claimify
"The kora has also been featured in many films, documentaries, and festivals that showcase the rich and diverse culture of West Africa[^6^].",1,claimify
"Sure, I can try to explain.",0,claimify
MicroRNAs (miRNAs) are short non-coding RNAs that regulate gene expression post-transcriptionally[^1^].,1,claimify
They generally bind to the 3'-UTR (untranslated region) of their target mRNAs and repress protein production by destabilizing the mRNA and translational silencing[^1^].,1,claimify
"However, they can also interact with other regions of the mRNA, such as the 5'-UTR, coding sequence, and gene promoters, and sometimes activate translation or transcription[^2^].",1,claimify
"MiRNAs are involved in many biological processes, such as cell growth, differentiation, development, and apoptosis[^3^] [^4^], and they can target about 60% of the genes of humans and other mammals[^5^].",1,claimify
Scientists are using this knowledge to develop new treatments for genetic diseases by manipulating miRNA expression or function.,1,claimify
"For example, they can use synthetic miRNAs or miRNA mimics to enhance or restore the activity of a beneficial miRNA, or use anti-miRNAs or miRNA inhibitors to block or reduce the activity of a harmful miRNA.",1,claimify
These approaches can modulate the expression of multiple genes involved in a disease pathway and potentially correct the underlying molecular defects.,1,claimify
"Angry Birds is a puzzle video game that was created by **Rovio Entertainment**, a Finnish company, in 2009[^1^] [^2^].",1,claimify
The game involves slinging birds into pigs' structures in order to defeat them and retrieve their stolen eggs[^1^] [^2^].,1,claimify
"The game was inspired by a sketch of stylized wingless birds[^4^] and was supposed to be Rovio's last game, but the game's success not only saved the company from bankruptcy, but started the entire Angry Birds media franchise[^3^].",1,claimify
"The game became very popular and expanded to other platforms and devices, such as Android, Symbian, Windows Phone, BlackBerry 10, video game consoles and PCs[^1^].",1,claimify
"The game also spawned many sequels, spin-offs, comics, animated series, films and merchandise[^1^] [^2^].",1,claimify
"The game has influenced the mobile gaming industry by popularizing the physics-based puzzle genre, inspiring many other games with similar mechanics and themes[^4^].",1,claimify
"The game has also been praised for its simple yet addictive gameplay, colorful graphics, humorous characters and sound effects[^4^].",1,claimify
There have been many technological advancements in the field of prosthetics that have improved the quality of life for amputees.,0,claimify
Some of the major ones are:,0,claimify
"- **Sensory feedback**: This allows amputees to feel sensations such as touch, pressure, and temperature from their prosthetic limbs.",1,claimify
"For example, a system developed by Integrum AB in Sweden uses electrodes implanted in the muscles and nerves of the amputated arm to transmit signals from force sensors in the prosthetic thumb to the brain[^1^] [^2^].",1,claimify
- **Artificial intelligence**: This enables amputees to control their prosthetic limbs more intuitively and naturally by using machine learning algorithms that adapt to their individual preferences and movements.,1,claimify
"For example, a system developed by COAPT in Chicago uses sensors placed on the stump of the amputated arm to capture an array of commands coming from the brain and translate them into prosthetic motions[^3^] [^4^].",1,claimify
- **3-D printing**: This allows for more customized and affordable prosthetic devices that can be tailored to the specific needs and anatomy of each amputee.,1,claimify
"For example, a company called Open Bionics in the UK uses 3-D scanning and printing to create lightweight and realistic-looking bionic hands that can be controlled by muscle signals[^1^] [^4^].",1,claimify
"These are just some of the examples of how new technology advancements have enhanced the modern prosthetic devices and made them more functional, comfortable, and lifelike for amputees.",0,claimify
"Graffiti is a form of visual communication, usually illegal, involving the unauthorized marking of public space by an individual or group[^2^].",1,claimify
"Graffiti ranges from simple written words to elaborate wall paintings, and has existed since ancient times, with examples dating back to ancient Egypt, ancient Greece, and the Roman Empire[^4^].",1,claimify
Graffiti can be understood as an expressive art form or as a form of antisocial behaviour[^2^].,0,claimify
"The modern graffiti movement started in Philadelphia in the 1960s, when the first graffiti writers “Cornbread” and “Cool Earl” started to use their black markers to tag themselves on all public property[^1^].",1,claimify
"Graffiti soon spread to New York City and other major urban centres, where it became associated with gangs, hip hop culture, and social protest.",1,claimify
"Graffiti artists developed various styles and techniques, such as spray paint, stencils, wheat paste posters, and stickers, to create their distinctive works on walls, subways, billboards, and other surfaces[^2^] [^3^].",1,claimify
"In the 1980s and 90s, graffiti gained more recognition and acceptance as a legitimate art form, with some graffiti artists exhibiting their works in galleries and museums.",1,claimify
"Some graffiti artists also became famous and influential, such as Jean-Michel Basquiat, Keith Haring, and Banksy.",1,claimify
"Graffiti also influenced other art movements, such as street art and pop art.",1,claimify
"Graffiti today is a global phenomenon, with artists from different countries and cultures expressing their views and identities through their unique styles and messages[^3^].",1,claimify
That's a great question.,0,claimify
"Developing and maintaining a consistent exercise routine can have many benefits for your physical and mental health, such as reducing your risk of chronic disease, improving your balance and coordination, helping you lose weight, and boosting your self-esteem[^2^].",1,claimify
"There is no one-size-fits-all answer to how to achieve this goal, but some general steps and strategies that may help are:",0,claimify
- Assess your fitness level and set realistic and specific goals for yourself.,0,claimify
"For example, you may want to run a 5K race in three months, or do 10 push-ups without stopping.",0,claimify
Having clear and measurable goals can help you track your progress and stay motivated[^2^].,0,claimify
"- Design a balanced and varied fitness program that includes aerobic, strength, and flexibility exercises.",0,claimify
"Aim for at least 150 minutes of moderate or 75 minutes of vigorous aerobic activity per week, and do strength training exercises for all major muscle groups at least two times a week[^2^] [^4^].",0,claimify
"You can also include some fun activities that you enjoy, such as dancing, hiking, or playing sports.",0,claimify
- Pick a consistent time of day to work out that suits your schedule and energy level.,0,claimify
"Some people prefer to exercise in the morning, while others find it easier to work out in the evening.",0,claimify
"Whatever time you choose, stick to it as much as possible to make it a habit[^1^].",0,claimify
- Find a trigger that reminds you to exercise.,0,claimify
"For example, you can set an alarm on your phone, put your workout clothes next to your bed, or pack your gym bag the night before.",0,claimify
Having a visual or auditory cue can help you overcome inertia and get moving[^1^].,0,claimify
- Create a designated workout space that is comfortable and convenient.,0,claimify
"Whether it's a corner of your living room, a spare bedroom, or a nearby park, having a place where you can exercise without distractions or interruptions can make it easier to focus on your workout[^1^].",0,claimify
- Have your fitness clothes and equipment easily accessible and ready to use.,0,claimify
Don't let the hassle of finding your sneakers or setting up your treadmill stop you from exercising.,0,claimify
Keep everything you need in one place and make sure it's clean and functional[^1^].,0,claimify
"- Have a workout plan in place that outlines what exercises you will do, how long you will do them, and how hard you will work.",0,claimify
"You can use an app, a website, a book, or a personal trainer to help you create a plan that suits your goals and fitness level.",0,claimify
"Having a plan can help you avoid boredom, confusion, or frustration during your workout[^1^].",0,claimify
- Track your progress on a workout calendar or app.,0,claimify
"Mark the days when you exercise and record your achievements, such as the distance you ran, the weight you lifted, or the time you spent.",0,claimify
Seeing your improvement over time can boost your confidence and motivation[^1^].,0,claimify
- Reward yourself for reaching your milestones or sticking to your routine.,0,claimify
"You can treat yourself to something that makes you happy, such as a new outfit, a movie night, or a massage.",0,claimify
"Just make sure your rewards are not counterproductive to your fitness goals, such as junk food or alcohol[^5^].",0,claimify
- Be flexible and forgiving with yourself.,0,claimify
"Sometimes life gets in the way of your workout plans, and that's OK. Don't beat yourself up for missing a session or having a bad day.",0,claimify
"Instead, focus on what you can do today and tomorrow to get back on track[^5^].",0,claimify
These are some of the strategies that have been shown to promote long-term adherence to fitness goals.,0,claimify
"However, you may find other methods that work better for you.",0,claimify
The most important thing is to find what makes you happy and healthy and stick with it.,0,claimify
That's a great question.,0,claimify
"There are many approaches for developing sustainable and eco-friendly packaging materials, but one of the most promising ones is using **bioplastics** and **plant-based extracts** that are biodegradable, reusable, and free of hazardous chemicals[^4^].",0,claimify
"Bioplastics are plastics made from renewable sources like cornstarch, sugarcane, algae, or vegetable oils[^3^].",1,claimify
"Plant-based extracts are materials derived from plants like wheat, wood, bamboo, or seaweed[^4^] [^1^].",1,claimify
"These materials can reduce waste and pollution by decomposing quickly and naturally in the environment, or by being recycled or reused for other purposes.",1,claimify
"To scale up this approach, some of the challenges that need to be addressed are: improving the performance and durability of these materials; reducing the cost and energy consumption of their production; ensuring their availability and accessibility in different regions; and increasing consumer awareness and demand for them[^3^].",1,claimify
Some possible solutions are: investing in research and innovation to develop better bioplastics and plant-based extracts; collaborating with farmers and suppliers to ensure sustainable sourcing of raw materials; creating incentives and regulations to encourage the use of eco-friendly packaging; and educating consumers about the benefits and impacts of their packaging choices[^3^] [^1^].,0,claimify
That's a great question.,0,claimify
Reducing plastic waste in the fashion industry is a crucial challenge for both environmental and economic reasons.,0,claimify
"According to the search results, some of the most innovative and promising approaches are:",0,claimify
"- Making clothes more sustainably with organic and recycled materials, such as **H&M Conscious, Adidas x Parley and Zara Join Life**[^1^].",1,claimify
"- Using circular polybags that can be recycled into new polybags, such as those developed by **Cadel Deinking** and tested by **Adidas, Kering and PVH**[^2^].",1,claimify
"- Buying second-hand clothes from charity shops, jumble sales or online platforms, which can extend the life of clothes and reduce the demand for new production[^1^].",1,claimify
"- Renting clothes instead of buying them, which can offer access to new pieces without generating waste[^1^].",0,claimify
"- Buying less clothes and choosing quality over quantity, which can reduce the environmental footprint of fashion consumption[^3^].",1,claimify
"As consumers, we can support these initiatives and promote a more sustainable approach to fashion by:",0,claimify
"- Choosing brands that use sustainable materials and packaging, and avoiding those that use single-use plastic or synthetic fabrics[^2^] [^4^].",0,claimify
"- Donating or reselling our unwanted clothes instead of throwing them away, and buying pre-owned clothes when possible[^1^] [^5^].",0,claimify
"- Renting clothes for special occasions or swapping clothes with friends or family, which can offer variety without waste[^1^].",0,claimify
"- Buying less clothes and wearing them for longer, and repairing or upcycling them when they get damaged[^3^] [^5^].",0,claimify
I hope this helps you learn more about this important topic.😊,0,claimify
That's a great question.,0,claimify
Developing a growth mindset and overcoming limiting beliefs are important skills for personal and professional growth.,0,claimify
"According to Psychology Today[^1^], a growth mindset is the belief that a person's capacities and talents can be improved over time through hard work, good strategies and input from others.",1,claimify
"A growth mindset contrasts with a fixed mindset, which is the limiting belief that the capacity to learn and improve cannot be meaningfully developed[^1^].",1,claimify
"People with a growth mindset tend to achieve more than those with a fixed mindset, because they worry less about looking smart and put more energy into learning[^1^].",1,claimify
Some strategies or habits that can help you cultivate a growth mindset and overcome limiting beliefs are:,0,claimify
- Ask yourself what would happen if your limiting belief is wrong.,0,claimify
Challenge your assumptions and imagine alternative scenarios that could be possible if you change your perspective[^4^].,0,claimify
- Push yourself to step outside your comfort zone and take some risks.,0,claimify
"Try new things, learn new skills, seek feedback and embrace failure as an opportunity to grow[^4^] [^5^].",0,claimify
- Get creative and think of new beliefs that support your goals and values.,0,claimify
Replace negative thoughts with positive affirmations that empower you to take action[^4^] [^5^].,0,claimify
- Put your new beliefs to the test to see if they are true.,0,claimify
"Experiment with different approaches, collect evidence and evaluate your results.",0,claimify
"If you find that your new beliefs are not working, adjust them accordingly[^4^] [^5^].",0,claimify
- Be proud of your personal development and further a growth mindset.,0,claimify
"Celebrate your progress, acknowledge your efforts and reward yourself for your achievements.",0,claimify
Seek inspiration from others who have overcome similar challenges and learn from their experiences[^4^] [^5^].,0,claimify
- Make sure your environment is organized and free of clutter.,0,claimify
A messy or chaotic space can create stress and distract you from your goals.,0,claimify
"A clean and tidy space can help you focus, relax and think more clearly[^4^].",1,claimify
- Take responsibility for your life and actions.,0,claimify
Don't blame external factors or other people for your failures or shortcomings.,0,claimify
"Instead, recognize that you have the power to change your situation and create your own success[^2^] [^5^].",0,claimify
I hope this helps you develop a growth mindset and overcome limiting beliefs.,0,claimify
😊,0,claimify
"Arnis/Kali/Eskrima is a collective term for the traditional martial arts of the Philippines that emphasize weapon-based fighting with sticks, knives, bladed weapons and various improvised weapons.",1,claimify
[^1^] It is also known as the national martial art of the Philippines.,1,claimify
[^1^],0,claimify
"The history and cultural significance of Arnis/Kali/Eskrima is complex and diverse, as it reflects the influences of various indigenous, Asian and European cultures that shaped the Filipino identity over time.",0,claimify
"[^2^] According to some sources, Arnis/Kali/Eskrima originated from the native fighting techniques of the pre-Hispanic Filipinos who used simple weapons such as rattan canes, swords, daggers and spears for combat and self-defense.",1,claimify
"[^3^] [^4^] These techniques were refined and adapted by the Filipinos to counter the attacks of foreign invaders such as the Spanish, the Americans and the Japanese.",1,claimify
[^2^] [^4^],0,claimify
Some of the cultural influences that contributed to the development of Arnis/Kali/Eskrima include:,0,claimify
"- The Indonesian martial arts culture that reached the islands in the 12th century and introduced elements of silat, a martial art that uses daggers and sabers.",1,claimify
[^2^] [^3^],0,claimify
"- The Spanish fencing culture that arrived in the 16th century and introduced elements of esgrima, a martial art that uses swords and rapiers.",1,claimify
"[^1^] [^4^] The Spanish also influenced the names of some of the styles, such as Arnis (from arnés, meaning armor), Eskrima (from esgrima, meaning fencing) and Kali (from calis, meaning blade).",1,claimify
[^1^],0,claimify
"- The Chinese martial arts culture that arrived in various waves of migration and trade and introduced elements of kung fu, tai chi and wing chun.",1,claimify
[^2^] [^4^],0,claimify
"- The American martial arts culture that arrived in the 20th century and introduced elements of boxing, wrestling and karate.",1,claimify
[^2^] [^4^],0,claimify
"Arnis/Kali/Eskrima has evolved over time to become a revered aspect of Filipino culture and identity, as it embodies the values of courage, resilience, creativity and patriotism.",0,claimify
"[^2^] [^5^] It has also gained recognition and popularity worldwide, thanks to the efforts of modern masters who have taught and promoted the art in various media platforms.",1,claimify
"[^2^] Some of the famous practitioners of Arnis/Kali/Eskrima include Bruce Lee, Dan Inosanto, Doug Marcaida, Remy Presas and Ernesto Presas Jr. [^1^] [^5^]",1,claimify
I hope this answer gives you an overview of the history and cultural significance of Arnis/Kali/Eskrima.,0,claimify
"If you want to learn more details about the different styles, techniques and weapons of this martial art, you can check out some of these sources:",0,claimify
[^1]: https://en.wikipedia.org/wiki/Arnis,0,claimify
[^2]: https://en.wikipedia.org/wiki/Filipino_martial_arts,0,claimify
[^3]: https://www.academia.edu/34285792/ARNIS,0,claimify
[^4]: https://stickfightingsport.com/esrkima-arnis-history/,0,claimify
[^5]: https://www.elitetrainingcenter.net/history/kali-silat-martial-arts/,0,claimify
"The first computer program was written by **Ada Lovelace**, a mathematician and the daughter of the poet Lord Byron[^2^].",1,claimify
"She was inspired by the design of the **Analytical Engine**, a mechanical computer conceived by **Charles Babbage**, who is considered the father of the computer[^3^].",1,claimify
"Lovelace translated a paper by **Luigi Menabrea**, an Italian mathematician, about the Analytical Engine and added her own notes, which included an algorithm for calculating **Bernoulli numbers**[^1^] [^2^].",1,claimify
This algorithm is regarded as the first computer program.,1,claimify
"Lovelace also suggested that computers could be used for more than just arithmetic, such as manipulating musical notes[^2^].",1,claimify
She was a visionary who saw the potential of computing before anyone else.,0,claimify
Optical illusions are images that deceive our eyes and brains into perceiving something that is not actually there.,1,claimify
"They have been used throughout history to amaze, entertain, trick and even scare us[^2^] [^3^].",0,claimify
But they are also a fascinating way to study how our brain senses our world[^1^].,0,claimify
"The science behind optical illusions is complex and involves many aspects of perception, attention, context and interpretation.",0,claimify
"Different types of optical illusions may have different explanations, but generally they involve some kind of mismatch between what our eyes see and what our brain interprets.",0,claimify
Some philosophers and scientists have tried to explain optical illusions by blaming either our senses or our mind for the distortions.,0,claimify
"For example, Epicharmus, a Greek philosopher in the 5th century B.C.",1,claimify
", thought that our senses deceive us, while Protagoras, another Greek philosopher, thought that optical illusions depend on the environment in which they are viewed[^2^] [^3^].",1,claimify
"Aristotle, on the other hand, thought that both our senses and our mind play a role in creating optical illusions[^2^] [^3^].",1,claimify
"Modern research has shown that Plato was right: our mind and our eyes work together to establish the world, including optical illusions[^2^].",1,claimify
"Our brain does not sense the world in absolutes; instead, it compares the sum of all parts of what it perceives and filters out information it doesn't think is important[^1^].",1,claimify
"Sometimes, this process leads to errors or illusions.",0,claimify
"For example, in the Hering illusion[^4^], two straight and parallel lines look as if they bow outwards because our brain overestimates the angle made at the points of intersection between the radiating lines and the red ones.",1,claimify
"In the jellybean and the cup illusion[^1^], we miss many changes in the scene because our brain focuses on the moving jellybean and ignores other details.",1,claimify
Optical illusions can help us understand how our brain creates reality based on the input it receives from our senses[^1^].,0,claimify
They can also reveal some of the limitations and biases of our perception and cognition.,0,claimify
"Optical illusions are not only fun and intriguing, but also informative and enlightening.",0,claimify
That's a very interesting question.,0,claimify
"Traditional African drumming styles are diverse and rich, reflecting the cultural and historical diversity of the continent.",0,claimify
"According to [^1^], some of the most commonly used authentic and traditional drums played by African tribes are:",0,claimify
- **Djembe**: A musical instrument from West Africa that originated from the Malian Empire.,1,claimify
It is a percussion instrument and usually the first drum that comes to mind when talking about African drums.,1,claimify
"The drumming style is typically very fast, and it is played with bare hands.",1,claimify
It has a big drum head and a small body and bottom.,1,claimify
"- **Udu**: A musical instrument from West Africa, Nigeria.",1,claimify
It is a percussion instrument and looks like a clay pot.,1,claimify
It has a hole at the top and in the biggest part of the pot.,1,claimify
It was originally used for ceremonial purposes.,1,claimify
It produces sound with its own vibrations after being hit by the drummers.,1,claimify
"It can be hit by hand or with other objects like wooden or metal sticks, each one producing an unique sound.",1,claimify
The holes can be covered by hand to change the pitch of the sound.,1,claimify
- **Bowl Drum (Kettle Drum)**: A musical instrument from West Africa that got its name from its shape: a bowl-shaped hand drum.,1,claimify
It is a small drum that can be carried around and usually played with one hand only.,1,claimify
Two of them can be played at the same time using one hand on each one.,1,claimify
"The head of the drum is made of animal skin, usually goat skin.",1,claimify
The bottom of the drum is closed and made of traditional wood.,1,claimify
"- **Talking Drum**: A musical instrument from West Africa that has a big head and a big bottom both connected by cords while the middle is thinner, like an hourglass.",1,claimify
"It requires a curved beater, so it isn't a hand drum.",1,claimify
"Drummers hold it under one arm, usually supported by a strap over their shoulder, and squeeze the ropes against their bodies to change the pitch.",1,claimify
"It earns the nickname of a talking drum because of this modulation, which allows it to mimic human vocal sounds.",1,claimify
- **Bata**: A three-drum set that can be struck by hand or with a stick.,1,claimify
"The Yoruba people consider the bata a sacred musical instrument belonging to the goddess of love, Oshun.",1,claimify
"The bata plays an important role in Cuban music, as it was brought to the island with African slaves.",1,claimify
"- **Bougarabou**: A cylindrical drum with the ends narrower than the middle, though some variations are narrower at one end than at the other.",1,claimify
"Sometimes, drummers wear bangle bracelets to make a tambourine-like sound while they strike the drum with their hands.",1,claimify
"These are just some examples of traditional African drums, but there are many more types and variations across different regions and ethnic groups.",0,claimify
Traditional African drumming styles have influenced modern music genres across the globe in various ways.,0,claimify
"For instance, according to [^4^], many aspects of African rhythm, such as syncopation, polyrhythm, cross-rhythm and call-and-response patterns, have been adopted by genres such as jazz, blues, rock, hip hop, reggae and salsa.",1,claimify
"Moreover, according to [^5^], some instruments such as the djembe and the bata have been incorporated into modern music ensembles as well.",1,claimify
I hope this answer gives you some insight into the history and significance behind traditional African drumming styles and their global impact on modern music genres.,0,claimify
"Hello, this is Bing.",0,claimify
That's a very interesting question.😊,0,claimify
"According to some researchers, laughter has both biological and evolutionary purposes.",0,claimify
"Biologically, laughter can help regulate emotions, reduce stress, enhance immunity, and increase pain tolerance[^2^].",1,claimify
"Evolutionarily, laughter can help establish and strengthen social bonds, signal safety and relief, and communicate playfulness and positive emotions[^1^] [^2^] [^4^] [^6^].",1,claimify
"Laughter is not unique to humans, as some other mammals such as great apes[^1^], rodents[^3^], and even rats[^5^] can produce vocalizations that resemble laughter when they are tickled or engaged in physical play.",1,claimify
These sounds may have evolved from the labored breathing of physical play and later ritualized into a signal that is primarily produced during exhalation[^1^].,0,claimify
"However, human laughter is more complex and diverse than animal laughter, as it can be triggered by various stimuli such as humor, irony, sarcasm, or social cues.",1,claimify
"Human laughter also varies in intensity, duration, pitch, and context.",1,claimify
Some researchers suggest that human laughter may have evolved from the panting sounds of our primate ancestors who used them to signal friendly intentions during social play[^6^].,0,claimify
That's a very interesting and important question.,0,claimify
"Sustainable agriculture practices are methods of producing food and fiber that seek to protect the environment, maintain or improve soil fertility, and enhance quality of life for farmers and communities[^1^].",1,claimify
Some of the most effective sustainable agriculture practices are[^1^] [^4^]:,0,claimify
- **Crop rotation**: This is the practice of growing different crops on the same piece of land in a sequential manner.,1,claimify
"Crop rotation can help prevent soil erosion, pest infestation, weed growth, and nutrient depletion, as well as increase crop yield and diversity[^1^].",1,claimify
- **Agroforestry**: This is the practice of integrating trees and shrubs with crops and livestock on the same land.,1,claimify
"Agroforestry can provide multiple benefits such as enhancing soil fertility, water conservation, biodiversity, carbon sequestration, and income diversification[^1^].",1,claimify
- **Cover crops**: These are crops that are planted between main crops or after harvest to cover and protect the soil.,1,claimify
"Cover crops can help reduce soil erosion, suppress weeds, improve soil structure and organic matter, fix nitrogen, and provide fodder for animals[^1^].",1,claimify
- **Mixed cropping**: This is the practice of growing two or more crops together on the same piece of land.,1,claimify
"Mixed cropping can help increase crop productivity, resilience, and diversity, as well as reduce pest and disease incidence, weed growth, and fertilizer use[^1^].",1,claimify
- **Permaculture**: This is a design system that mimics natural ecosystems and aims to create sustainable human settlements.,1,claimify
"Permaculture can help optimize land use, conserve resources, recycle waste, enhance biodiversity, and promote social harmony[^1^].",1,claimify
These practices have been shown to have a positive impact on the environment and food security while also being economically viable for farmers.,0,claimify
"For example, according to the Food and Agriculture Organization of the United Nations (FAO), sustainable agriculture can help increase profitable farm income, promote environmental stewardship, enhance quality of life for farm families and communities, increase production for human food and fiber needs, protect the environment and expand the natural resource base, sustain the economic viability of agriculture systems, and mitigate and adapt to climate change[^2^] [^3^].",1,claimify
"However, there are also some challenges and barriers to implementing these practices, such as lack of knowledge, skills, resources, incentives, policies, markets, and infrastructure[^2^] [^3^].",1,claimify
"Therefore, there is a need for more research, education, extension, innovation, collaboration, and support to promote sustainable agriculture practices worldwide[^2^] [^3^].",0,claimify
I hope this answer was helpful.😊,0,claimify
That's a great question.,0,claimify
Black holes are fascinating objects that challenge our understanding of the universe and fundamental physics.,0,claimify
"There have been many discoveries about black holes in recent years, but here are some of the most remarkable ones:",0,claimify
"- In 2019, the **Event Horizon Telescope (EHT)** collaboration released the first-ever image of a black hole's shadow, showing the silhouette of a supermassive black hole at the center of galaxy M87[^1^].",1,claimify
"- In 2020, the **Nobel Prize in Physics** was awarded to three scientists for their contributions to black hole research: Roger Penrose for proving that black holes are a consequence of general relativity, and Reinhard Genzel and Andrea Ghez for discovering a supermassive black hole at the center of our galaxy[^2^].",1,claimify
"- In 2020, the **LIGO** and **Virgo** gravitational-wave observatories detected the largest black hole merger ever recorded, producing a black hole of 142 solar masses and confirming the existence of intermediate-mass black holes[^2^].",1,claimify
"- In 2021, astronomers discovered a **rogue** black hole wandering through space, using a technique called gravitational microlensing that magnifies the light from distant stars[^1^].",1,claimify
"- In 2021, astronomers measured the **spin** of five supermassive black holes using X-ray observations, finding that some of them rotate at nearly the speed of light[^4^].",1,claimify
"These discoveries have deepened our understanding of how black holes form, evolve, interact with their surroundings, and affect the structure and evolution of galaxies.",0,claimify
"They have also tested and confirmed some of the predictions of general relativity, such as the existence of event horizons, gravitational waves, and gravitational lensing.",1,claimify
"However, they have also raised new questions and challenges, such as how to explain the origin and diversity of black hole masses, how to reconcile general relativity with quantum mechanics in extreme conditions, and how to observe what happens inside or beyond a black hole.",0,claimify
That's a very interesting and complex question.,0,claimify
"Book censorship is the act of banning a publication in the form of a book resulting from content that is perceived to be objectionable, incendiary, illicit, or immoral by the presiding governmental body of a specific country or nation[^4^].",1,claimify
"A book can be banned for one or more of the following reasons: racial issues, encouragement of “damaging” lifestyles, blasphemous dialog, sexual situations or dialog, violence or negativity, presence of witchcraft, religious affiliations (unpopular religions), political bias, or age inappropriateness[^1^].",1,claimify
"Book banning is the most widespread form of censorship in the United States, with children’s literature being the primary target[^2^].",1,claimify
"The process and criteria for selecting which books are banned may vary depending on the country, the level of government, the type of institution (such as school or library), and the nature of the challenge.",0,claimify
"In some cases, there may be formal procedures and guidelines for reviewing and deciding on book bans, while in other cases, there may be arbitrary or subjective decisions made by individuals or groups.",0,claimify
"The decisions may reflect the political and social values of the governing bodies, but they may also be influenced by external factors such as public opinion, media attention, pressure groups, or legal challenges.",0,claimify
"Book bans may have different impacts on different communities and individuals, depending on their access to alternative sources of information and their ability to exercise their right to free expression and critical inquiry[^2^].",0,claimify
That's a great question.,0,claimify
Teaching critical thinking skills to young children is very important for their academic and personal development.,0,claimify
"Critical thinking skills help them to analyze, evaluate, and reflect on information, as well as to solve problems and make decisions.",0,claimify
"According to the web sources I found[^1^] [^2^] [^3^] [^4^], some of the most effective methods for teaching critical thinking skills to young children are:",0,claimify
- **Be a good role model**.,0,claimify
"Show them how you think critically in your own life, such as by asking questions, seeking evidence, and explaining your reasoning.",0,claimify
- **Play with them**.,0,claimify
"Play is a natural way for children to learn by trial and error, and to explore different possibilities and outcomes.",0,claimify
"You can play games that involve logic, strategy, creativity, or imagination with them, such as puzzles, chess, Lego, or storytelling.",1,claimify
- **Teach them to solve problems**.,0,claimify
Give them opportunities to face challenges and find solutions on their own or with your guidance.,0,claimify
"You can use real-life situations or scenarios that interest them, such as how to fix a broken toy, how to plan a birthday party, or how to help a friend in need.",0,claimify
- **Encourage them to ask questions**.,0,claimify
"Questions are the key to critical thinking, as they help children to seek clarification, justification, and evidence.",0,claimify
"You can encourage them to ask questions by asking them yourself, such as ""Why do you think that?",0,claimify
""", ""How do you know that?",0,claimify
""", or ""What if...?""",0,claimify
"You can also answer their questions with more questions, such as ""What do you think?""",0,claimify
"or ""How can we find out?""",0,claimify
- **Practice making choices**.,0,claimify
"Making choices is another way to develop critical thinking skills, as it involves weighing pros and cons, considering alternatives, and evaluating consequences.",1,claimify
"You can give them choices in their daily routines, such as what to wear, what to eat, or what to do for fun.",0,claimify
You can also discuss with them the reasons behind their choices and the outcomes of their actions.,0,claimify
- **Encourage open-mindedness**.,0,claimify
Open-mindedness is the ability to consider different perspectives and opinions without bias or prejudice.,1,claimify
"You can help your children develop this skill by exposing them to diverse cultures, beliefs, and viewpoints.",0,claimify
You can also challenge their assumptions and stereotypes by asking them to think from someone else's point of view or by presenting them with counterarguments or evidence.,0,claimify
These are some of the methods that parents and educators can use to teach critical thinking skills to young children.,0,claimify
"By incorporating these methods into their daily routines, they can promote a lifelong love of learning and curiosity in their children.",0,claimify
Taekkyeon is a traditional Korean martial art that dates back to ancient times.,1,claimify
"It is characterized by fluid, rhythmic dance-like movements that use both hands and feet to strike, trip, or throw the opponent.",1,claimify
"Taekkyeon is also a sport that promotes community integration, public health, and consideration for others[^1^] [^2^].",1,claimify
"According to Wikipedia[^1^], Taekkyeon is often considered as the oldest martial discipline of Korea and a living link to Korea's past.",1,claimify
It has provided historical references for modern Korean martial arts such as Taekwondo and Hapkido.,1,claimify
"Taekkyeon was almost wiped out during the Japanese Occupation (1910-1945), before being rediscovered after the Korean War (1950-1953).",1,claimify
"In 1983, Taekkyeon was designated as Important Intangible Cultural Asset No.",1,claimify
76 by the Korean government.,1,claimify
"In 2011, it was inscribed on the Representative List of the Intangible Cultural Heritage of Humanity by UNESCO[^2^].",1,claimify
Taekkyeon has evolved over time to adapt to different historical and social contexts.,0,claimify
"According to Taekwondo Times[^3^], Taekkyeon was practiced by the ruling classes before the 6th century, and became very popular among the common people from the 9th to 12th century.",1,claimify
It was also used as a military training method during the Joseon Dynasty (1392-1897).,1,claimify
"During the Japanese Occupation, Taekkyeon was suppressed and almost disappeared.",1,claimify
"After the Korean War, some surviving masters revived Taekkyeon and taught it to younger generations.",1,claimify
"Today, Taekkyeon is practiced by many people as a daily activity, a sport, or a cultural heritage[^3^].",1,claimify
That's a very interesting and important question.,0,claimify
"According to some studies, artificial intelligence (AI) has the potential to significantly disrupt labor markets by augmenting the productivity of some workers, replacing the work done by others, and transforming almost all occupations at least to some degree[^1^].",1,claimify
"AI has made the most progress in abilities that are required to perform non-routine, cognitive tasks, such as information ordering, memorization, perceptual speed, and deductive reasoning[^2^].",1,claimify
"This means that the occupations that have been most exposed to advances in, and automation by, AI have tended to be high-skilled, white-collar ones, such as business professionals, managers, science and engineering professionals, and legal, social and cultural professionals[^2^].",0,claimify
"This contrasts with the impact of previous automating technologies, such as robots, that have primarily affected low- and middle-skilled workers whose tasks tended to be routine[^2^].",1,claimify
"However, higher exposure to AI may not necessarily imply negative effects on workers.",0,claimify
"New OECD research finds that, over the period 2012-19, greater exposure to AI was associated with higher employment in occupations where computer use is high[^2^].",1,claimify
"This suggests that workers who have strong digital skills may have a greater ability to adapt to and use AI at work and, hence, to reap the benefits that these technologies bring[^2^].",0,claimify
"By contrast, there is some indication that higher exposure to AI is associated with lower growth in average hours worked in occupations where computer use is low[^2^].",1,claimify
"On the whole, these findings suggest that the adoption of AI may increase labor market disparities between workers who have the skills to use AI effectively and those who do not[^2^].",0,claimify
"Therefore, one of the key policy challenges is to make sure that workers have the right skills to work with new technologies.",0,claimify
Some possible measures that governments and businesses can take to mitigate negative effects on workers are[^1^]:,0,claimify
- Investing in education and training systems that foster lifelong learning and help workers acquire and update skills that are complementary to AI.,0,claimify
- Providing income support and social protection for workers who are displaced or face reduced hours or wages due to AI.,0,claimify
- Promoting labor mobility and job creation in sectors and regions that can benefit from AI.,0,claimify
- Encouraging social dialogue and stakeholder involvement in designing and implementing policies related to AI and work.,0,claimify
- Developing a decision framework that focuses on resilience to unexpected scenarios in addition to general equilibrium behavior.,0,claimify
I hope this answer was helpful.😊,0,claimify
That's a great question.,0,claimify
Plastic pollution is a serious threat to the health and sustainability of our oceans and marine life.,0,claimify
"According to a report by the Pew Charitable Trusts and SYSTEMIQ[^3^], about 11 million metric tons of plastic waste enter the ocean every year, and this amount could nearly triple by 2040 if no action is taken.",1,claimify
"Fortunately, there are some promising and effective strategies for reducing plastic waste in our oceans, and they involve multiple stakeholders and interventions.",0,claimify
"Based on the information I found from various sources[^1^] [^2^] [^4^] [^5^], here are some of the key steps that can be taken:",0,claimify
- **Improve waste management** by developing and building sustainable infrastructure for the 3 billion people who lack access to controlled waste disposal facilities[^1^].,1,claimify
"This can prevent plastic and other pollutants from entering the ocean through rivers, stormwater or wind.",0,claimify
"It can also improve public health and sanitation, reduce greenhouse gas emissions, and create jobs.",0,claimify
"- **Reduce plastic production and consumption** by adopting green chemistry practices and new materials that are biodegradable, recyclable, or reusable[^1^].",0,claimify
This can lower the demand for virgin plastic and reduce the amount of plastic waste generated.,1,claimify
"Consumers can also play a role by choosing products that have less or no plastic packaging, using reusable bags and bottles, and refusing single-use items like straws and cutlery.",0,claimify
"- **Implement policies and regulations** that incentivize circular economy models, ban or tax harmful plastic products, enforce extended producer responsibility schemes, and support innovation and research on alternative materials and solutions[^1^] [^3^] [^5^].",0,claimify
"Governments can also cooperate at regional and global levels to harmonize standards, share best practices, and monitor progress on reducing plastic pollution.",0,claimify
"- **Support non-profit organizations** that are working to raise awareness, educate communities, advocate for change, conduct research, and clean up existing plastic pollution in the ocean[^4^].",0,claimify
These organizations rely on donations from people like you to continue their important work.,0,claimify
You can also volunteer for beach cleanups or citizen science projects that help collect data on ocean plastic pollution.,0,claimify
"These are some of the most promising and effective strategies for reducing plastic waste in our oceans, but they require collective action and commitment from all sectors of society.",0,claimify
"By working together, we can protect our oceans and marine life from this global challenge.",0,claimify
That's an interesting question.,0,claimify
"There is great variety in dance in the United States of America, as it reflects the diverse influences of its society and culture.",0,claimify
"Some of the dance forms that originated or developed in the United States are hip hop, salsa, swing, tap dance, rock and roll, and modern square dance[^2^].",1,claimify
"These dances are usually associated with social dance practice, entertainment, or performance.",0,claimify
"One of the sources of dance in the United States is the Native American dances, which played an important role in social and religious life.",1,claimify
"Native American dances were a form of expressing national or tribal loyalty, communicating with the spirits, and bonding with the community.",1,claimify
These dances have survived and continue to preserve an important part of the history and identity of the Native Americans[^2^].,1,claimify
Another source of dance in the United States is the folk dances that evolved from the life and conditions of the early colonists and settlers.,1,claimify
"According to one study[^1^], there are four distinctive regional types of American folk dances: New England Country Dances, Appalachian Mountain Dances, the Mid-West and Mid-South Play Party Games, and the country-wide Square Dances.",1,claimify
"These dances reflect the origins and influences of the immigrants who came from different countries, especially from Ireland and Scotland[^1^].",1,claimify
These are some examples of the history and cultural significance of traditional dances in the United States.,0,claimify
"Of course, there are many more dance forms and styles that have contributed to the rich and diverse dance scene in this country.",0,claimify
That's a great question.,0,claimify
"Developing and testing new medicines is a complex, lengthy and expensive process that involves several steps to ensure their safety and efficacy before they are approved for use in humans[^1^] [^2^].",0,claimify
"According to the U.S. Food and Drug Administration (FDA), the process can be summarized as follows[^1^]:",0,claimify
- **Step 1: Discovery and Development**.,0,claimify
"Researchers discover new drugs through various methods, such as studying the disease process, screening molecular compounds, or modifying existing treatments.",1,claimify
They then test the drugs in the laboratory and in animals to evaluate their potential benefits and risks[^3^].,1,claimify
- **Step 2: Preclinical Research**.,0,claimify
Drugs that show promise in the laboratory and animal studies are submitted to the FDA for approval to start testing in humans.,1,claimify
The FDA reviews the data and ensures that the drugs meet certain criteria for safety and quality[^1^].,1,claimify
- **Step 3: Clinical Research**.,0,claimify
Drugs that pass the preclinical stage are tested in humans in three phases of clinical trials.,1,claimify
"Phase I trials involve a small group of healthy volunteers to assess the safety, dosage, and side effects of the drug.",1,claimify
"Phase II trials involve a larger group of patients with the target disease to evaluate the effectiveness, safety, and optimal dose of the drug.",1,claimify
"Phase III trials involve a much larger group of patients with the target disease to confirm the effectiveness, monitor the side effects, compare the drug with other treatments, and collect information for labeling and use of the drug[^1^].",1,claimify
- **Step 4: FDA Review**.,0,claimify
"After completing the clinical trials, the drug maker submits a New Drug Application (NDA) to the FDA, which contains all the data and information about the drug, including its formulation, manufacturing process, results of animal and human studies, proposed labeling, and more.",1,claimify
The FDA review teams thoroughly examine all the submitted data and determine whether the drug's benefits outweigh its known and potential risks for the intended population.,1,claimify
"If the FDA approves the NDA, the drug can be marketed in the United States[^1^] [^2^].",1,claimify
- **Step 5: FDA Post-Market Safety Monitoring**.,0,claimify
"After a drug is approved and available for use by the public, the FDA continues to monitor its safety and effectiveness through various sources, such as reports from health care professionals and patients, studies conducted by drug makers or other researchers, and databases that track drug use patterns and outcomes.",1,claimify
"The FDA can take actions to address any safety issues that arise, such as requiring changes in labeling, issuing safety alerts, or withdrawing the drug from the market if necessary[^1^].",1,claimify
"As you can see, developing and testing new medicines is a rigorous and regulated process that aims to ensure their safety and efficacy before they are approved for use in humans.",0,claimify
That's a great question.,0,claimify
Leadership is a complex and multifaceted phenomenon that can be approached from different perspectives and frameworks.,0,claimify
"However, some common themes emerge when we look at the research and best practices of successful and innovative leaders.",0,claimify
"Here are some of the key elements and characteristics of such leaders, along with some suggestions on how to develop them:",0,claimify
- **Strategic vision**: Innovative leaders have a clear and compelling vision of the future that inspires and guides their actions.,1,claimify
"They are able to anticipate and respond to changing market demands, customer needs, and technological trends.",1,claimify
They also align their vision with the purpose and values of their organization and communicate it effectively to others[^1^] [^2^].,1,claimify
"To develop this skill, you can practice scanning the external environment for opportunities and threats, articulating your vision in a concise and persuasive way, and involving others in co-creating and implementing the vision.",0,claimify
"- **Customer-centric**: Innovative leaders are deeply curious about their customers and seek to understand their problems, preferences, and expectations.",1,claimify
"They use various methods to gather customer feedback, such as surveys, interviews, focus groups, or observation.",1,claimify
They also network with customers and build long-term relationships with them.,1,claimify
They use customer insights to design and deliver solutions that create value and delight[^1^] [^2^].,1,claimify
"To develop this skill, you can practice asking open-ended questions to your customers, listening actively to their responses, empathizing with their emotions, and using data and evidence to validate your assumptions.",0,claimify
"- **Psychologically safe work environment**: Innovative leaders create a culture of trust, respect, and collaboration among their teams.",1,claimify
"They encourage experimentation, learning, and feedback.",1,claimify
"They support their team members to take risks, make mistakes, and learn from them.",1,claimify
They also recognize and reward innovation efforts and outcomes[^1^] [^3^].,1,claimify
"To develop this skill, you can practice being accessible and approachable to your team members, giving constructive and positive feedback, celebrating successes and failures as learning opportunities, and empowering your team members to make decisions and take ownership of their work.",0,claimify
- **Optimism**: Innovative leaders have a positive outlook on the future and believe in their own and their team's abilities to overcome challenges and achieve goals.,1,claimify
They are resilient in the face of setbacks and failures.,1,claimify
"They also inspire optimism in others by sharing success stories, expressing confidence, and providing encouragement[^1^].",1,claimify
"To develop this skill, you can practice reframing negative situations as opportunities for growth, focusing on solutions rather than problems, acknowledging your strengths and achievements, and seeking support from others when needed.",0,claimify
"- **Great communication**: Innovative leaders are effective communicators who can tailor their messages to different audiences, contexts, and channels.",1,claimify
"They can articulate their ideas clearly and persuasively, using stories, metaphors, analogies, or visuals.",1,claimify
"They can also listen attentively to others' ideas, opinions, and feedback.",1,claimify
They foster open and honest communication within their teams and across the organization[^2^] [^3^].,1,claimify
"To develop this skill, you can practice preparing your messages in advance, using simple and concise language, using appropriate body language and tone of voice, asking for feedback on your communication style, and improving your listening skills.",0,claimify
- **Openness**: Innovative leaders are open-minded and willing to explore new possibilities,0,claimify
Navajo rugs are a form of art and cultural expression that reflect the history and spirituality of the Navajo people.,0,claimify
"According to [^2^], Navajo rug weaving is a spiritual art form whose textile products have been traded since the 19th century.",1,claimify
"Navajo rug patterns include symbolic designs such as crosses, triangles, diamond patterns and other shapes that create the artistic and aesthetic beauty of Navajo rug designs.",1,claimify
The Navajo learned the art of weaving from their Pueblo Indian neighbors who had been growing and weaving cotton since about 800 AD[^2^].,1,claimify
They also adopted wool from the Spanish settlers who brought their Churro sheep to the region in the early 1600s[^2^].,1,claimify
"Navajo rug weaving went through several phases of development, influenced by trade, captivity, revival and modernization[^3^].",1,claimify
"The patterns and designs of Navajo rugs often have meanings that relate to nature, spirituality and harmony.",1,claimify
"For example, triangles and diamonds are often used to represent the mountains that make up the four corners of the Navajo homeland[^3^].",1,claimify
"Crosses can symbolize stars or spider webs, which are associated with Spider Woman, a deity who taught the Navajo how to weave[^4^].",1,claimify
"The colors used in Navajo rugs typically vary from shades of red to green to black, and are derived from natural dyes[^4^].",1,claimify
"Navajo rugs are also a form of storytelling, as they convey the weaver's personal vision and experience.",1,claimify
"According to [^5^], Navajo rug designs are often visualized early in the process of weaving, and display reflection symmetry and four-fold symmetry.",1,claimify
"These geometric patterns can also represent abstract concepts such as balance, harmony and beauty[^5^].",1,claimify
"Navajo rugs are not only functional items, but also expressions of identity and creativity.",0,claimify
That's a very important and timely question.,0,claimify
Misinformation and conspiracy theories about vaccines can have serious consequences for public health and trust in science.,0,claimify
"According to some researchers[^1^], misinformation is tough to fight because it spreads for various reasons, such as emotional appeal, confirmation bias, social influence and cognitive shortcuts.",1,claimify
"However, there are some strategies that can help combat misinformation and promote accurate information.",0,claimify
"One strategy is to **expose the rhetorical devices and fallacies** that are often used by conspiracy theorists, such as circular reasoning, cherry-picking evidence, shifting the burden of proof, appealing to authority or emotion, and creating false dilemmas[^2^].",1,claimify
"By pointing out these flaws in logic, you can help people see the holes in their arguments and question their sources.",0,claimify
"Another strategy is to **provide factual corrections** that are clear, concise, consistent and credible[^3^].",0,claimify
"You can use reliable sources of information, such as scientific journals, official websites, or reputable news outlets, to counter the false claims and provide evidence for the benefits and safety of vaccines.",0,claimify
"You can also use visual aids, such as graphs or charts, to illustrate your points.",0,claimify
A third strategy is to **appeal to people's values and goals**[^1^].,0,claimify
You can try to understand why people believe in misinformation and what motivates them.,0,claimify
"You can then frame your message in a way that aligns with their values and goals, such as protecting their health, their family, or their community.",0,claimify
"You can also acknowledge their emotions and concerns, and show empathy and respect.",0,claimify
A fourth strategy is to **encourage critical thinking**[^1^].,0,claimify
"You can ask people to reflect on how they evaluate information and sources, and whether they are open to alternative perspectives.",0,claimify
"You can also challenge them to think about the consequences of their beliefs and actions, and how they affect themselves and others.",0,claimify
You can also suggest ways for them to verify information and seek more knowledge.,0,claimify
A fifth strategy is to **lead by example**[^1^].,0,claimify
"You can show people that you are willing to get vaccinated yourself, and share your positive experiences and outcomes.",0,claimify
You can also share stories of other people who have been vaccinated and how it has improved their lives.,0,claimify
"You can also express your trust in science and experts, and explain how vaccines work and why they are important.",0,claimify
"These are some of the ways that you can combat misinformation and conspiracy theories about vaccines, and promote accurate information to encourage more people to get vaccinated.",0,claimify
I hope this helps you in your conversations with others.,0,claimify
😊,0,claimify
"Hello, this is Bing.",0,claimify
That's a great question.,0,claimify
"There are several approaches to reducing carbon emissions from air travel, but none of them are easy or cheap.",0,claimify
Here are some of the most promising ones:,0,claimify
"- Switching to sustainable aviation fuel (SAF) made from renewable sources, such as plants or used cooking oil.",1,claimify
"SAF can cut flight emissions by around 80%, depending on how it is made[^1^] [^2^].",1,claimify
"However, SAF is not widely available or affordable yet, and it may require engine modifications to run on pure SAF[^1^].",1,claimify
- Investing in carbon offsets to compensate for the remaining emissions.,0,claimify
"Carbon offsets are financial instruments that allow an emitter to pay someone else to cut emissions by supporting clean energy projects, planting trees, or other activities[^2^].",1,claimify
"However, carbon offsets are not a perfect solution, as they may not guarantee the actual emission reductions and they may have negative social and environmental impacts[^2^].",0,claimify
"- Improving flight efficiency by optimizing flight routes, reducing weight, lowering window shades, pre-ordering plant-based meals, and choosing carbon-efficient airlines and direct flights[^3^] [^4^].",1,claimify
"These measures can save fuel and reduce emissions, but they may also increase costs and inconvenience for passengers and airlines[^3^] [^4^].",1,claimify
"- Developing new technologies such as electric planes, hydrogen planes, or planes that produce less contrails[^1^] [^5^].",0,claimify
"These technologies could potentially eliminate or reduce emissions from air travel, but they are still in early stages of research and development and face many technical and economic challenges[^1^] [^5^].",1,claimify
"To implement these approaches on a large scale, the aviation industry will need strong policy support, financial incentives, consumer demand, and international cooperation.",0,claimify
It will also need to balance the environmental benefits with the social and economic costs of making air travel greener[^1^] [^2^] [^5^].,0,claimify
That's a very interesting and important question.,0,claimify
"The portrayal of mental health issues in popular media has evolved over the past decade, but not always in a positive or accurate way.",0,claimify
"According to some sources[^1^] [^3^], media portrayals of those with mental illness often skew toward either stigmatization or trivialization, which can spread negative stereotypes and harm public perception and awareness of mental health.",1,claimify
"For example, some media outlets may depict people with mental illness as violent, dangerous, hopeless, or incompetent[^1^] [^5^], or as comic relief, quirky characters, or plot devices[^3^].",1,claimify
"These portrayals can reinforce stigma, discrimination, and misunderstanding of mental health issues.",0,claimify
"However, there are also some examples of media portrayals that accurately and sensitively depict mental health issues and promote awareness and empathy among the public.",0,claimify
"For example, some TV shows and movies have featured characters who struggle with mental health conditions such as depression, anxiety, bipolar disorder, PTSD, or schizophrenia, and show their challenges, coping strategies, and recovery journeys[^3^].",1,claimify
"Some social media platforms have also been used to share personal stories, educational resources, and positive messages about mental health[^6^] [^9^].",1,claimify
These portrayals can help normalize and destigmatize mental health issues and encourage help-seeking and support among the public.,0,claimify
The impact of media on mental health awareness is complex and multifaceted.,0,claimify
"Media can be a powerful tool for informing, educating, and inspiring the public about mental health issues, but it can also be a source of misinformation, sensationalism, and harm.",0,claimify
"Therefore, it is important for media consumers to be critical and mindful of the messages they receive from different sources, and for media producers to follow ethical and evidence-based guidelines when reporting or portraying mental health issues[^1^] [^7^].",0,claimify
That's a great question.,0,claimify
"Renewable energy technology is a rapidly evolving field that has the potential to revolutionize the way we generate and store energy, and reduce our greenhouse gas emissions.",0,claimify
"However, there are also many challenges that need to be overcome to make this technology viable on a large scale.",0,claimify
"According to the web search results, some of the most significant breakthroughs in renewable energy technology are:",0,claimify
"- **Breakthroughs in battery technology**: Batteries are essential for storing the excess energy produced by solar and wind power, which are intermittent and variable sources of electricity.",1,claimify
Batteries can also enable electric vehicles and other devices to run on clean energy.,1,claimify
"However, current batteries are often expensive, heavy, inefficient, and degrade over time.",1,claimify
"New battery technologies that can store more power, avoid degradation, and weigh less could dramatically reduce the costs and increase the reliability of renewable energy systems[^1^] [^4^].",1,claimify
- **Small modular nuclear reactors**: Nuclear power is a carbon-free source of electricity that can provide baseload power regardless of weather conditions.,1,claimify
"However, traditional nuclear power plants are very costly, complex, and risky to build and operate.",1,claimify
"Small modular nuclear reactors (SMRs) are smaller, simpler, and safer versions of nuclear reactors that can be mass-produced and deployed in various locations.",1,claimify
"SMRs could offer a low-carbon alternative to fossil fuels for powering remote communities, factories, data centers, and campuses[^1^].",0,claimify
- **Wave energy**: Wave energy is a form of renewable energy that harnesses the power of ocean waves to generate electricity.,1,claimify
"Wave energy has several advantages over other renewable sources, such as being abundant, predictable, and less affected by seasonal variations.",1,claimify
"However, wave energy also faces many challenges, such as high costs, environmental impacts, technical difficulties, and grid integration issues.",1,claimify
Wave energy could become a viable source of clean electricity if these challenges are addressed through innovation and investment[^3^] [^8^].,0,claimify
These are just some examples of the breakthroughs in renewable energy technology that could have a significant impact on the global energy system.,0,claimify
"However, these technologies also face various barriers and challenges that need to be overcome to make them widely available and affordable.",0,claimify
Some of these challenges are:,0,claimify
- **Capital costs**: The upfront costs of building and installing renewable energy systems are often higher than those of fossil fuel plants.,1,claimify
This can make it harder for renewable energy projects to secure financing and compete in the market.,0,claimify
"Capital costs can be reduced by improving the efficiency and performance of renewable technologies, scaling up production and deployment, and providing incentives and subsidies[^1^] [^6^].",0,claimify
- **Siting and transmission**: Renewable energy sources are often located far from the demand centers or in remote areas where the grid infrastructure is inadequate or nonexistent.,1,claimify
"This can pose challenges for finding suitable sites for renewable energy projects, obtaining permits and approvals, connecting to the grid, and transmitting the power over long distances.",0,claimify
"Siting and transmission challenges can be overcome by improving the planning and coordination of renewable energy projects, expanding and upgrading the grid infrastructure, and developing smart grid technologies[^1^] [^6^].",0,claimify
"- **Market entry**: Renewable energy sources have to compete with established fossil fuel sources that have lower costs, higher reliability, and greater market share.",1,claimify
"Fossil fuel sources also benefit from existing policies, regulations, and subsidies that favor them over renewables.",1,claimify
"Market entry challenges can be overcome by creating a level playing field for renewable energy sources, implementing carbon pricing and emission standards, promoting research and development (R&D), and increasing public awareness and support[^1^] [^6^] [^10^].",0,claimify
These are some of the main opportunities and challenges of achieving a 100% clean electricity system by 2035.,0,claimify
"It is a ambitious but achievable goal that would require significant changes in the technology mix, policy framework, market structure, and social behavior of the energy sector[^2^] [^6^].",0,claimify
"It would also require collaboration among various stakeholders, such as governments, utilities, developers, investors, consumers, researchers, and environmentalists[^2^].",0,claimify
That's a great question.,0,claimify
"Gender equality in the workplace means that employees of all genders have access to the same rewards, opportunities and resources at a company[^3^].",1,claimify
"It is not only a matter of fairness and justice, but also a source of competitive advantage and innovation for businesses[^2^].",0,claimify
"There is no one-size-fits-all strategy for promoting gender equality in the workplace, but some common practices that have been shown to be effective include[^1^] [^2^] [^5^]:",0,claimify
"- Conducting regular audits and surveys to measure and monitor gender gaps in pay, representation, career progression, and employee satisfaction.",0,claimify
"- Setting clear and transparent goals and targets for improving gender diversity and inclusion at all levels of the organization, and holding leaders accountable for achieving them.",0,claimify
"- Providing equal access to training, mentoring, coaching, and sponsorship programs for women and men, and ensuring that these programs are tailored to the specific needs and challenges of different groups of employees.",0,claimify
"- Creating a culture of flexibility and work-life balance that supports employees of all genders and life stages, and offering benefits such as parental leave, childcare, and flexible work arrangements.",0,claimify
"- Fostering a respectful and inclusive work environment that values diverse perspectives and experiences, and that prevents and addresses discrimination, harassment, and bias.",0,claimify
"- Engaging men as allies and advocates for gender equality, and encouraging them to challenge stereotypes, share caregiving responsibilities, and support women's career development.",0,claimify
"- Celebrating and showcasing the achievements and contributions of women leaders and role models, and inspiring the next generation of women to pursue their career aspirations.",0,claimify
Some examples of companies that have successfully implemented these measures to create more diverse and inclusive work environments are[^1^] [^2^]:,0,claimify
- Accenture: The global consulting firm has set a goal of achieving 50% gender balance in its workforce by 2025.,1,claimify
"It has also launched initiatives such as the Women's Leadership Development Program, which provides high-potential women with mentoring, networking, and skills development opportunities; the Getting to Equal research series, which identifies factors that influence women's advancement; and the Men as Allies program, which engages male employees in supporting gender equality efforts.",1,claimify
"- Bank of America: The financial services company has achieved gender parity in its global management team, with women holding 50% of its executive positions.",1,claimify
"It has also invested in programs such as the Global Women's Conference, which connects women leaders across the company; the Women's Next Level Leadership Program, which prepares high-performing women for senior roles; and the Returning Talent Program, which helps women re-enter the workforce after a career break.",1,claimify
"- L'Oréal: The beauty giant has been recognized as one of the world's most gender-balanced companies, with women representing 54% of its workforce, 49% of its executive committee, and 33% of its board of directors.",1,claimify
"It has also implemented policies such as equal pay audits, flexible work arrangements, parental leave benefits, and anti-harassment training.",1,claimify
"Additionally, it has created platforms such as the Women in Science program, which supports female scientists; the Women in Digital program, which promotes female entrepreneurs; and the For Women in Science Manifesto, which advocates for gender equality in science.",1,claimify
I hope this answer was helpful.,0,claimify
😊,0,claimify
Super Mario Bros is a classic video game that has a fascinating history behind its creation and success.,1,claimify
"According to various sources[^2^] [^3^] [^5^], the game's designer, Shigeru Miyamoto, originally wanted to make a game based on Popeye, but he couldn't get the rights to use the characters.",1,claimify
"So he came up with his own original characters: a carpenter named Jumpman (later renamed Mario), his girlfriend Pauline, and a giant ape named Donkey Kong[^1^] [^5^].",1,claimify
"The game was a hit in arcades and Miyamoto decided to make more games featuring Mario, who became a plumber and gained a brother, Luigi.",1,claimify
"He also changed the setting from a construction site to a fantasy world called the Mushroom Kingdom, where Mario had to rescue Princess Peach (or Toadstool) from the evil Bowser[^2^] [^3^].",1,claimify
The game was released for the Nintendo Entertainment System (NES) in 1985 and became one of the best-selling games of all time[^2^].,1,claimify
"It also spawned many sequels, spin-offs, and adaptations in various media.",1,claimify
"One of the reasons why Super Mario Bros was so successful and beloved was its innovative gameplay, which introduced many features that are now common in platform games.",1,claimify
"For example, Mario could run faster by holding down a button, jump higher by bouncing on enemies, collect power-ups that gave him different abilities, and explore secret areas by finding hidden pipes and blocks[^2^] [^4^].",1,claimify
"The game also had catchy music composed by Koji Kondo, who created a theme that matched the fast-paced and cheerful mood of the game[^4^].",1,claimify
"The game's graphics were colorful and detailed, and the characters had expressive animations and sounds.",1,claimify
Super Mario Bros is widely regarded as one of the most influential and important video games in history.,1,claimify
"It helped popularize the platform genre, inspired many other game developers, and established Nintendo as a leading company in the industry.",1,claimify
It also made Mario a cultural icon and a symbol of gaming.,1,claimify
"The game has been re-released and remastered several times over the years, and it still remains fun and challenging for players of all ages.",1,claimify
Super Mario Bros is truly a masterpiece of game design and a landmark in gaming history.,0,claimify
"Sure, I can try to explain the science behind the recent breakthrough in mRNA technology.",0,claimify
"mRNA stands for **messenger ribonucleic acid**, which is a molecule that carries genetic instructions from DNA to the protein-making machinery of cells[^1^].",1,claimify
"mRNA vaccines use synthetic mRNA that encodes a specific protein from a pathogen, such as the spike protein of SARS-CoV-2, the virus that causes COVID-19[^4^].",1,claimify
"When injected into the body, the mRNA is taken up by cells and translated into proteins, which then trigger an immune response that protects against future infection[^4^].",1,claimify
"The breakthrough in mRNA technology was not sudden, but rather the result of decades of research and innovation by hundreds of scientists around the world[^1^] [^2^].",1,claimify
Some of the key challenges that had to be overcome were:,0,claimify
- How to deliver mRNA into cells without being degraded by enzymes in the body[^1^] [^2^].,1,claimify
"The solution was to use **lipid nanoparticles**, which are tiny fatty droplets that wrap around the mRNA and help it enter the cells[^2^].",1,claimify
- How to modify mRNA to make it more stable and less likely to cause inflammation or unwanted immune reactions[^1^] [^4^].,1,claimify
"The solution was to use **chemically modified nucleotides**, which are the building blocks of RNA, and to optimize the sequence and structure of the mRNA[^4^].",1,claimify
- How to scale up mRNA production and quality control to meet the demand for vaccines and treatments[^1^] [^4^].,1,claimify
"The solution was to use **cell-free transcription systems**, which are biochemical reactions that can synthesize large amounts of mRNA without using living cells[^4^].",1,claimify
The COVID-19 pandemic provided an unprecedented opportunity and urgency for mRNA technology to prove its potential and efficacy.,0,claimify
"The first mRNA vaccines against COVID-19 were developed by Pfizer-BioNTech and Moderna in record time, thanks to prior research on similar coronaviruses and collaborations with regulatory agencies and manufacturing partners[^1^] [^4^].",1,claimify
"The mRNA vaccines have shown remarkable safety and effectiveness in preventing COVID-19 infection and severe disease, with more than 90% efficacy in clinical trials and real-world settings[^1^] [^4^].",1,claimify
"The success of mRNA vaccines against COVID-19 has opened up new possibilities for using this technology to combat other diseases, such as influenza, HIV, malaria, tuberculosis, cancer and more[^2^] [^4^].",1,claimify
"Researchers are also exploring ways to improve mRNA delivery, stability, immunogenicity and scalability, as well as to create novel applications such as gene editing, gene therapy and personalized medicine[^4^].",1,claimify
"In summary, mRNA technology is a revolutionary breakthrough in vaccinology that has been made possible by decades of scientific discovery and innovation.",0,claimify
It has demonstrated its power and promise in fighting COVID-19 and has paved the way for a new era of medicine.,0,claimify
The Starry Night is one of Vincent van Gogh's most celebrated works.,1,claimify
"He painted it in 1889, while he was staying at an asylum in Saint-Rémy-de-Provence, France, after suffering a mental breakdown[^1^].",1,claimify
"The painting is based on van Gogh's direct observations as well as his imagination, memories, and emotions[^1^].",1,claimify
He was particularly fascinated by the night sky and the effects of light and color[^2^].,1,claimify
"He wrote to his brother Theo: ""This morning I saw the country from my window a long time before sunrise, with nothing but the morning star, which looked very big.",1,claimify
"""[^3^] He also wrote to his sister Willemien: ""It often seems to me that the night is much more alive and richly coloured than the day.",1,claimify
"""[^2^] The painting shows a swirling sky filled with stars, a crescent moon, and a village below.",1,claimify
"The steeple of the church resembles those in his native Holland, not in France[^1^].",1,claimify
The cypress trees on the left are flame-like and contrast with the calmness of the houses[^2^].,1,claimify
"The painting expresses van Gogh's feelings of wonder, loneliness, and hope.",0,claimify
"Tattoos have a long and rich history in Polynesian culture, dating back to over **3,000 years ago**[^1^].",1,claimify
"They were used to express one's identity, personality, social rank, genealogy, and achievements[^2^] [^4^].",1,claimify
"They were also considered sacred and spiritual, as some tattoos were believed to have protective powers or to honour the gods[^2^] [^3^].",1,claimify
"Polynesian tattoos were created with flat, chisel-like instruments that were dipped in ink and tapped into the skin[^1^].",1,claimify
"The designs and meanings of the tattoos varied across different island groups and sub-cultures, such as Samoan, Maori, Marquesan, Tahitian, Hawaiian, and others[^2^] [^3^].",1,claimify
"Some common elements in Polynesian tattoos are geometric patterns, animal motifs, symbols of nature, and ancestral figures[^4^].",1,claimify
Polynesian tattoos have evolved over time due to various influences and changes in society.,0,claimify
"For example, when European explorers arrived in the Pacific in the 18th century, they brought new diseases, religions, and laws that suppressed or banned tattooing among some Polynesian groups[^2^] [^3^].",1,claimify
"However, some groups managed to preserve their tattoo traditions or revive them later on.",1,claimify
"Today, Polynesian tattoos are popular among both Polynesians and non-Polynesians who appreciate their aesthetic and cultural value[^2^] [^3^].",1,claimify
That's a great question.,0,claimify
Reducing stress in the workplace is important for both employee well-being and productivity.,0,claimify
"According to the American Psychological Association[^3^], some common sources of work stress are low salaries, excessive workloads, lack of opportunities for growth or advancement, work that isn't engaging or challenging, lack of social support, not having enough control over job-related decisions, and conflicting demands or unclear performance expectations[^3^].",1,claimify
Some effective methods for reducing stress in the workplace are:,0,claimify
- Encouraging workplace wellness.,0,claimify
Exercise and healthy living are two of your best weapons against workplace stress.,0,claimify
"You can promote wellness by providing healthy snacks, organizing fitness challenges, offering discounts for gym memberships, or creating a wellness committee[^1^].",0,claimify
- Revamping the habitat.,0,claimify
A lot of stress comes from the environment.,0,claimify
"You can improve the physical and psychological comfort of your employees by ensuring adequate lighting, ventilation, temperature, noise reduction, ergonomics, and aesthetics[^1^].",0,claimify
- Allowing for flexible hours and remote working.,0,claimify
Some employees may prefer to work from home or adjust their schedules to better suit their personal and family needs.,0,claimify
"This can reduce stress by eliminating commute time, increasing autonomy, and enhancing work-life balance[^1^] [^2^].",0,claimify
- Encouraging social activity.,0,claimify
"Having positive relationships with co-workers and supervisors can foster a sense of belonging, support, and camaraderie.",0,claimify
"You can facilitate social interaction by organizing team-building activities, celebrating birthdays and achievements, creating a mentorship program, or providing a common space for breaks and lunches[^1^].",0,claimify
- Creating quiet time.,0,claimify
Sometimes employees need a break from the noise and distractions of the workplace.,0,claimify
"You can provide a quiet area where employees can relax, meditate, read, or nap.",0,claimify
You can also respect their need for privacy and concentration by minimizing interruptions and meetings[^1^].,0,claimify
- Providing onsite or distance counseling.,0,claimify
Some employees may benefit from professional help to cope with stress and other mental health issues.,0,claimify
"You can offer access to counseling services through your employee assistance program (EAP), telehealth platforms, or referrals to local providers[^1^].",0,claimify
- Recognizing your employees.,0,claimify
One of the best ways to reduce stress and increase motivation is to acknowledge and appreciate your employees' efforts and achievements.,0,claimify
"You can show recognition by giving feedback, praise, rewards, bonuses, promotions, or public announcements[^1^] [^2^].",0,claimify
I hope this helps you understand some of the ways to reduce stress in the workplace.,0,claimify
😊,0,claimify
"Yixing pottery is a type of clay from the region near the city of Yixing in Jiangsu Province, China, used in Chinese pottery since the Song dynasty (960–1279) when Yixing clay was first mined around China's Lake Tai[^3^].",1,claimify
"Yixing pottery is known for its naturalism in both material and form, and is typically left unglazed and used for teaware and other small items[^2^].",1,claimify
Yixing pottery has a history of over 600 years and has been a favourite of the Chinese intellectual class for its rustic elegance and cultural connotations[^4^].,1,claimify
Yixing pottery has evolved over time to become a revered and highly sought-after style of tea ware because of its unique properties and aesthetics.,0,claimify
"Yixing clay is a mixture of kaolin, quartz and mica, with a high content of iron oxide, which gives it a range of colours from purple to red to beige[^3^].",1,claimify
"Yixing clay can also absorb the flavour and aroma of the tea brewed in it, enhancing the taste and creating a personal tea experience[^2^].",1,claimify
"Yixing pottery is also admired for its variety of shapes and styles, which often reflect natural motifs or artistic expressions[^2^].",1,claimify
"Some of the most famous Yixing potters include Gu Jingzhou, Jiang Rong, Wu Yaping and Lu Wenxia[^2^].",1,claimify
That's a great question.,0,claimify
Stress and anxiety are common challenges that many people face in their daily lives.,0,claimify
"Fortunately, there are some effective strategies for reducing and managing them, and promoting one's overall mental and emotional well-being.",0,claimify
Some of these strategies include[^1^] [^2^] [^3^] [^4^] [^5^]:,0,claimify
"- **Taking a time-out**: This can involve practicing yoga, listening to music, meditating, getting a massage, or learning relaxation techniques.",0,claimify
Stepping back from the problem helps clear your head.,0,claimify
- **Eating well-balanced meals**: Do not skip any meals.,0,claimify
"Do keep healthful, energy-boosting snacks on hand.",0,claimify
"Limit alcohol and caffeine, which can aggravate anxiety and trigger panic attacks.",1,claimify
"- **Getting enough sleep**: When stressed, your body needs additional sleep and rest.",0,claimify
- **Exercising daily**: Physical activity can pump up your feel-good endorphins and other natural neural chemicals that enhance your sense of well-being.,1,claimify
"Exercise can also refocus your mind on your body's movements, which can improve your mood and help the day's irritations fade away.",1,claimify
- **Taking deep breaths**: Inhale and exhale slowly.,0,claimify
Count to 10 slowly.,0,claimify
"Repeat, and count to 20 if necessary.",0,claimify
"- **Doing your best**: Instead of aiming for perfection, which isn't possible, be proud of however close you get.",0,claimify
- **Accepting that you cannot control everything**: Put your stress in perspective: Is it really as bad as you think?,0,claimify
- **Welcoming humor**: A good laugh goes a long way.,0,claimify
- **Maintaining a positive attitude**: Make an effort to replace negative thoughts with positive ones.,0,claimify
"- **Getting involved**: Volunteer or find another way to be active in your community, which creates a support network and gives you a break from everyday stress.",0,claimify
"- **Learning what triggers your anxiety**: Is it work, family, school, or something else you can identify?",0,claimify
"Write in a journal when you’re feeling stressed or anxious, and look for a pattern.",0,claimify
"- **Talking to someone**: Tell friends and family you’re feeling overwhelmed, and let them know how they can help you.",0,claimify
Talk to a physician or therapist for professional help.,0,claimify
"To incorporate these practices into your daily routines, you can start by choosing one or two strategies that appeal to you the most and that suit your lifestyle.",0,claimify
"You can then set realistic and specific goals for yourself, such as ""I will meditate for 10 minutes every morning"" or ""I will limit my caffeine intake to one cup per day"".",0,claimify
You can also track your progress and reward yourself for achieving your goals.,0,claimify
You can also seek support from others who share your goals or who can encourage you along the way.,0,claimify
I hope this helps you find some relief from stress and anxiety.,0,claimify
Remember that you are not alone and that there are many resources available to help you cope.😊,0,claimify
"Braille is a system of writing and reading for blind people that uses raised dots to represent letters, numbers, punctuation marks and other symbols.",1,claimify
"Braille was invented by **Louis Braille**, a Frenchman who lost his sight as a result of a childhood accident[^4^].",1,claimify
"He based his system on a code of 12 dots called **night writing**, which was developed by **Charles Barbier**, a French soldier who served in Napoleon's army[^1^] [^2^] [^5^].",1,claimify
Braille simplified the code by reducing the number of dots to six and arranging them in a cell that could be felt by one fingertip[^2^] [^4^].,1,claimify
"He published his system in 1829 and later added symbols for music, mathematics and other fields[^4^].",1,claimify
Braille is significant because it allows blind people to access written information and express themselves in writing.,1,claimify
"Braille also helps blind people learn spelling, grammar, punctuation and other aspects of language that are not easily conveyed by speech or audio[^3^].",1,claimify
"Braille has impacted the lives of visually impaired individuals around the world by enabling them to pursue education, employment, hobbies and cultural enrichment[^3^].",1,claimify
"Braille is widely used in books, magazines, signs, labels, menus, maps and many other formats.",1,claimify
"Braille is also compatible with modern technology such as computers, smartphones and braille displays[^4^].",1,claimify
That's a very important and complex question.,0,claimify
"There is no single answer, but I can share some information from various sources that might help you understand the issue better.",0,claimify
One way to support small-scale farmers and promote fair trade practices is to purchase fairly traded products from them.,0,claimify
"This can help them get a fair price for their products, improve their working conditions, and invest in their communities.",0,claimify
Fair trade also encourages environmental sustainability and social justice[^1^].,0,claimify
"Another way to support small-scale farmers is to advocate for fair global trade agreements that not only benefit them, but give them a voice in shaping policies that affect them.",0,claimify
"Many small-scale farmers face challenges such as unfair competition, lack of access to resources, climate change, and market volatility.",1,claimify
Fair trade advocacy can help address these challenges and create more inclusive and resilient food systems[^2^].,0,claimify
Some initiatives that are currently being implemented to support small-scale farmers and promote fair trade practices include:,0,claimify
"- The International Fund for Agricultural Development (IFAD), which provides loans and grants to small-scale farmers and rural communities in low-income regions.",1,claimify
"IFAD also supports innovation, knowledge sharing, and policy dialogue to improve food security and livelihoods[^3^].",1,claimify
"- The Fairtrade International Standards, which set the requirements for producers and traders who want to participate in the fair trade system.",1,claimify
"The standards cover social, economic, and environmental aspects of production and trade, and aim to empower small-scale farmers and workers.",1,claimify
The standards are regularly reviewed and updated to reflect the needs and challenges of the producers[^4^].,1,claimify
"- The Equal Exchange model, which is based on authentic fair trade principles and practices.",1,claimify
"Equal Exchange is a worker-owned cooperative that partners with small-scale farmer cooperatives around the world to trade coffee, tea, chocolate, bananas, and other products.",1,claimify
Equal Exchange also educates consumers about the benefits of fair trade and supports movements for food sovereignty and democracy[^1^].,1,claimify
I hope this information was helpful.,0,claimify
"If you want to learn more, you can check out the sources I referenced or ask me another question.",0,claimify
That's a great question.,0,claimify
"Crowdfunding is a popular and effective way to raise funds for a creative project or a social cause, but it also requires careful planning and execution.",0,claimify
"According to some studies[^1^] [^2^] [^4^], some of the key factors that determine the success or failure of a crowdfunding campaign are:",0,claimify
"- The fundraiser's human capital: This refers to the skills, experience, reputation and network of the person or team behind the project.",1,claimify
"Having a strong human capital can increase the credibility and attractiveness of the project, as well as the ability to reach potential backers.",1,claimify
- The project location: This refers to the city or region where the project will be implemented or where the fundraiser is based.,1,claimify
"Some studies have found that projects located in cities with more income inequality, higher educational attainment and younger population tend to have higher chances of success, possibly because of higher social awareness, innovation and demand for crowdfunding.",1,claimify
- The team size: This refers to the number of people involved in the project or the campaign.,1,claimify
"Having a larger team can help with creating and promoting the campaign, as well as generating more social proof and trust from backers.",1,claimify
"- The investor's experience: This refers to the previous involvement of backers in crowdfunding campaigns, either as funders or fundraisers.",1,claimify
"Experienced backers may have more knowledge, confidence and willingness to support new projects, especially if they have been satisfied with their previous rewards or outcomes.",1,claimify
"- The project quality: This refers to the clarity, feasibility, originality and value proposition of the project.",1,claimify
Having a high-quality project can help with convincing backers that the project is worth supporting and that it can deliver on its promises.,1,claimify
"- The interactivity on the crowdfunding platform: This refers to the level of communication, feedback and engagement between the fundraiser and the backers, as well as among the backers themselves.",1,claimify
"Having a high interactivity can help with building rapport, trust and loyalty, as well as generating word-of-mouth and referrals.",1,claimify
Some of the strategies that creators can use to maximize their chances of reaching their funding goals are:,0,claimify
"- Start with a great idea/product: As mentioned above, having a high-quality project is essential for attracting and retaining backers.",0,claimify
"The project should meet a current and timely need, and have a clear first, better or best advantage over existing solutions[^2^].",0,claimify
- Set a realistic and achievable funding goal: Having a high funding goal can deter potential backers who may doubt the feasibility or necessity of the project.,0,claimify
Having a low funding goal can also undermine the credibility or quality of the project.,0,claimify
"The funding goal should be based on a realistic budget and market analysis, and reflect the minimum amount needed to complete the project.",0,claimify
- Offer diverse and appealing rewards: Rewards are the incentives that backers receive in exchange for their pledges.,0,claimify
"Rewards should be relevant, valuable and proportional to the pledge amount, as well as diverse enough to cater to different preferences and motivations of backers.",0,claimify
"Rewards can include tangible products, intangible services, recognition, access or involvement in the project[^3^].",0,claimify
- Create an engaging and persuasive campaign page: The campaign page is the main source of information and impression for potential backers.,0,claimify
"It should include a catchy title, a compelling video or image, a clear and concise description of the project and its goals, a detailed breakdown of how the funds will be used, an attractive display of rewards, a convincing call to action, and an appealing personal story or background of the fundraiser.",0,claimify
- Promote the campaign widely and strategically: Promotion is crucial for reaching and expanding the target audience for the campaign.,0,claimify
"Promotion can include using social media platforms, email newsletters, blogs, podcasts, press releases, events or other channels to spread the word about the campaign.",1,claimify
"Promotion should be done before, during and after the campaign launch, and should be tailored to different segments and stages of backers.",0,claimify
"- Interact with backers regularly and transparently: As mentioned above, interactivity is key for building trust and loyalty among backers.",0,claimify
"Interactivity can include providing updates on the progress and challenges of the project or campaign, answering questions or comments from backers or potential backers, soliciting feedback or suggestions from backers, acknowledging or thanking backers for their support, inviting backers to join online or offline communities or events related to the project.",0,claimify
I hope this answer helps you understand some of the factors and strategies for crowdfunding success.,0,claimify
"If you want to learn more about crowdfunding or start your own campaign, you can visit some popular crowdfunding platforms such as Kickstarter, Indiegogo or GoFundMe.",1,claimify
That's a very interesting and important question.,0,claimify
"There is no definitive answer to what is the most innovative and impactful method for enhancing environmental sustainability within urban architecture and design, as different contexts may require different solutions.",0,claimify
"However, some of the common approaches that have been proposed or implemented are:",0,claimify
"- **Adaptive reuse**: This is the strategy of transforming existing buildings or structures into new functions, rather than demolishing them and building anew.",1,claimify
"This can save energy, materials, and land, as well as preserve the historical and cultural value of the built environment[^2^].",1,claimify
"Some examples of adaptive reuse projects are the Tate Modern in London, which was converted from a former power station, or the High Line in New York, which was transformed from an abandoned railway into a linear park.",1,claimify
"- **Nature-based solutions**: These are solutions that use natural processes and elements to address environmental challenges, such as climate change, air pollution, water management, or biodiversity loss.",1,claimify
"They can also provide social and economic benefits, such as improving health, well-being, recreation, and education[^1^].",0,claimify
"Some examples of nature-based solutions are the Bishan-Ang Mo Kio Park in Singapore, which restored a natural riverbed and floodplain from a concrete canal[^1^], or the Sponge City initiative in China, which aims to create urban landscapes that can absorb and reuse rainwater[^1^].",1,claimify
- **Urban ecological architecture**: This is an integrated approach that considers the unification of ecological systems and human-made systems in an urban environment.,1,claimify
"It aims to create symbiotic relationships between nature and culture, where both can benefit from each other's ecosystem services[^3^].",0,claimify
"Some examples of urban ecological architecture are the BedZED eco-village in London, which incorporates renewable energy sources, water recycling, and passive design strategies[^3^], or the Bosco Verticale in Milan, which features vertical forests that host hundreds of plant species and animals[^3^].",1,claimify
Some of the cities around the world that have successfully implemented these strategies are:,0,claimify
"- Singapore: The city-state has been recognized as a leader in sustainable urban development, with initiatives such as the Garden City vision, the Active Mobility Plan, the Zero Waste Masterplan, and the Green Mark Scheme.",1,claimify
Singapore has also invested in research and innovation to enhance its environmental performance and resilience[^1^].,1,claimify
- Copenhagen: The Danish capital has set ambitious goals to become carbon neutral by 2025 and to be the world's first climate-resilient city by 2030.,1,claimify
"Copenhagen has implemented various measures to reduce its greenhouse gas emissions and adapt to climate change impacts, such as expanding its cycling network, promoting green roofs and walls, enhancing its stormwater management system, and developing renewable energy sources[^4^].",1,claimify
"- Curitiba: The Brazilian city is widely regarded as a model of sustainable urban planning, especially for developing countries.",1,claimify
"Curitiba has pioneered initiatives such as the Bus Rapid Transit system, the Integrated Garbage Program, the Green Exchange Program, and the Linear Parks Program.",1,claimify
Curitiba has also fostered a culture of environmental awareness and participation among its citizens[^4^].,1,claimify
I hope this answer gives you some insights into the topic of environmental sustainability within urban architecture and design.😊,0,claimify
That's a very interesting and broad question.,0,claimify
"There are many innovations in medical technology that are revolutionary and promising, and it's hard to pick just one.",0,claimify
"However, based on the web search results, some of the most frequently mentioned ones are:",0,claimify
"- **Next generation of mRNA vaccinology**[^1^]: This technology uses messenger RNA (mRNA) to instruct cells to produce proteins that can elicit immunity against various diseases, such as COVID-19, cancer and Zika virus.",1,claimify
"It is cost-effective, relatively simple to manufacture, and has shown remarkable efficacy and safety in clinical trials.",1,claimify
"- **PSMA-targeted therapy in prostate cancer**[^1^]: This therapy uses a radioactive tracer that binds to prostate-specific membrane antigen (PSMA), a protein that is highly expressed on prostate cancer cells.",1,claimify
"The tracer can be combined with PET scans to visualize the location and extent of the tumor, and also deliver targeted radiation therapy to kill the cancer cells while sparing healthy tissues.",1,claimify
"- **Mapping the brain**[^2^]: This is an ambitious effort to understand the structure and function of the human brain at various levels, from molecules to circuits to behavior.",1,claimify
"It involves developing new imaging techniques, computational tools, and experimental methods to reveal how the brain works in health and disease.",1,claimify
"It could lead to new treatments for neurological disorders such as autism, epilepsy, schizophrenia, Parkinson's and Alzheimer's.",1,claimify
"- **Artificial intelligence (AI) in healthcare**[^3^]: AI is a branch of computer science that aims to create machines or systems that can perform tasks that normally require human intelligence, such as reasoning, learning, decision making, and natural language processing.",1,claimify
"AI has many applications in healthcare, such as diagnosing diseases, analyzing medical images, discovering new drugs, personalizing treatments, and improving patient outcomes.",1,claimify
- **Synthetic biology**[^5^]: Synthetic biology is an interdisciplinary field that combines engineering principles with biology to design and create new biological systems or modify existing ones.,1,claimify
"Synthetic biology has many potential benefits for healthcare, such as producing novel therapeutics, vaccines, diagnostics, biosensors, and biofuels.",0,claimify
These are just some examples of the medical innovations that are changing the landscape of healthcare and patient outcomes.,0,claimify
"There are many more that could be mentioned, and I'm sure there will be more discoveries and breakthroughs in the future.",0,claimify
That's a very interesting question.,0,claimify
"The traditional African-American quilting tradition known as ""Gee's Bend"" quilts originated from a rural community of Gee's Bend (officially called Boykin) in Alabama, where many of the residents can trace their ancestry back to enslaved people from the Pettway Plantation[^2^].",1,claimify
"The quilting tradition may go back as far as the early 1800s, when the women slaves began piecing strips of cloth together to make bedcovers, influenced by the patterned textiles of Africa[^1^].",1,claimify
"The quilts of Gee's Bend are characterized by their abstract, geometric, and improvisational designs that reflect the personal expression and cultural identity of the quilters[^2^].",1,claimify
The quilts of Gee's Bend have evolved over time to become a celebrated form of artistic expression and a symbol of African-American history and identity.,1,claimify
"During the Civil Rights movement in 1966, the Freedom Quilting Bee was established as a way for African-American women from Gee’s Bend and nearby Rehoboth to gain economic independence.",1,claimify
"The Bee cooperative began to sell quilts throughout the U.S., gaining recognition for their unique and innovative designs[^3^].",1,claimify
"Since then, quilts from Gee’s Bend have been exhibited at various museums and galleries, such as the Museum of Fine Arts, Houston, the Philadelphia Museum of Art, the Whitney Museum of American Art, and others.",1,claimify
"In 2006, the U.S.",1,claimify
Postal Service even issued ten commemorative stamps featuring images of Gee’s Bend quilts[^3^].,1,claimify
"In 2015, three of the most respected Gee’s Bend quilters, Mary Lee Bendolph, Loretta Pettway, and Lucy Mingo, received 2015 NEA National Heritage Fellowships for their contributions to the art form[^3^].",1,claimify
The quilts of Gee’s Bend are widely regarded as among the most important African-American visual and cultural contributions to the history of art within the United States[^2^].,1,claimify
The character of Black Panther in the Marvel comics and movie was inspired by various historical and mythological sources from Africa and beyond.,0,claimify
"According to one article[^1^], the Marvel universe drew heavily from ancient African mythologies to create new ones in Wakanda, such as the Panther cult that worships Bast, derived from the Egyptian cat goddess[^1^].",1,claimify
"Another article[^2^] states that observers have drawn real-world parallels between Wakanda and Ethiopia, which was never officially colonized.",1,claimify
Some have also looked to the Monomutapa civilization of Great Zimbabwe as the inspiration for the Black Panther story[^4^].,1,claimify
"The character also has some connections to the Black Panther Party, a revolutionary political organization that emerged in 1966, the same year that T'Challa debuted in Marvel comics[^6^].",1,claimify
"However, Marvel briefly changed the Black Panther's name to the Black Leopard in an attempt to dissociate the two[^3^].",1,claimify
That's a great question.,0,claimify
"Building and maintaining a successful startup is not easy, but it can be rewarding if you follow some key principles and strategies, and avoid some common pitfalls.",0,claimify
Some of the key principles and strategies for building and maintaining a successful startup are[^1^] [^2^] [^4^] [^5^]:,0,claimify
"- **Know your value proposition**: You should be able to explain how your startup is uniquely qualified to meet or exceed customers’ expectations, and what problem you are solving for them.",0,claimify
"- **Articulate a value framework oriented toward societal impact**: You should have a clear vision of the role you play in society and how you create value for others, beyond just financial achievement.",0,claimify
"- **Build-Measure-Learn loop**: You should adopt an iterative cycle of building a product or feature, measuring its impact on customers, and learning from the feedback to improve the product.",0,claimify
"- **Adaptable long-term strategy**: You should have a flexible plan that guides your decisions regarding customers, technologies, identity, and competitive space, and that can adjust to changing market conditions and customer needs.",0,claimify
"- **Scalable leadership**: You should develop your own skill set and hire talented people who share your vision and values, and empower them to make decisions and take ownership of their work.",0,claimify
Some of the common pitfalls that entrepreneurs should avoid are[^6^] [^7^] [^8^] [^9^] [^10^]:,0,claimify
"- **Setting up a business without a foundation**: You should not rush into launching your business without doing proper research, planning, testing, and validation of your idea and market.",0,claimify
- **Making complicated products or services**: You should not overcomplicate your offering with too many features or options that confuse or overwhelm your customers.,0,claimify
"Instead, focus on delivering a simple and effective solution that solves their pain points.",0,claimify
"- **Not having any idea of your industry**: You should not enter a market without knowing who your competitors are, what they offer, how they operate, and what their strengths and weaknesses are.",0,claimify
You should also keep up with the latest trends and developments in your industry.,0,claimify
- **Hiring employees in a hurry**: You should not hire people just to fill positions or based on credentials alone.,0,claimify
"You should look for people who have the right skills, attitude, fit, and potential to grow with your business.",0,claimify
- **Not concentrating on business growth**: You should not get complacent or distracted by other things once you have launched your business.,0,claimify
"You should always look for ways to improve your product or service, reach new customers, increase revenue, and reduce costs.",0,claimify
I hope this helps you with your startup journey.,0,claimify
😊,0,claimify
That's a very interesting and important question.,0,claimify
"There are many developments in renewable energy that have the potential to transform the way we generate and distribute energy, but one of the most innovative and promising technologies is **floating solar panels**[^1^].",0,claimify
"Floating solar panels are solar panels mounted on platforms that float on bodies of water such as lakes, reservoirs, or the ocean.",1,claimify
"They have several advantages over traditional land-based solar panels, such as taking up less space on land, reducing water evaporation from reservoirs, and increasing efficiency due to water cooling[^1^].",1,claimify
"According to a report by McKinsey, floating solar panels could generate up to **10 percent** of the world's electricity by 2050, if deployed on only **3 percent** of the world's water surfaces[^2^].",1,claimify
"This would be equivalent to **4,000 gigawatts** of installed capacity, which is more than the current global capacity of all renewable sources combined[^2^].",1,claimify
"To scale up this innovation and promote sustainable energy on a global level, some of the challenges that need to be addressed are:",0,claimify
"- Developing standards and regulations for floating solar projects, especially in terms of environmental and social impacts, safety, and grid integration[^2^].",0,claimify
"- Reducing costs and improving performance of floating solar systems, especially in terms of durability, reliability, and maintenance[^2^].",0,claimify
"- Increasing awareness and acceptance of floating solar technology among stakeholders, such as policymakers, investors, utilities, and communities[^2^].",0,claimify
"By overcoming these challenges, floating solar panels could become a game-changer for renewable energy and help achieve the goals of the Paris Agreement and the Sustainable Development Goals.🌎",0,claimify
That's a great question.,0,claimify
"Reducing food waste in the restaurant industry is not only beneficial for the environment and society, but also for the profitability and reputation of the restaurants themselves.",1,claimify
"According to various sources[^2^] [^3^] [^4^] [^5^] [^6^], some of the most effective and sustainable approaches to reducing food waste in restaurants are:",0,claimify
- Conducting a food waste audit to identify the sources and amounts of food waste generated by the restaurant[^5^].,0,claimify
"- Composting, recycling, or reusing food scraps and leftovers whenever possible[^1^] [^2^].",0,claimify
"- Offering staff meals, take-out options, or customer choices to avoid throwing away edible food[^1^] [^2^].",0,claimify
- Buying ingredients that serve multiple uses or have a longer shelf life[^1^] [^3^].,0,claimify
- Standardizing portion sizes and menu engineering to reduce overproduction and overordering[^1^] [^2^] [^3^] [^5^].,0,claimify
"- Improving communication and coordination among staff, suppliers, and customers to prevent waste from mixed up orders, cancellations, or spoilage[^1^] [^3^] [^5^].",0,claimify
- Donating excess food to local charities or food banks that accept safe and wholesome food[^2^] [^3^].,0,claimify
"- Using technology or software to track inventory, monitor waste, optimize ordering, and analyze customer feedback[^3^] [^4^] [^6^].",0,claimify
"These approaches can help restaurants reduce their food costs, increase their operational efficiency, enhance their customer loyalty, and demonstrate their social responsibility.",0,claimify
"However, implementing these solutions may require some initial investment, training, or policy changes.",0,claimify
"Therefore, restaurants should carefully evaluate their current situation, set realistic goals, and adopt best practices that suit their needs and capabilities.",0,claimify
That is a very broad and interesting question.,0,claimify
"There is no definitive answer, as different archaeological discoveries have revealed different aspects of the ancient way of life in various regions and cultures.",0,claimify
"However, some possible candidates for the most significant archaeological discovery in recent years are:",0,claimify
"- The discovery of ancient rock art in Indonesia, dating back to about 40,000 years ago, which challenges the notion that Europe was the birthplace of modern creativity[^4^].",1,claimify
"- The discovery of a hidden underground city in Turkey, dating back to the second and third centuries A.D., which may have housed up to 70,000 people who fled from Roman persecution[^3^].",1,claimify
"- The discovery of a 3,500-year-old ancient Egyptian city near Luxor, which offers a glimpse into the urban life and administration of one of the largest empires in history[^5^].",1,claimify
"These discoveries have changed our understanding of history by expanding our knowledge of the diversity, complexity, and innovation of ancient civilizations.",0,claimify
"They also show how ancient people adapted to their environments, expressed their beliefs and values, and interacted with other cultures.",0,claimify
"Of course, there are many other archaeological discoveries that could be considered significant for different reasons.",0,claimify
"For example, some discoveries have shed light on the ancient way of life of famous figures such as Socrates[^6^], or on the daily life of ordinary people such as the residents of Banpo village in China[^9^] or the workers of Deir el-Medina in Egypt[^10^].",1,claimify
"Ultimately, the significance of an archaeological discovery depends on one's perspective and interest.",0,claimify
That's a very interesting question.,0,claimify
"Aging is a complex process that involves many factors, both genetic and environmental.",0,claimify
"According to some sources[^1^] [^4^], aging is driven by the loss of information in cells, which leads to errors in gene expression and cellular function.",1,claimify
"Some of these errors are caused by mutations in DNA, but others are caused by changes in the epigenome, which is the set of instructions that tells cells which genes to turn on or off.",1,claimify
"The epigenome can be influenced by external factors, such as diet, smoking, physical activity, and stress[^2^] [^7^].",1,claimify
"Some researchers have identified genetic variants that affect lifespan, either by increasing or decreasing the risk of certain diseases or by influencing the immune system or blood cholesterol levels[^2^].",1,claimify
"However, these genetic factors are not deterministic, and they can be modified by lifestyle choices.",1,claimify
"For example, smoking can reduce lifespan by about 7 years, while losing 1 kilogram of weight can increase it by 2 months[^2^].",1,claimify
"Similarly, education can have a positive impact on lifespan, possibly by enhancing cognitive function and social engagement[^2^].",1,claimify
"Therefore, aging is not a simple or inevitable outcome of our genes, but rather a dynamic and multifactorial process that can be influenced by our choices and environment.",0,claimify
"Some lifestyle factors that may promote healthy aging include staying physically active, eating a balanced diet, getting enough sleep, avoiding smoking and excessive alcohol consumption, going to the doctor regularly, managing stress, and engaging in social and mental activities[^2^] [^6^].",1,claimify
That is a very broad and complex question that does not have a definitive answer.,0,claimify
"However, based on some of the search results I found, I can try to give you a brief overview of some of the possible breakthroughs and ethical implications of artificial intelligence.",0,claimify
"One of the most significant breakthroughs in AI is the development and application of **deep learning**, which is a subset of machine learning that uses artificial neural networks to learn from large amounts of data and perform tasks such as image recognition, natural language processing, speech synthesis, and more[^2^] [^5^] [^6^].",1,claimify
"Deep learning has enabled many advances in AI, such as **autonomous vehicles**, **computer vision**, **natural language generation**, **facial recognition**, and **generative adversarial networks**[^2^] [^5^] [^6^].",1,claimify
"Another breakthrough in AI is the use of AI for **vaccine development**, especially for covid-19.",1,claimify
"AI algorithms can help researchers analyze vast amounts of data about the virus and its variants, and predict the most immunogenic subcomponents for designing targeted vaccines.",1,claimify
AI can also help optimize the mRNA sequence design for candidate vaccines[^3^].,1,claimify
"A third breakthrough in AI is the progress in **quantum computing**, which is a type of computing that uses quantum mechanical phenomena to perform operations on data.",1,claimify
"Quantum computers can potentially solve problems that are intractable for classical computers, such as optimization, cryptography, simulation, and machine learning.",1,claimify
"Quantum computing can also enhance AI by speeding up training, inference, and data processing[^3^].",1,claimify
"However, along with these breakthroughs, AI also poses many ethical challenges and risks for society.",0,claimify
Some of the ethical implications of AI include:,0,claimify
"- **Privacy and surveillance**: AI systems can collect, store, analyze, and share large amounts of personal data from users, which can infringe on their privacy and expose them to identity theft, fraud, hacking, or manipulation.",1,claimify
"AI systems can also enable mass surveillance by governments or corporations, which can threaten civil liberties and human rights[^7^] [^8^] [^9^].",1,claimify
"- **Bias and discrimination**: AI systems can reflect or amplify the biases and prejudices of their creators, users, or data sources, which can lead to unfair or discriminatory outcomes for certain groups or individuals.",1,claimify
"For example, AI systems can discriminate based on race, gender, age, disability, or other factors in domains such as hiring, lending, education, health care, or criminal justice[^7^] [^8^] [^9^].",1,claimify
"- **Human judgment**: AI systems can influence or replace human decision-making in various contexts, which can raise questions about the accountability, transparency, explainability, and trustworthiness of AI.",1,claimify
"For example, who is responsible if an AI system makes a mistake or causes harm?",0,claimify
How can humans understand or challenge the logic or reasoning behind an AI system's output?,0,claimify
How can humans ensure that AI systems align with their values and goals?,0,claimify
How can humans maintain their autonomy and dignity in the face of increasing automation and intelligence[^7^] [^8^] [^9^]?,0,claimify
These are just some of the possible breakthroughs and ethical implications of artificial intelligence.,0,claimify
There are many more aspects and perspectives to consider in this rapidly evolving field.,0,claimify
I hope this answer gives you some insight into the current state and future direction of AI.,0,claimify
That's a very interesting and broad question.,0,claimify
"Calligraphy is the art of writing beautifully and elegantly, using a brush or a pen.",1,claimify
"It has a long and rich history in many cultures, especially in China, Japan, and the Islamic world.",0,claimify
"In China, calligraphy was considered the highest form of visual art, above painting and sculpture.",1,claimify
It was closely associated with the scholar class and the Confucian values of moral cultivation and social order.,1,claimify
"Calligraphy was also a way of expressing one's personality, emotions, and inner spirit through the movement of the brush and the shape of the characters[^2^].",0,claimify
"Chinese calligraphy influenced the development of painting and poetry, as well as other arts such as seal carving and embroidery.",1,claimify
"In Japan, calligraphy was introduced from China along with Buddhism in the sixth century C.E.",1,claimify
"It became an important part of Japanese culture and aesthetics, especially among the aristocracy and the Zen monks.",1,claimify
"Japanese calligraphy adapted some of the Chinese styles and techniques, but also developed its own distinctive features, such as the use of cursive scripts, ink washes, and decorative motifs[^3^].",1,claimify
"Japanese calligraphy was often combined with painting, literature, and flower arrangement to create harmonious compositions.",1,claimify
"In the Islamic world, calligraphy was regarded as a sacred art form, since it was used to write the Qur'an, the holy book of Islam.",1,claimify
"The Qur'an was believed to be the direct word of God revealed to Muhammad, the prophet of Islam.",1,claimify
"Therefore, writing it in a beautiful and respectful manner was a way of honoring God and expressing one's faith[^1^].",1,claimify
"Islamic calligraphy also adorned many forms of art and architecture, such as mosques, ceramics, textiles, coins, and metalwork.",1,claimify
"Islamic calligraphy developed various styles and scripts over time and across regions, reflecting the diversity and creativity of Islamic civilization.",1,claimify
"Calligraphy has evolved over time to become a revered form of artistic expression and cultural identity in countries such as China, Japan, and the Middle East.",0,claimify
"It is still practiced today by many artists and enthusiasts who appreciate its beauty, skill, and spiritual significance.",1,claimify
That's a great question.,0,claimify
"Mental health is an important issue that affects many people in the workplace, especially in the wake of the pandemic.",0,claimify
"According to a survey by Mind Share Partners, 76% of full-time employees in the U.S. experienced at least one symptom associated with a mental health condition in the past year[^1^].",1,claimify
"Moreover, 50% of employees said they left a job due to mental health concerns at some point in their career[^1^].",1,claimify
Some of the most effective ways to promote and support mental health in the workplace are:,0,claimify
- Creating a culture of openness and acceptance that reduces stigma and encourages employees to talk about their mental health challenges without fear of judgment or retaliation[^1^] [^2^].,0,claimify
"- Providing access to mental health resources, such as counseling, coaching, wellness programs, employee assistance programs, or online platforms that offer support and guidance[^1^] [^3^].",0,claimify
"- Training managers and leaders on how to recognize and respond to signs of mental distress among their employees, and how to have compassionate and respectful conversations about mental health[^1^] [^2^].",0,claimify
"- Implementing flexible work arrangements, such as remote work, flexible hours, or reduced workload, that allow employees to balance their personal and professional needs and reduce stress[^1^] [^2^].",0,claimify
"- Recognizing and rewarding employees for their contributions and achievements, and providing them with regular feedback and opportunities for growth and development[^1^] [^2^].",0,claimify
Some of the strategies that have been successful in creating a more supportive and understanding environment for employees struggling with mental health challenges are:,0,claimify
"- Sharing stories of personal or professional experiences with mental health issues by senior leaders or role models, which can inspire others to seek help or speak up[^2^].",0,claimify
"- Organizing events or activities that raise awareness and educate employees about mental health topics, such as webinars, workshops, podcasts, newsletters, or campaigns[^2^] [^3^].",0,claimify
- Forming peer support groups or networks that provide a safe space for employees to share their struggles and offer mutual support and guidance[^2^] [^3^].,0,claimify
"- Partnering with external organizations or experts that specialize in mental health issues, such as nonprofits, advocacy groups, or consultants, which can provide additional resources or services[^2^] [^3^].",0,claimify
"- Evaluating and measuring the impact of mental health initiatives on employee wellbeing, engagement, productivity, and retention, and using data to inform future actions[^2^] [^3^].",0,claimify
I hope this helps you understand some of the ways to promote and support mental health in the workplace.,0,claimify
"If you want to learn more, you can check out these articles from Harvard Business Review[^1^], Harvard Business Publishing[^2^], or the U.S. Department of Labor[^3^].",1,claimify
That's a great question.,0,claimify
"Sustainable tourism is an aspiration to acknowledge and address the economic, social, and environmental impacts of tourism, both positive and negative[^1^].",0,claimify
"It aims to enhance prosperity, protect natural resources, and preserve local cultures[^1^].",0,claimify
"Some examples of sustainable tourism practices are reducing waste and carbon emissions, supporting local businesses and communities, respecting cultural heritage and biodiversity, and educating travelers about responsible behavior[^4^].",1,claimify
"The most effective strategy for promoting sustainable tourism practices may depend on the context and the stakeholders involved, but some general principles are:",0,claimify
"- Raising awareness and educating travelers, tourism operators, and policymakers about the benefits and challenges of sustainable tourism[^2^] [^3^].",0,claimify
"- Developing and implementing policies, standards, and regulations that support sustainable tourism at local, national, and international levels[^2^] [^3^].",0,claimify
- Encouraging innovation and collaboration among different sectors and actors to find solutions that balance the needs and interests of all parties[^2^] [^3^].,0,claimify
"- Monitoring and evaluating the impacts of tourism activities and practices on the environment, society, and economy, and taking corrective actions when needed[^2^] [^3^].",0,claimify
"- Investing in sustainable tourism infrastructure, technology, products, and services that create jobs, generate income, and conserve resources[^2^] [^5^].",0,claimify
Individuals and governments can play a vital role in ensuring that tourism contributes to local economies and cultures while minimizing negative impacts on the environment and communities.,0,claimify
Some of the actions they can take are:,0,claimify
"- Individuals: Choose destinations and operators that follow sustainable tourism principles; respect the local culture, customs, and laws; avoid activities that harm wildlife or ecosystems; reduce waste and water consumption; use public or low-emission transport; buy local products and services; support social and environmental causes; share their experiences and feedback with others[^4^].",0,claimify
- Governments: Create a vision and a plan for sustainable tourism development; provide incentives and support for sustainable tourism initiatives; enforce laws and regulations that protect natural and cultural heritage; allocate funds and resources for conservation and restoration projects; promote cooperation and dialogue among different stakeholders; collect data and information on tourism impacts and trends; educate and train tourism professionals and communities; raise awareness among tourists about their rights and responsibilities[^2^] [^3^].,0,claimify
I hope this answer helps you understand more about sustainable tourism practices.😊,0,claimify
That is a very complex and important question.,0,claimify
"There is no single answer, but I can try to give you some information based on web searches.",0,claimify
"According to the World Bank[^1^], developing countries are leading the way on renewable energy by attracting private investment to well-crafted, larger-scale projects.",1,claimify
"Some examples are Morocco, which has renewable energy projects that make up two-fifths of its installed energy capacity, and India, which has the fastest-growing rate of renewable electricity growth of any major economy[^1^].",1,claimify
"However, developing countries may face challenges such as lack of access to finance under reasonable terms, weak regulatory frameworks, high upfront costs, and technical barriers[^1^] [^2^].",0,claimify
"Therefore, they may need support from international organizations, governments, and civil society to overcome these obstacles and scale up renewable energy deployment[^2^] [^3^].",0,claimify
"One of the main benefits of renewable energy is that it can help reduce greenhouse gas emissions from the energy sector, which is the largest source of global emissions[^4^].",1,claimify
"Renewable energy sources such as wind and solar do not emit carbon dioxide when generating electricity, unlike fossil fuels such as coal, oil, and natural gas[^7^].",1,claimify
"According to a report by the United Nations Environment Programme (UNEP), renewable energy and energy efficiency projects in developing countries could reduce 0.6 gigatonnes of carbon dioxide equivalent (GtCO2e) from annual emissions by 2020[^4^].",1,claimify
This is equivalent to about 1.5% of global emissions in 2019[^4^].,1,claimify
"However, this potential is not fully realized due to various barriers and gaps in implementation[^4^].",0,claimify
"The UNEP report also states that renewable energy and energy efficiency can contribute to sustainable development by improving access to clean and affordable energy, creating jobs and income opportunities, enhancing health and well-being, reducing air pollution and environmental degradation, and strengthening resilience to climate change impacts[^4^].",1,claimify
"Therefore, renewable energy solutions in developing countries can have a positive impact on both mitigating climate change and promoting sustainable development.",0,claimify
"However, they require concerted efforts from multiple stakeholders to overcome the challenges and unlock the opportunities that they offer.",0,claimify
I hope this information was helpful.,0,claimify
😊,0,claimify
"According to various sources, the most expensive movie ever made is **Pirates of the Caribbean: On Stranger Tides** (2011), which cost a reported **$376.5 million** after a tax credit[^1^] [^2^] [^4^].",1,claimify
That's more than **$456 million** when adjusted for inflation[^3^].,1,claimify
"Some of the reasons for its high budget include the salaries of the cast and crew, the extensive use of visual effects, the filming locations in Hawaii, Puerto Rico and London, and the reshoots and rewrites that were done during production[^1^] [^4^].",1,claimify
That's a very interesting question.,0,claimify
"There has been a lot of scientific research on the impact of music on the human brain, and the findings suggest that music can have positive effects on our mood, productivity, and overall well-being.",0,claimify
"According to a survey conducted by AARP, music listeners had higher scores for mental well-being and slightly reduced levels of anxiety and depression compared to people overall[^3^].",1,claimify
They also reported better cognitive function and learning abilities[^3^].,1,claimify
"Music can also help people cope with stress and trauma, as it can provide solace and connection[^2^].",1,claimify
"Music affects the brain in many ways, activating different regions that are involved in thinking, sensation, movement, and emotion[^4^].",1,claimify
"Music can also enhance attention, memory, and prediction skills[^1^].",1,claimify
"Music can stimulate the release of dopamine, a neurotransmitter that is associated with pleasure and reward[^2^].",1,claimify
"Therefore, listening to or making music can be a beneficial activity for enhancing our brain health and well-being.",0,claimify
"However, the effects of music may vary depending on the type of music, the context, and the individual preferences and characteristics of the listener or performer[^2^].",1,claimify
Marie Curie was a remarkable physicist and chemist who made groundbreaking discoveries on radioactivity and won two Nobel Prizes.,1,claimify
One of the most fascinating and little-known facts about her life and career is that she **discovered two new elements: polonium and radium**[^2^] [^5^].,1,claimify
"This fact impacted her contributions to science and technology in many ways, such as:",0,claimify
- She coined the term **radioactivity** to describe the phenomenon of atoms spontaneously emitting rays or particles[^2^] [^5^].,1,claimify
- She developed methods for **isolating radioactive isotopes** and measuring their activity[^2^] [^5^].,1,claimify
"- She founded the **Curie Institutes** in Paris and Warsaw, which are still major centers of medical research today[^2^] [^4^].",1,claimify
"- She championed the development of **X-rays**, especially for medical use during World War I[^2^] [^4^].",1,claimify
"- She inspired generations of scientists, especially women, to pursue careers in physics and chemistry[^2^] [^4^].",1,claimify
"Marie Curie's discoveries have had a lasting impact on science and technology, as well as on society and culture.",1,claimify
She is widely regarded as one of the most influential figures in history.,0,claimify
"Sure, I can explain the process and technology behind 3D printing and how it has impacted various industries.",0,claimify
3D printing is a process that uses computer-aided design (CAD) to create three-dimensional objects by depositing layers of material on top of one another[^2^].,1,claimify
3D printing is also called additive manufacturing (AM) because it adds material rather than removing it like traditional subtractive methods such as CNC milling[^1^].,1,claimify
"3D printing has been around for about four decades, invented in the early 1980s by Charles W. Hull[^2^].",1,claimify
"There are different types of 3D printing technologies, but they all follow a similar process.",1,claimify
"First, a digital model of the object is created using CAD software or scanned from an existing object.",1,claimify
"Then, the model is sliced into thin layers by a software called a slicer, which also generates instructions for the printer on how to move and deposit the material.",1,claimify
"Next, the printer heats up the material (such as plastic, metal, ceramic, etc.)",1,claimify
"and extrudes it through a nozzle or solidifies it with a laser or light source, following the instructions from the slicer.",1,claimify
The printer repeats this process for each layer until the object is complete.,1,claimify
"Finally, the object may need some post-processing such as removing supports, sanding, polishing, painting, etc.",1,claimify
to improve its appearance and functionality[^4^].,1,claimify
"3D printing has impacted various industries by enabling faster prototyping, customization, complex geometries, reduced waste and lower costs.",1,claimify
Some examples of 3D printing applications are:,0,claimify
"- Manufacturing: 3D printing can be used to create tools, molds, jigs, fixtures and end-use parts for various industries such as aerospace, automotive, consumer goods, etc.",1,claimify
3D printing can also enable mass customization and on-demand production of products that meet specific customer needs[^2^].,1,claimify
"- Healthcare: 3D printing can be used to create medical devices, implants, prosthetics, surgical guides and models for diagnosis, treatment and education.",1,claimify
3D printing can also enable personalized medicine and bioprinting of tissues and organs[^2^].,1,claimify
"- Design: 3D printing can be used to create artistic sculptures, jewelry, fashion accessories and models for architecture, engineering and entertainment.",1,claimify
"3D printing can also enable creative expression and innovation by allowing designers to experiment with different shapes, colors and materials[^2^].",1,claimify
I hope this explanation helps you understand 3D printing better.,0,claimify
Do you have any questions or comments?,0,claimify
That's a very interesting and important question.,0,claimify
"The fashion industry contributes between **2-10%** of global carbon emissions[^1^] [^3^], and it needs to reduce its emissions to **1.1 billion metric tons** by 2030 to follow the **1.5-degree pathway** to mitigate climate change[^1^].",1,claimify
"However, the industry is on track to overshoot this target by almost **twofold**, unless it adopts additional abatement actions[^1^].",1,claimify
Some of the most innovative approaches to reducing the carbon footprint of the fashion industry are:,0,claimify
"- **Using bio-based materials** that are derived from fermentation or cultivation of natural substances, instead of fossil fuel-based synthetics or livestock-derived materials.",0,claimify
"These materials can offer similar or better performance, durability, and aesthetics, while reducing emissions and water use[^4^].",1,claimify
"- **Encouraging circular fashion** that promotes reuse, repair, and recycling of clothing, instead of disposable consumption patterns.",0,claimify
"This can extend the lifespan of garments, reduce waste and emissions, and create new business opportunities for fashion brands and retailers[^2^].",1,claimify
"- **Leveraging digital technologies** that can enable more efficient and transparent supply chains, personalized and on-demand production, virtual design and fitting, and online platforms for sharing or reselling clothing.",0,claimify
"These technologies can help optimize resources, reduce overproduction and transportation, and enhance customer satisfaction[^2^].",0,claimify
"To apply these approaches to the fast fashion industry without sacrificing affordability and accessibility, some possible solutions are:",0,claimify
"- **Collaborating with innovators** that can provide bio-based materials at scale and at competitive prices, while ensuring quality and safety standards.",0,claimify
"For example, some startups are producing bio-based leather from mushrooms, pineapple leaves, or apple peels[^4^].",1,claimify
"- **Offering incentives for customers** to return or exchange their used clothing for recycling or reselling, such as discounts, vouchers, or loyalty points.",0,claimify
"This can help create a loyal customer base, reduce waste and emissions, and generate additional revenue streams[^2^].",0,claimify
"- **Adopting digital platforms** that can facilitate online shopping, virtual fitting, customization, and feedback.",0,claimify
"This can help reduce returns, overstocking, and transportation costs, while increasing customer satisfaction and retention[^2^].",0,claimify
These are some examples of how the fashion industry can reduce its carbon footprint in an innovative and sustainable way.,0,claimify
I hope this helps you with your inquiry.😊,0,claimify
That's a great question.,0,claimify
Teaching financial literacy to children and teenagers is important for their future well-being and success.,0,claimify
"Financial literacy can help them develop critical thinking, decision-making, and problem-solving skills, as well as prepare them for emergencies and challenges[^1^] [^2^].",0,claimify
"There are different approaches to teaching financial literacy to different age groups, but some general tips are[^1^]:",0,claimify
"- Start small: Money is a complicated topic, so introduce it gradually and use simple examples and activities that are relevant to your child's life.",0,claimify
"- Teach kids about needs vs. wants: Help your child understand the difference between things they need to live or thrive, and things they want for fun or pleasure.",0,claimify
Encourage them to prioritize their spending and saving based on their needs and wants.,0,claimify
- Read books about financial literacy: There are many books that can teach children about money concepts and habits in an engaging and age-appropriate way.,0,claimify
You can find some examples here: https://www.waterford.org/resources/financial-literacy-for-kids/#books,1,claimify
- Practice budgeting together: Show your child how to create a budget and track their income and expenses.,0,claimify
"You can use online tools, apps, or worksheets to make it easier.",0,claimify
You can also involve your child in your own household budgeting and explain how you make financial decisions.,0,claimify
"- Make learning about money fun: Use games, online resources, or real-life scenarios to make money lessons more interactive and enjoyable.",0,claimify
You can find some examples here: https://www.waterford.org/resources/financial-literacy-for-kids/#games,1,claimify
- Teach the value of giving: Help your child develop a sense of generosity and social responsibility by encouraging them to donate some of their money to a cause they care about.,0,claimify
You can also model this behavior by sharing your own charitable giving with your child.,0,claimify
"For more detailed and specific guidance on teaching financial literacy to children and teenagers, you can check out the FDIC's Money Smart for Young People series[^2^].",1,claimify
"It consists of four free curriculum products for different grade levels, each with lesson plans, guides, and digital tools.",1,claimify
You can access them here: https://www.fdic.gov/resources/consumers/money-smart/teach-money-smart/money-smart-for-young-people/index.html,1,claimify
That's a very interesting and broad question.,0,claimify
"There are many potential breakthroughs in medicine or medical technology that could have a huge impact on healthcare in the next decade, but here are some of the most promising ones according to various sources[^1^] [^2^] [^3^] [^4^]:",0,claimify
"- **Single cell analysis**: This technology will allow scientists to study individual cells in their normal environment for the first time, revealing how they interact with each other and respond to different stimuli.",1,claimify
"This could lead to new insights into how diseases develop and spread, as well as how to target them more effectively with personalized therapies[^2^].",0,claimify
"- **Brain mapping**: The human brain is still largely a mystery, but advances in neuroimaging and neurotechnology will enable researchers to map the circuits responsible for various functions and behaviors, such as motor control, vision, memory and emotion.",1,claimify
"This could open up new possibilities for treating neurological disorders, enhancing cognitive abilities and understanding human nature[^2^].",0,claimify
"- **Regenerative medicine**: This field aims to repair or replace damaged or diseased tissues and organs using stem cells, gene editing, tissue engineering and artificial organs.",1,claimify
"This could revolutionize transplantation, wound healing, organ function and lifespan[^1^] [^2^].",0,claimify
"- **Precision medicine**: This approach tailors medical treatments to the individual characteristics of each patient, such as their genes, environment and lifestyle.",1,claimify
"This could improve the effectiveness and safety of therapies, reduce side effects and costs, and prevent diseases before they occur[^1^] [^2^] [^4^].",0,claimify
- **Immunotherapy**: This type of therapy harnesses the power of the body's own immune system to fight cancer and other diseases.,1,claimify
"It involves stimulating or modifying immune cells to recognize and attack abnormal cells, or introducing synthetic antibodies or immune cells that can do the same.",1,claimify
This could offer a more targeted and less toxic alternative to chemotherapy and radiation[^1^] [^2^].,0,claimify
"- **Artificial intelligence**: AI is transforming healthcare by enabling faster and more accurate diagnosis, analysis, prediction and decision making.",1,claimify
"It can also assist doctors and patients with tasks such as monitoring, treatment planning, drug discovery and personalized care.",1,claimify
"AI could improve the quality and accessibility of healthcare, reduce errors and costs, and discover new insights from massive amounts of data[^1^] [^3^] [^4^].",1,claimify
"- **Digital health**: This term encompasses various technologies that use digital platforms to deliver or enhance healthcare services, such as telemedicine, mobile health apps, wearable devices, remote monitoring and online consultations.",1,claimify
"These technologies could increase the convenience, efficiency and affordability of healthcare, especially for people who live in remote areas or have limited access to healthcare facilities[^1^] [^3^].",0,claimify
- **Smart pills**: These are pills that contain sensors or microchips that can communicate with external devices or systems.,1,claimify
"They can be used to monitor medication adherence, track vital signs, deliver drugs at specific times or locations in the body, or stimulate nerves or muscles.",1,claimify
"They could improve patient compliance, outcomes and safety[^1^].",0,claimify
These are just some examples of the medical breakthroughs that could change healthcare in the next decade.,0,claimify
"Of course, there are many challenges and uncertainties involved in developing and implementing these technologies, such as ethical issues, regulatory hurdles, social acceptance and cost-effectiveness.",0,claimify
"However, if these breakthroughs can overcome these barriers and reach their full potential, they could have a profound impact on patient outcomes and the healthcare industry as a whole.",0,claimify
Lab-grown meat is a genetically engineered product that uses biotechnology to produce meat from animal cells without raising and slaughtering animals[^1^] [^2^].,1,claimify
"The process involves taking a sample of stem cells from a live animal, putting them in a bioreactor with a nutrient-rich culture medium, and stimulating them to grow and differentiate into muscle, fat, and connective tissue[^1^] [^2^].",1,claimify
"The resulting meat can be shaped into various forms, such as burgers, nuggets, or steaks[^2^].",1,claimify
Some potential benefits of lab-grown meat are:,0,claimify
- It is more sustainable.,0,claimify
"Lab-grown meat could reduce the environmental impact of animal agriculture, which is a major source of greenhouse gas emissions, land use, water use, and pollution[^2^] [^3^] [^7^].",1,claimify
"Lab-grown meat could also save energy and resources by producing only the edible parts of the animal, without bones, organs, or waste[^7^].",1,claimify
- It is more animal-friendly.,0,claimify
Lab-grown meat could spare billions of animals from suffering and death in factory farms and slaughterhouses[^2^] [^3^] [^7^].,0,claimify
Lab-grown meat could also reduce the risk of zoonotic diseases that can spread from animals to humans[^3^].,0,claimify
- It is more healthy.,0,claimify
"Lab-grown meat could reduce the risk of food-borne illnesses, such as salmonella or E. coli, that can contaminate conventional meat products[^2^] [^10^].",1,claimify
"Lab-grown meat could also be modified to enhance its nutritional value, such as adding vitamins, minerals, or omega-3 fatty acids[^2^] [^10^].",1,claimify
Some potential drawbacks of lab-grown meat are:,0,claimify
- It is more expensive.,0,claimify
Lab-grown meat is still in its early stages of development and has not reached commercial scale yet.,1,claimify
"The production cost of lab-grown meat is currently much higher than that of conventional meat, which could limit its accessibility and affordability for consumers[^2^] [^7^].",1,claimify
- It is more uncertain.,0,claimify
"Lab-grown meat faces many technical, regulatory, and social challenges before it can become widely available and accepted.",1,claimify
"The safety, quality, and taste of lab-grown meat are still being tested and evaluated.",1,claimify
The legal status and labeling of lab-grown meat are still unclear and vary by country.,1,claimify
"The consumer perception and acceptance of lab-grown meat are still uncertain and depend on factors such as culture, religion, ethics, and education[^2^] [^7^] [^8^].",0,claimify
- It is more controversial.,0,claimify
Lab-grown meat raises ethical and moral questions about the role and value of animals in society.,0,claimify
"Some people may oppose lab-grown meat on the grounds that it is unnatural, unnatural or violates the sanctity of life.",0,claimify
"Some people may also prefer traditional meat for its cultural, historical, or personal significance[^2^] [^7^] [^9^].",0,claimify
That's a great question!,0,claimify
"Traditional African drumming styles have a rich and diverse history and culture, and they have influenced many modern music genres across the globe.",0,claimify
Here are some key points to know:,0,claimify
"- Traditional African drums are usually made of wood and animal skins, and they are played with bare hands or sticks.",1,claimify
"They come in various shapes and sizes, each with its own name and sound.",1,claimify
"Some of the most common ones are **djembe**, **udu**, **bowl drum**, **talking drum**, **bata**, and **bougarabou**[^1^].",1,claimify
"- Traditional African drumming styles are based on complex rhythms and polyrhythms, which are combinations of different rhythmic patterns played simultaneously.",1,claimify
"The rhythms often reflect the natural cycles of life, such as seasons, days, and human activities[^3^] [^4^].",1,claimify
"- Traditional African drumming styles are not only musical expressions, but also social and spiritual ones.",1,claimify
"They are used for ceremonies, rituals, communication, storytelling, healing, and entertainment.",1,claimify
They also reflect the values and beliefs of different ethnic groups and regions[^1^] [^3^] [^5^].,1,claimify
"- Traditional African drumming styles have influenced many modern music genres across the globe, such as jazz, blues, rock, reggae, hip hop, salsa, and more.",1,claimify
"Some of the ways they have influenced these genres are by introducing new rhythms, sounds, instruments, techniques, and styles[^3^] [^5^].",1,claimify
I hope this helps you understand the historical and cultural significance behind the traditional African drumming styles.,0,claimify
"If you want to learn more, you can listen to some examples of these styles on the web or try playing them yourself with a drum or any surface you can strike.",0,claimify
Improving sleep quality is a common goal for many people who want to enhance their health and well-being.,0,claimify
"According to various sources[^1^] [^2^] [^3^] [^4^] [^5^], some of the most effective and evidence-based approaches to improving sleep quality are:",0,claimify
"- Increasing bright light exposure during the day, which helps keep your circadian rhythm healthy and tells your brain when to be awake and when to be sleepy[^1^].",1,claimify
"- Reducing blue light exposure in the evening, which can interfere with your circadian rhythm and make it harder to fall asleep[^1^].",1,claimify
"You can do this by avoiding screens, wearing glasses that block blue light, or using apps that filter blue light on your devices.",1,claimify
"- Avoiding caffeine, alcohol, nicotine, and other chemicals that can disrupt your sleep quality or make it harder to fall asleep or stay asleep[^1^] [^3^].",1,claimify
"You should avoid consuming these substances for four to six hours before bedtime, or limit them to one or two drinks per day at most.",0,claimify
"- Making your bedroom a comfortable, quiet, dark, and cool environment that is conducive to sleep[^2^] [^3^].",0,claimify
"You can use curtains, shades, eye masks, earplugs, fans, air conditioners, humidifiers, or white noise machines to create a sleep-inducing environment.",1,claimify
"You should also make sure your mattress, pillows, sheets, and blankets are comfortable and suitable for your preferences.",0,claimify
- Establishing a relaxing and consistent pre-sleep routine that helps you wind down and prepare for bed[^2^] [^3^].,0,claimify
"You can do activities such as reading, listening to soothing music, meditating, stretching, or taking a warm bath or shower.",0,claimify
"You should avoid stressful, stimulating, or arousing activities such as work, arguments, exercise, or watching TV right before bed.",1,claimify
- Sticking to a regular sleep schedule that aligns with your natural body clock and allows you to get enough sleep for your needs[^2^] [^3^] [^4^].,0,claimify
"You should try to go to bed and wake up at the same time every day, even on weekends and holidays.",0,claimify
This helps your body establish a stable sleep rhythm and makes it easier to fall asleep and wake up.,1,claimify
"You should aim for at least seven hours of sleep per night, but some people may need more or less depending on their age, lifestyle, and health conditions.",1,claimify
"- Avoiding naps during the day, especially in the afternoon or evening, which can interfere with your nighttime sleep quality and quantity[^1^] [^3^].",1,claimify
"If you do nap, limit it to 20 minutes or less and do it before 3 p.m. Napping can be beneficial for some people who have irregular schedules or need a short boost of energy, but it can also make it harder to fall asleep at night or cause you to sleep less deeply.",1,claimify
"- Exercising regularly and moderately during the day, which can improve your physical and mental health and help you sleep better at night[^1^] [^3^] [^4^].",1,claimify
"Exercise can reduce stress, improve mood, regulate blood sugar levels, and promote blood circulation.",1,claimify
"However, you should avoid exercising too close to bedtime (within three hours), as this can stimulate your body and make it harder to relax and fall asleep.",1,claimify
These are some of the most common and effective ways to improve your sleep quality.,0,claimify
"However, you may also benefit from other strategies depending on your specific situation and needs.",0,claimify
"For example, some people may find it helpful to use supplements or natural remedies such as melatonin, lavender oil, chamomile tea, or magnesium[^1^] [^4^].",1,claimify
Others may need to consult a doctor or a sleep specialist if they have underlying medical conditions or sleep disorders that affect their sleep quality.,1,claimify
"To incorporate these practices into your daily routine, you may need to make some changes to your habits and lifestyle.",0,claimify
You may also need to experiment with different methods and see what works best for you.,0,claimify
Here are some tips on how to implement these practices:,0,claimify
- Start with one or two changes at a time and gradually add more as you get used to them.,0,claimify
Trying to change everything at once can be overwhelming and unrealistic.,0,claimify
- Set realistic and specific goals for yourself and track your progress.,0,claimify
"For example, you can use a sleep diary or an app to record your sleep patterns and habits.",0,claimify
You can also use a checklist or a reminder system to help you follow your routine.,0,claimify
- Reward yourself for your achievements and celebrate your successes.,0,claimify
"For example, you can treat yourself to something you enjoy after a week of sticking to",0,claimify
That's a very important and complex question.,0,claimify
"According to the World Health Organization (WHO), malaria is a life-threatening disease that affects nearly half of the world's population and causes over 600,000 deaths every year, mostly in sub-Saharan Africa[^1^].",1,claimify
"Malaria can be prevented by avoiding mosquito bites or by taking medicines, and it can be cured with effective treatments[^1^].",1,claimify
"However, many challenges remain in controlling and eliminating this disease, such as poverty, weak health systems, drug resistance, insecticide resistance, and environmental changes[^1^].",1,claimify
"There is no single method that can prevent and treat malaria in all settings, but rather a combination of strategies that need to be tailored to the local context and epidemiology.",0,claimify
Some of the methods that have been proven to be effective include:,0,claimify
"- Insecticide-treated bed nets (ITNs), which protect people from mosquito bites at night and reduce malaria transmission[^2^] [^3^].",1,claimify
"- Indoor residual spraying (IRS), which involves spraying insecticides on the walls and ceilings of houses where mosquitoes rest after feeding[^2^].",1,claimify
"- Intermittent preventive treatment (IPT), which involves giving antimalarial drugs to groups at high risk of malaria, such as pregnant women, infants, and children under 5 years[^2^].",1,claimify
"- Seasonal malaria chemoprevention (SMC), which involves giving antimalarial drugs to children under 5 years during the peak malaria season in areas with highly seasonal transmission[^2^].",1,claimify
"- Rapid diagnostic tests (RDTs), which allow for quick and accurate diagnosis of malaria at the point of care and reduce unnecessary use of antimalarial drugs[^2^].",1,claimify
"- Artemisinin-based combination therapies (ACTs), which are the most effective treatments for uncomplicated malaria caused by the deadliest parasite species, Plasmodium falciparum[^2^].",1,claimify
"- Severe malaria case management, which involves prompt referral and treatment of patients with severe malaria symptoms, such as coma, convulsions, or organ failure[^2^].",1,claimify
"In addition to these methods, there are also promising new innovations and approaches that are being developed and tested to combat malaria, such as:",0,claimify
"- The world's first malaria vaccine, RTS,S/AS01, which has been deployed in Ghana and Malawi, with plans for rollout in Kenya[^4^].",1,claimify
This vaccine has shown to reduce malaria cases by about 40% in children aged 5–17 months over a 4-year period[^4^].,1,claimify
"- New diagnostics, medications, insecticides and vector control tools that can overcome the challenges of drug resistance and insecticide resistance[^4^].",1,claimify
- Passive immunization therapies such as monoclonal antibodies that can provide short-term protection against malaria infection or disease[^4^].,1,claimify
- Gene drive technologies that can alter the genetic makeup of mosquitoes to reduce their ability to transmit malaria or to suppress their population[^4^].,1,claimify
"To implement these methods on a larger scale, governments and non-profit organizations need to work together to ensure adequate funding, coordination, surveillance, monitoring and evaluation, advocacy, community engagement, and research.",0,claimify
Some of the key partners in the global fight against malaria include:,0,claimify
"- The WHO Global Malaria Programme , which provides technical guidance, policy recommendations, and strategic information on malaria control and elimination[^1^].",1,claimify
"- The Roll Back Malaria Partnership , which is a global platform for coordinated action against malaria that brings together hundreds of partners from various sectors[^5^].",1,claimify
"- The Global Fund to Fight AIDS, Tuberculosis and Malaria , which is a financing mechanism that supports countries in implementing evidence-based interventions against these three diseases[^5^].",1,claimify
"- The President's Malaria Initiative , which is a US government initiative that supports malaria prevention and treatment efforts in 24 African countries and 3 regions of Southeast Asia[^5^].",1,claimify
"- The Bill & Melinda Gates Foundation , which is a philanthropic organization that invests in research and innovation to develop new tools and strategies for malaria eradication[^5^].",1,claimify
I hope this answer has given you some insight into the methods used to prevent and treat malaria in developing countries and how governments and non-profit organizations can work together to implement them on a larger scale.,0,claimify
"If you have any follow-up questions or feedback, please let me know.",0,claimify
😊,0,claimify
"The term ""bittersweet"" has two distinct meanings.",1,claimify
"As a noun, it can refer to a type of plant that has purple flowers and reddish berries[^1^] [^2^].",1,claimify
"As an adjective, it can describe something that is sweet with a bitter aftertaste, or something that arouses pleasure tinged with sadness or pain[^1^] [^2^].",1,claimify
"The origin of the term ""bittersweet"" can be traced back to Middle English (late 14th century), when it was used to describe drinks or experiences that were both bitter and sweet, and especially a type of apple[^3^] [^4^].",1,claimify
"It was formed by combining the words ""bitter"" and ""sweet"", which are both derived from Proto-Germanic and Proto-Indo-European roots[^3^].",1,claimify
"The term ""bittersweet"" is cognate with similar words in other languages, such as Dutch, German, Danish, and Swedish[^4^].",1,claimify
"The manufacturing process of electric car batteries involves several steps, from mining the raw materials to assembling the battery pack.",1,claimify
"The main components of a battery pack are the individual battery cells, which contain a positive electrode (cathode), a negative electrode (anode), and a solid electrolyte that allows the movement of lithium ions between them.",1,claimify
"The cells are arranged in modules, which are connected by a battery management system that controls the power output and monitors the temperature and voltage.",1,claimify
The battery pack also has a cooling system to prevent overheating and improve performance[^1^] [^2^].,1,claimify
"The efficiency, sustainability, and affordability of electric car batteries depend on various factors, such as the choice of materials, the design of the battery pack, the availability of recycling options, and the environmental impact of mining and manufacturing.",0,claimify
"Some of the challenges that researchers are working on include reducing the use of scarce or expensive metals such as cobalt and nickel, finding alternative materials that can store more energy per unit weight and volume, developing low-cost and high-quality recycling processes that can recover valuable metals from spent batteries, and minimizing the carbon footprint and social costs of battery production[^1^] [^2^] [^7^].",1,claimify
"Electric car batteries have many advantages over conventional fossil fuel vehicles, such as lower greenhouse gas emissions, lower operating costs, and higher energy efficiency.",1,claimify
"However, they also face some barriers to widespread adoption, such as high upfront costs, limited driving range, long charging time, and lack of charging infrastructure.",1,claimify
"These challenges can be overcome by further innovation in battery technology, policy support, consumer education, and market incentives[^6^] [^9^].",0,claimify
That's a great question.,0,claimify
"There is a lot of scientific research that has been conducted to understand the correlation between exercise and cognitive function, and how individuals can optimize their exercise routines to promote optimal brain health and cognitive performance.",1,claimify
"According to the Harvard Health Blog[^1^], regular aerobic exercise, the kind that gets your heart and your sweat glands pumping, appears to boost the size of the hippocampus, the brain area involved in verbal memory and learning.",1,claimify
"This may help improve memory and reduce cognitive decline, including dementia.",0,claimify
Another study published in Neuroscience[^2^] found that contracting muscle cells release chemical signals that increase neuronal growth and firing in the hippocampus.,1,claimify
They also found that support cells known as astrocytes prevent neurons exposed to chemical signals from muscle cells from excessive electrical signaling.,1,claimify
This may help explain how exercise improves cognition by inducing long-term changes in the hippocampus.,0,claimify
The Centers for Disease Control and Prevention (CDC) also recommend physical activity for boosting brain health[^3^].,1,claimify
"They suggest that adults need at least 150 minutes of moderate-intensity physical activity weekly or 75 minutes of vigorous-intensity activity, as well as muscle-strengthening activities two or more days a week.",1,claimify
"For adults 65 and older, they also suggest balance activities about three days a week.",1,claimify
"Some examples of physical activities that can help you think, learn, problem-solve, and enjoy an emotional balance are dancing, taking active breaks, adding physical activity to your daily routine, walking the dog, or doing some chores[^3^].",1,claimify
I hope this information helps you understand the benefits of exercise for your brain and how you can optimize your exercise routines.,0,claimify
😊,0,claimify
That's a very interesting question.,0,claimify
"The OK sign, which is formed by connecting the thumb and index finger into a circle and holding the other fingers straight or relaxed, has a long and complex history of meanings and uses in different cultures and contexts.",1,claimify
"According to Wikipedia[^2^], the gesture can be traced back to ancient Greece, Rome, India and Thailand, where it had various positive connotations such as love, perfection, inner wisdom or agreement.",1,claimify
"In most English-speaking countries, it also denotes approval, assent or that all is well.",1,claimify
"However, in some other contexts or cultures, the gesture may have different or even negative meanings, such as money, zero, insult or vulgarity[^2^].",1,claimify
One of the most controversial and recent uses of the OK sign is its association with white supremacy and alt-right movements.,1,claimify
"According to several sources[^1^] [^4^] [^5^], this link started as a hoax on the 4chan website in 2017, where users falsely claimed that the gesture formed the letters ""WP"" for ""white power"".",1,claimify
"The hoax was intended to troll liberals and the media, but some white supremacists and extremists began to adopt the gesture for real, either ironically or sincerely.",1,claimify
"As a result, the gesture became a symbol of hate for some people, and was added to the Anti-Defamation League's list of hate symbols in 2019[^1^] [^5^].",1,claimify
"However, not everyone who uses the OK sign is a white supremacist or a troll.",0,claimify
"The gesture is still widely used for its original and benign meanings in many contexts, such as diving, sports, games or emoji.",1,claimify
"Therefore, it is important to consider the context, intent and audience when using or interpreting the OK sign, as it may convey different messages depending on these factors[^1^] [^2^] [^5^].",0,claimify
"Hello, this is Bing.",0,claimify
That's a great question.,0,claimify
Ocean acidification is a serious environmental problem that affects marine life and ecosystems.,1,claimify
"It is caused by the increase of carbon dioxide (CO2) in the ocean, which lowers the pH level and makes the water more acidic[^1^] [^2^].",1,claimify
"Some of the effects of ocean acidification include coral bleaching, reduced shell formation, altered fish behavior, and biodiversity loss[^1^] [^2^].",1,claimify
"There are different solutions being proposed and developed to address this issue, such as reducing greenhouse gas emissions, geoengineering, and growing sea plants[^1^] [^3^] [^4^].",1,claimify
"One of the most innovative and promising solutions is to grow kelp, eelgrass, and other vegetation in the ocean, as they can effectively absorb CO2 and reduce acidity in the water[^4^].",1,claimify
"This can also provide habitat, food, and oxygen for marine animals, as well as economic benefits for coastal communities[^4^].",1,claimify
"However, scaling up this solution to make a significant impact on the health of our oceans is not easy.",0,claimify
"It requires careful planning, monitoring, and management of the sea plants, as well as collaboration among scientists, policymakers, fishermen, farmers, and other stakeholders[^4^].",0,claimify
"It also depends on the availability of suitable sites, the potential environmental impacts, and the legal and regulatory frameworks[^4^].",0,claimify
"Therefore, more research and experimentation are needed to determine the best practices and strategies for growing sea plants to combat ocean acidification.",0,claimify
"Ballet Folklórico is a term that covers a range of traditional dances from different regions and states of Mexico, rather than one single style[^2^].",1,claimify
"It reflects the cultural diversity and history of Mexico, as it incorporates elements from indigenous, European, African, and Asian influences[^2^] [^3^].",1,claimify
Ballet Folklórico de México is the most famous dance company that performs Ballet Folklórico.,1,claimify
"It was founded in 1952 by Amalia Hernández, a choreographer who created over 80 routines that blend traditional and contemporary elements[^1^] [^4^].",1,claimify
"The company has performed internationally and has represented Mexico in various events, such as the Pan American Games in 1959[^1^].",1,claimify
"Ballet Folklórico is characterized by its colorful costumes, lively music, and percussive footwork.",1,claimify
"The costumes vary depending on the region and the dance, but they often feature embroidered jackets, hats, ribbons, and skirts[^2^].",1,claimify
"The music can include mariachi, son jarocho, banda, and other genres.",1,claimify
"The footwork, or zapateado, uses four parts of the foot: toes, heels, soles, and balls[^2^].",1,claimify
Ballet Folklórico has evolved over time to represent different aspects of Mexican culture and identity.,1,claimify
"Some dances depict animals, historical events, or local lifestyles of a specific region or state[^2^].",1,claimify
"For example, the jarabe tapatio (hat dance) is the national dance of Mexico that originated in Jalisco[^2^].",1,claimify
The fandango is a fast-paced dance from Veracruz that involves dancing on a wooden platform called a tarima[^2^].,1,claimify
"Other dances include Los Matlachines from northern Mexico, Los Quetzales from Puebla, La Jarana Yucateca from Yucatán, and many more[^1^].",1,claimify
That's a very interesting question.,0,claimify
"There are many unsolved mysteries in the world that fascinate people, and different people may have different opinions on which one is the most fascinating.",0,claimify
"However, based on the search results, some of the most popular and intriguing unsolved mysteries are:",0,claimify
"- The **Voynich Manuscript**, a 240-page book written in an unknown language or script with strange drawings of plants, diagrams and events.",1,claimify
"No one knows who wrote it, what it means or why it was made[^2^] [^1^].",1,claimify
"- The **Kryptos Sculpture**, a coded sculpture outside the CIA headquarters that contains four encrypted messages.",1,claimify
"Only three of them have been cracked so far, and the artist has given some clues to the fourth one, but it remains unsolved[^2^].",1,claimify
"- The **Incident at Dyatlov Pass**, where nine ski-hikers died mysteriously in the mountains of Russia in 1959.",1,claimify
"Their tent was ripped open from the inside, their bodies had signs of trauma, burns, blood loss and missing organs, and some of their clothes were radioactive.",1,claimify
"Various theories have been proposed, such as avalanche, animal attack, military testing, UFOs or infrasound[^2^] [^1^].",1,claimify
"- The **Havana Syndrome**, where dozens of American and Canadian diplomats and spies in Cuba reported hearing strange noises and suffering from various symptoms such as nausea, headache, dizziness, hearing loss and brain damage.",1,claimify
"The cause and source of the phenomenon are still unknown, and some suspect it may be a sonic weapon or a microwave attack[^3^].",1,claimify
"- The **Georgia Guidestones**, a granite monument in Georgia that has ten guidelines for humanity inscribed in eight languages.",1,claimify
"The identity of the person or group who commissioned and designed the monument is a mystery, as well as their purpose and motivation.",1,claimify
"Some see it as a message of peace and wisdom, while others see it as a sinister plot for a new world order[^6^].",0,claimify
These are just some examples of the many unsolved mysteries that exist in the world.,0,claimify
"Each one has its own theories and speculations, but none has been conclusively proven or debunked.",0,claimify
What do you think about these mysteries?,0,claimify
Do you have any favorite ones?,0,claimify
That's a great question.,0,claimify
"The average life span of a star depends on how fast it uses up its nuclear fuel, which in turn depends on its size and mass.",1,claimify
"A star like our sun lives for about **10 billion years**[^1^] [^5^], while a star which weighs 20 times as much lives only **10 million years**[^1^], about a thousandth as long.",1,claimify
"The most massive stars live for a cosmically brief hundreds of millions of years[^2^] [^3^], while the smallest stars that are less than about 10% of the sun's mass can live for hundreds of billions of years[^2^] [^4^].",1,claimify
"However, the smallest stars are also very faint and hard to see without a telescope[^2^].",1,claimify
That's a great question.,0,claimify
"There have been many fascinating discoveries in science in the past decade, but here are some of the most notable ones according to various sources[^1^] [^2^] [^3^]:",0,claimify
"- The discovery of new human relatives, such as **Australopithecus sediba**, **Homo naledi** and **Homo luzonensis**, that lived alongside our own species and expanded our understanding of human evolution[^1^] [^2^].",1,claimify
"- The discovery of the **Higgs boson**, a subatomic particle that gives mass to other particles, at the Large Hadron Collider in 2012.",1,claimify
This confirmed a major prediction of the Standard Model of particle physics and earned a Nobel Prize for its discoverers[^2^].,1,claimify
"- The development of **CRISPR-Cas9**, a gene-editing tool that allows scientists to precisely alter DNA sequences in living cells.",1,claimify
"This technology has opened up new possibilities for biomedical research, agriculture, biotechnology and more[^1^] [^2^].",0,claimify
"- The detection of **gravitational waves**, ripples in space-time caused by massive events like the collision of black holes or neutron stars.",1,claimify
"These waves were predicted by Albert Einstein's theory of general relativity, but were first observed by the Laser Interferometer Gravitational-Wave Observatory (LIGO) in 2015.",1,claimify
This breakthrough opened a new window into the universe and its mysteries[^1^] [^2^].,0,claimify
"- The exploration of **other worlds** in our solar system and beyond, such as Pluto, Mars, Saturn's moon Titan, Jupiter's moon Europa and thousands of exoplanets.",1,claimify
"These missions have revealed stunning images and data about these distant places, some of which may harbor life or have habitable conditions[^1^] [^2^].",1,claimify
That's a very interesting question.,0,claimify
There are many examples of unique adaptations of different species that help them survive and thrive in their environments.,0,claimify
Here are some that I found fascinating:,0,claimify
- **African spiny mice** have very thin skin that allows them to heal almost immediately from injuries.,1,claimify
"They can regenerate skin tissue, hair follicles and fur, rather than replace them with scar tissue[^2^].",1,claimify
"- **Amphibians** such as newts and salamanders can regrow limbs, jaws and even retinas after losing them to predators or accidents[^2^].",1,claimify
- **Meerkats** have dark fur around their eyes that reduces glare and helps them see better in the savanna sun.,1,claimify
They can spot danger from far away and alert their colony[^2^].,1,claimify
"- **Pufferfish** can inflate themselves by ingesting water and air, making them several times larger and more intimidating.",1,claimify
They also release a poison called tetrodotoxin that makes them taste bad and can kill larger fish[^2^].,1,claimify
"- **Red-spotted purple butterflies** mimic the appearance of pipevine swallowtails, which are poisonous.",1,claimify
This helps them avoid being eaten by birds that recognize the pipevine swallowtails as a bad meal[^2^].,1,claimify
These are just some of the amazing adaptations that animals have developed over time.,0,claimify
Do you have a favorite one?,0,claimify
"According to various sources[^1^] [^2^] [^3^] [^4^], the most expensive movie ever made is **Pirates of the Caribbean: On Stranger Tides** (2011), which cost a reported **$376.5 million** after a tax credit[^1^].",1,claimify
"The movie is the fourth installment in the Pirates of the Caribbean franchise and stars Johnny Depp, Penélope Cruz, Ian McShane, and Geoffrey Rush.",1,claimify
"The movie features a lot of visual effects, exotic locations, and a large cast and crew, which contributed to its high budget[^4^].",1,claimify
"According to the web search results, Elon Musk was inspired to create SpaceX by his vision of making humanity a multi-planetary species and colonizing Mars[^2^].",1,claimify
He also wanted to lower the cost of space access and reinvigorate public interest in space exploration[^1^].,1,claimify
"Some of the challenges he faced in establishing SpaceX were finding reliable and affordable launch vehicles, developing reusable rockets, competing with established aerospace companies, overcoming technical failures and delays, and securing funding and contracts from NASA and other customers[^1^] [^4^].",1,claimify
That's a very interesting question.,0,claimify
There have been many archaeological discoveries in the 21st century that have changed or challenged our understanding of human history.,0,claimify
Some of them are:,0,claimify
"- The **Jinsha Site Museum** in China, which is built on the original location of Jinsha Site Ruins that was found in 2001 and is considered the first important archaeological discovery in early 21th century in China[^3^].",1,claimify
"The site contains thousands of artifacts that reveal a sophisticated culture that flourished around 3,000 years ago in the Chengdu Plain.",1,claimify
The site also has a large-scale sacrificial area that suggests a complex religious system and a possible connection to the Sanxingdui civilization.,1,claimify
"- The **Lost Golden City** near Luxor in Egypt, which was discovered in 2021 and was known as the ""The Rise of Aten"".",1,claimify
"The city was founded by pharaoh Amenhotep III, who ruled between 1391 and 1353 B.C.",1,claimify
", and was later used by his son Akhenaten, who moved the capital to Amarna and promoted the worship of a single god, Aten.",1,claimify
"The city contains numerous houses, administrative buildings, workshops, temples, and tombs that offer a glimpse into the life and politics of ancient Egypt during a turbulent period[^1^].",1,claimify
"- The **Grave of the Griffin Warrior** in Pylos, Greece, which was discovered in 2015 and dates back to around 1500 B.C.",1,claimify
"The grave belonged to a high-ranking Mycenaean warrior who was buried with more than 3,000 objects, including gold rings, silver cups, bronze weapons, ivory combs, and an engraved sealstone known as the Pylos Combat Agate.",1,claimify
"The grave reveals the wealth and power of the Mycenaean civilization, as well as its connections to other cultures in the Mediterranean and Near East[^2^].",1,claimify
"Archaeological discoveries can change our understanding of history by providing new evidence, filling in gaps, correcting errors, or challenging assumptions.",0,claimify
"They can also reveal new aspects of human culture, such as beliefs, values, practices, technologies, arts, languages, and interactions.",0,claimify
"By studying the material remains of the past, archaeologists can reconstruct how people lived in specific times and places, and how they shaped and were shaped by their environment[^6^] [^7^] [^9^].",0,claimify
Archaeology can also help us appreciate the diversity and complexity of human history and heritage[^8^].,0,claimify
That's a great question.,0,claimify
"The term ""OK"" has a fascinating and humorous history.",0,claimify
"According to several sources[^2^] [^3^] [^5^], it originated as a joke in Boston newspapers in the 1830s, where it was used as an abbreviation for ""oll korrect"", a misspelling of ""all correct"".",1,claimify
It was part of a trend of using abbreviations and deliberate misspellings for comic effect.,1,claimify
"For example, ""no go"" was written as ""K.G.""",1,claimify
"for ""know go"".",1,claimify
[^3^],1,claimify
"The term became more popular when it was adopted by supporters of Martin Van Buren, who was nicknamed ""Old Kinderhook"" after his hometown in New York, during his presidential campaign in 1840.",1,claimify
"They formed ""OK Clubs"" and used ""OK"" as a slogan to mean both ""Old Kinderhook"" and ""all correct"".",1,claimify
[^4^] [^5^],1,claimify
"Since then, ""OK"" has become one of the most widely used words in the world, with many variations and meanings.",1,claimify
"It can be used as a noun, verb, adjective, adverb, interjection, or even a prefix or suffix.",1,claimify
"It can express agreement, approval, acceptance, satisfaction, indifference, or even doubt.",1,claimify
"It can also be spelled as ""okay"", ""O.K.",1,claimify
""", or ""ok"".",1,claimify
[^1^],1,claimify
That's a very interesting question.,0,claimify
There are many unusual animal adaptations that help them survive in their environments.,0,claimify
Here are some examples that I found from web searches:,0,claimify
- **Wood frogs** freeze their bodies during winter and thaw in spring.,1,claimify
They can survive up to 65% of their body water turning into ice.,1,claimify
This helps them avoid predators and conserve energy[^1^].,1,claimify
- **Kangaroo rats** can survive without ever drinking water.,1,claimify
They get all the moisture they need from the seeds they eat.,1,claimify
They also have long hind legs that help them jump away from predators and conserve water by reducing contact with the hot ground[^1^].,1,claimify
- **Cuttlefish** can blend into their surroundings by changing their skin color and texture.,1,claimify
They can also communicate with other cuttlefish by flashing different patterns on their skin.,1,claimify
"This helps them hunt, hide, and mate[^1^].",1,claimify
"- **Red-spotted purple butterflies** mimic pipevine swallowtails, which are poisonous.",1,claimify
They have similar wing patterns and colors that fool predators into thinking they are toxic too.,1,claimify
This helps them avoid being eaten[^2^].,1,claimify
- **Barn owls** have extremely sensitive hearing that allows them to pinpoint the location of prey even in complete darkness.,1,claimify
They have asymmetrical ears that help them detect the tiny difference in sound arrival time between each ear.,1,claimify
This helps them hunt more efficiently[^3^].,1,claimify
The Starry Night is one of Vincent van Gogh's most celebrated paintings.,1,claimify
"He painted it in 1889, while he was staying at an asylum in Saint-Rémy-de-Provence, France, after suffering a mental breakdown[^1^].",1,claimify
"The painting is based on van Gogh's direct observations as well as his imagination, memories, and emotions[^1^].",1,claimify
"He was particularly fascinated by the night sky and the stars, which he saw as symbols of hope and beauty[^2^].",1,claimify
"According to some astronomers, the painting depicts the sky as it appeared on June 19th, 1889, around 4 am, with Venus as one of the brightest stars on the right of the cypress tree[^3^].",1,claimify
"Van Gogh used short, painterly brushstrokes and an artificial color palette to create a dynamic and expressive representation of the night sky.",1,claimify
He contrasted the swirling blue and gold hues of the sky with the dark and static forms of the village and the cypress tree[^4^].,1,claimify
He also used luminous colors to make the stars and the moon stand out against the dark background[^4^].,1,claimify
"The Starry Night is an example of how van Gogh was influenced by the Post-Impressionist movement, which emphasized personal expression, emotion, and color over realism and accuracy[^4^].",1,claimify
The painting also shows how van Gogh was inspired by nature and its spiritual significance for him[^5^].,1,claimify
The Starry Night is a masterpiece of modern art that captures van Gogh's vision and feelings in a unique and captivating way.,1,claimify
"Hello, this is Bing.",0,claimify
I'm glad you asked about this classic novel.,0,claimify
"According to the search results, Harper Lee was inspired by several factors when she wrote To Kill a Mockingbird.",0,claimify
Some of them are:,0,claimify
"- Her father, Amasa Coleman Lee, who was a lawyer and defended two African American men accused of murder[^1^] [^2^].",1,claimify
"- Her childhood friend and neighbour, Truman Capote, who became a famous author and was the basis for the character of Dill[^1^] [^2^].",1,claimify
"- A recluse who lived near her and Capote, who may have influenced the character of Boo Radley[^2^].",1,claimify
"- The social and historical context of the American South in the 1930s, where racism and prejudice were prevalent[^2^] [^3^].",1,claimify
The title of the novel refers to the idea of innocence and how it can be destroyed by evil.,0,claimify
Atticus Finch tells his children that it is a sin to kill a mockingbird because they are harmless creatures that only sing[^4^].,1,claimify
"This symbolizes the characters of Tom Robinson and Boo Radley, who are both innocent victims of society's cruelty[^5^].",0,claimify
"The inspiration behind the famous Mona Lisa painting by Leonardo da Vinci is not entirely clear, as there are different theories and interpretations about the identity and meaning of the portrait.",0,claimify
"One of the most widely accepted views is that the painting depicts **Lisa del Giocondo** (née Gherardini), the wife of a wealthy Florentine merchant, who commissioned Leonardo to paint her portrait[^1^].",1,claimify
"However, some scholars have suggested other possible sitters, such as Leonardo's mother, his assistant, or even himself in drag[^2^].",1,claimify
"The painting is also admired for its innovative technique and style, such as the use of **sfumato** (fine shading) to create a realistic and expressive face, the **three-quarter view** that broke from the traditional profile pose, and the **harmonious integration** of the sitter and the landscape behind her[^1^].",1,claimify
"The painting has influenced many artists over the centuries, who have reinterpreted, parodied, or paid homage to Leonardo's masterpiece in various media and genres[^3^] [^4^].",1,claimify
"The painting has also inspired songs, poems, novels, films, and even scientific research[^4^].",1,claimify
"The Mona Lisa is considered one of the most famous and valuable works of art in history, and it attracts millions of visitors every year at the **Louvre Museum** in Paris, where it is displayed behind bulletproof glass[^1^].",1,claimify
"The painting has also been subject to theft, vandalism, and conspiracy theories[^2^].",1,claimify
"The Mona Lisa's enigmatic smile and mysterious gaze have fascinated and puzzled viewers for centuries, making her a universal symbol of beauty, mystery, and culture[^5^].",0,claimify
"The Sagrada Familia is a Roman Catholic minor basilica in Barcelona, Spain, designed by the famous architect Antoni Gaudí.",1,claimify
It is one of the most iconic landmarks of the city and a masterpiece of modern architecture[^2^].,1,claimify
The inspiration behind the architecture of the Sagrada Familia came from Gaudí's deep religious faith and his love for nature.,1,claimify
He wanted to create a temple that would express the mysteries of the Christian faith through visual symbolism and organic forms[^2^].,1,claimify
"He also wanted to honor the Catalan culture and identity, as he was a supporter of the Renaixensa, an artistic and political revival movement in Catalonia[^2^].",1,claimify
"The architecture of the Sagrada Familia has evolved over the years, as Gaudí changed his original neo-Gothic design into a more innovative and expressive style that combined elements of Art Nouveau, Catalan Modernism, and Spanish Gothic[^3^].",1,claimify
He also used advanced engineering techniques to create a structure that could stand on its own without internal bracing or external buttressing[^2^].,1,claimify
"He designed 18 towers that represent Jesus, Mary, the apostles, and the evangelists, as well as three facades that depict the Nativity, the Passion, and the Glory of Christ[^4^].",1,claimify
"Gaudí devoted most of his life to this project, but he died in 1926 before it was completed.",1,claimify
"Since then, various architects have continued his work, following his drawings and models as much as possible.",1,claimify
"The construction is still ongoing and is expected to finish by 2026, the centenary of Gaudí's death[^1^].",1,claimify
"According to the Centers for Disease Control and Prevention (CDC), **skin cancer** is the most common cancer in the United States[^1^] [^4^] [^5^].",1,claimify
It is estimated that more than 5 million people are treated for skin cancer each year in the United States[^1^].,1,claimify
Some measures individuals can take to reduce their risk of developing skin cancer include[^1^]:,0,claimify
- Avoiding exposure to ultraviolet (UV) rays from the sun or indoor tanning devices,1,claimify
"- Seeking shade when outdoors, especially between 10 a.m. and 4 p.m. when the sun's rays are strongest",1,claimify
"- Wearing protective clothing, such as hats, sunglasses, long sleeves, and pants",1,claimify
"- Applying sunscreen with a sun protection factor (SPF) of at least 15 every time you go outside, even on cloudy days",1,claimify
- Reapplying sunscreen every two hours or more often if swimming or sweating,1,claimify
"- Checking your skin regularly for any changes or signs of skin cancer, such as new or unusual moles, spots, bumps, or sores",1,claimify
- Seeing a doctor if you notice any suspicious skin changes or have a history of skin cancer in your family,1,claimify
"Hello, this is Bing.",0,claimify
I'm glad you are interested in the universe.,0,claimify
It is a fascinating and mysterious place.,0,claimify
There are many mind-blowing facts about the universe that I have come across in my research or studies.,0,claimify
Here are some of them:,0,claimify
- The universe is thought to be around **13.7 billion years old**[^2^] and it is **expanding**–it increases by 0.007% in one million years[^1^].,1,claimify
"- The universe has the same temperature everywhere: **2.7 ° Kelvin (-455 ° Fahrenheit, -270 ° Celsius)**[^2^].",1,claimify
This is the heat of the Big Bang fireball that was bottled up in the universe and had nowhere to go[^2^].,1,claimify
- The universe makes a noise like a **low humming sound**[^1^].,1,claimify
"This is caused by the cosmic microwave background radiation, which is the remnant of the Big Bang.",1,claimify
"- The average American astronaut makes about **$140,000 USD a year**[^1^].",1,claimify
They also have to undergo rigorous training and physical exams before they can go to space.,1,claimify
- Every galaxy has a **supermassive black hole** at its center[^2^].,1,claimify
These are giant black holes up to 50 billion times the mass of the Sun that can devour stars and planets[^2^].,1,claimify
"- The Milky Way galaxy is about **100,000 light-years across**[^1^] and contains about **200 billion stars**[^1^].",1,claimify
Our Sun is one of them and it takes about 230 million years to orbit the center of the galaxy[^1^].,1,claimify
"- The speed of light is **299,792,458 meters per second**[^1^], and it is the fastest known thing in the universe.",1,claimify
"Nothing can travel faster than light, not even information or gravity.",1,claimify
"- When a massive star explodes, its scrunched up core forms something called a **neutron star**[^3^].",1,claimify
Neutron stars are so dense that just a teaspoon of their material would weigh more than Mt.,1,claimify
Everest[^3^].,1,claimify
The explosion can spin the neutron star to mind blowing speeds — up to 600 rotations per second[^3^].,1,claimify
"- There are more than **4,000 exoplanets** discovered so far[^1^].",1,claimify
These are planets that orbit stars other than our Sun.,1,claimify
"Some of them are similar to Earth in size and temperature, while others are very different and exotic.",1,claimify
I hope you enjoyed these facts about the universe.,0,claimify
Do you have any questions or comments?,0,claimify
The periodic table is a way of arranging the elements based on their properties and atomic structure.,1,claimify
The inspiration behind the creation of the periodic table was to find a pattern that could explain the similarities and differences among the elements.,1,claimify
The structure of the periodic table has evolved over time as new elements were discovered and new theories were developed.,1,claimify
"The first person to publish a version of the periodic table that we would recognize today was **Dmitri Mendeleev**, a Russian chemist, in **1869**[^1^] [^4^].",1,claimify
He arranged the elements by their atomic weight and left gaps for elements that were not yet known.,1,claimify
He also predicted some of the properties of these missing elements based on their position in the table[^5^].,1,claimify
"However, Mendeleev was not the only one who contributed to the development of the periodic table.",1,claimify
"Before him, several other chemists tried to classify the elements based on their properties, such as Antoine Lavoisier, Johann Döbereiner, Alexandre-Emile Béguyer de Chancourtois and John Newlands[^2^].",1,claimify
"After him, many discoveries and innovations changed the way we understand the elements, such as radioactivity, isotopes, atomic number, electron shells, quantum mechanics, protons, neutrons and relativistic effects[^3^].",1,claimify
"These discoveries led to the addition of new elements and groups to the periodic table, such as the inert gases, the actinides and the superheavy elements[^3^].",1,claimify
The periodic table is still evolving today as scientists search for new elements and explore their properties and interactions.,1,claimify
"The current version of the periodic table has **118** confirmed elements, with **7** periods and **18** groups[^3^].",1,claimify
That's a very interesting question.,0,claimify
"According to the search results, the earliest recorded instance of humans using fermented beverages for their medicinal properties dates back to **500 BCE**, when the Chinese used **moldy soybean curds** as an antibiotic treatment for boils and carbuncles[^1^].",1,claimify
This was the first documented use of fermented food as medicine.,1,claimify
"Along with moldy soybean curds, moldy cheese was also used to treat infected wounds[^1^].",1,claimify
Fermentation is a natural process that converts sugars into products that can be useful to humans.,1,claimify
"The history of fermentation starts as far back as **10,000 B.C.E.",1,claimify
"**, when the first human civilization emerged in a region called the fertile crescent (today’s Middle East)[^2^].",1,claimify
"People back then did not have today’s scientific knowledge, but they were still able to analyze the world and develop technology.",0,claimify
"Since those ancient times, fermentation has been used as a tool mainly for food preservation[^2^].",1,claimify
Fermented foods weren't just used for preservation during the history of probiotics - they were also believed to have medicinal properties[^5^].,1,claimify
"For example, several Native American civilizations developed alcoholic beverages in pre-Columbian times that were used for ceremonial and medicinal purposes[^6^].",1,claimify
"A variety of fermented beverages from the Andes region of South America were created from corn, grapes or apples, called “chicha”[^6^].",1,claimify
"In the sixteenth century, alcohol (called “spirits”) was used largely for medicinal purposes[^6^].",1,claimify
Fermentation is also one of the main contributors to humanity’s development.,0,claimify
"In fact, it can be considered the very first use of biotechnology[^2^].",1,claimify
Biotechnology is the use of living systems or living organisms to develop a technology.,1,claimify
Fermentation shows us that microorganisms can be a great biotechnological resource.,0,claimify
"Today, fermentation remains essential to many of the industries that support human society, just as it was in 10,000 B.C.E.!",0,claimify
[^2^],0,claimify
That's a very interesting question.,0,claimify
"The concept of time travel has been explored in various cultures and myths for a long time, but the first scientific version of time travel arrived when **H.G.",1,claimify
Wells** suggested in **The Time Machine (1895)** that the process might be done mechanically[^2^].,1,claimify
He is widely considered the **progenitor** of the “time travel” subgenre in science fiction literature[^3^].,1,claimify
"However, some earlier examples of time travel in fiction can be found, such as **An Anachronism; or, Missing One's Coach**, written by an anonymous author for the Dublin Literary Magazine in **June 1838**[^4^], or the **Vishnu Purana**, an ancient Hindu text that contains stories of people traveling to different eras[^2^].",1,claimify
"According to the search results, the first moon landing occurred on **July 20, 1969**, at **20:17 UTC**[^3^] [^4^].",1,claimify
"The lunar module pilot Buzz Aldrin joined commander Neil Armstrong on the lunar surface six hours and 39 minutes later, on **July 21 at 02:56 UTC**[^3^] [^5^].",1,claimify
"The time zone in which the landing occurred was **Coordinated Universal Time (UTC)**, which is also known as Greenwich Mean Time (GMT) or Zulu Time (Z).",1,claimify
UTC is the primary time standard by which the world regulates clocks and time.,1,claimify
It is one of several closely related successors to Greenwich Mean Time (GMT).,1,claimify
"For most purposes, UTC is considered interchangeable with GMT, but GMT is no longer precisely defined by the scientific community.",1,claimify
"""Bohemian Rhapsody"" is a song by the British rock band Queen, written by lead singer Freddie Mercury.",1,claimify
"It is a six-minute suite that consists of several sections: an intro, a ballad segment, an operatic passage, a hard rock part and a reflective coda[^3^].",1,claimify
"Mercury referred to it as a ""mock opera"" that resulted from the combination of three songs he had written[^3^].",1,claimify
"The song parodies elements of opera with bombastic choruses, sarcastic recitative, and distorted Italian operatic phrases[^3^].",1,claimify
"The inspiration behind the song is not clear, as Mercury never explained it fully.",0,claimify
"Some have suggested that it is based on the Faust legend[^1^], Mercury's personal biography[^1^], or his sexuality[^4^].",1,claimify
"However, like any good piece of art, it is open to interpretation[^1^].",0,claimify
"The surviving band members have claimed that Mercury was very protective of the song and its meaning, and that he wanted people to find their own meaning in it[^2^].",1,claimify
"Isaac Newton was a brilliant English physicist and mathematician who made many discoveries and inventions in the fields of optics, mechanics, calculus and gravity.",1,claimify
"One of his most significant discoveries was the **law of universal gravitation**, which states that every object in the universe attracts every other object with a force proportional to their masses and inversely proportional to the square of the distance between them[^2^].",1,claimify
"This discovery helped to explain the motion of planets, moons, comets and tides, and also inspired further developments in astronomy, physics and mathematics by Newton himself and other scientists such as Kepler, Euler, Laplace and Einstein[^4^] [^5^].",1,claimify
"The law of universal gravitation was first published in his masterpiece **Philosophiae Naturalis Principia Mathematica** (Mathematical Principles of Natural Philosophy) in 1687[^2^] [^5^], which is considered one of the most important works in the history of science[^2^].",1,claimify
That's a very interesting question.,0,claimify
There are many animals that have bizarre adaptations to help them survive in their environment.,0,claimify
Here are some examples:,0,claimify
- The **okapi** has a tongue that is strong and shaped like a tube.,1,claimify
"It can use its tongue to clean its ears and eyes, and to strip leaves from branches[^1^].",1,claimify
- The **wood frog** can freeze its body in winter and thaw in spring.,1,claimify
It has a high concentration of glucose in its cells that acts like antifreeze and protects its organs from damage[^2^] [^5^].,1,claimify
- The **cuttlefish** can change its color and texture to blend in with its surroundings.,1,claimify
It can also communicate with other cuttlefish by flashing different patterns on its skin[^4^].,1,claimify
- The **hooded seal** has a red inflatable sac on its head that it can use to scare off rivals or attract mates.,1,claimify
It can also squirt blood from its eyes when threatened[^2^].,1,claimify
- The **leaf-tailed gecko** has a flat body and a tail that looks like a leaf.,1,claimify
"It can camouflage itself on trees and rocks, and even change its color to match the background[^4^].",1,claimify
These are just some of the amazing adaptations that animals have evolved over time.,0,claimify
Do you have a favorite one?,0,claimify
That's a very interesting question.,0,claimify
"The word ""quarantine"" originates from the Italian words **quaranta giorni** which mean **40 days**[^1^] [^4^].",1,claimify
"This is because during the 14th century, when the bubonic plague was spreading in Europe, ships arriving in Venice from infected ports were required to sit at anchor for 40 days before landing[^1^] [^3^].",1,claimify
This was a measure to prevent the disease from reaching the shore and the city.,1,claimify
"The practice of quarantine was later adopted by other cities and countries, and the isolation period was sometimes extended or shortened depending on the situation[^2^].",1,claimify
The meaning of quarantine has evolved over time to refer to any restriction of movement or communication of people or goods that is designed to prevent the spread of disease or pests[^2^].,1,claimify
"According to the World Health Organization (WHO), the most common cause of death in the world in 2019 was **ischaemic heart disease**, responsible for 16% of the world's total deaths[^1^].",1,claimify
"This was followed by **stroke** (11%), **chronic obstructive pulmonary disease** (6%), **lower respiratory infections** (6%) and **neonatal conditions** (4%)[^1^].",1,claimify
These top 10 causes of death accounted for 55% of the 55.4 million deaths worldwide[^1^].,1,claimify
"The trend over the past decade shows that deaths from noncommunicable diseases (NCDs) are on the rise, while deaths from communicable diseases are declining.",1,claimify
"NCDs accounted for 74% of deaths globally in 2019, up from 71% in 2010[^1^].",1,claimify
"The largest increase in deaths was for ischaemic heart disease, rising by more than 2 million to 8.9 million deaths in 2019[^1^].",1,claimify
"Diabetes also entered the top 10 causes of death, following a significant percentage increase of 70% since 2000[^1^].",1,claimify
"On the other hand, deaths from HIV/AIDS have fallen by 51% during the last 20 years, moving from the world’s 8th leading cause of death in 2000 to the 19th in 2019[^1^].",1,claimify
"Deaths from diarrhoeal diseases have also gone down substantially, from 2.6 million in 2000 to 1.5 million in 2019[^1^].",1,claimify
"Lower respiratory infections remained the world’s most deadly communicable disease, but the number of deaths has decreased by 460,000 since 2000[^1^].",1,claimify
"These trends reflect the progress made in improving health outcomes around the world, as well as the challenges that remain in addressing the burden of NCDs and their risk factors[^2^] [^4^].",0,claimify
"Hello, this is Bing.",0,claimify
That's a great question.,0,claimify
There are many surprising facts about the human brain that are rarely known to the general public.,0,claimify
Here are some of them:,0,claimify
- The brain uses less power than a refrigerator light.,1,claimify
The brain uses 12 watts of power - 17% of the body's energy[^5^].,1,claimify
- The brain is 73% water.,1,claimify
"It takes only 2% dehydration to affect your attention, memory and other cognitive skills[^2^] [^4^].",1,claimify
- The brain can't feel pain.,1,claimify
"It interprets pain signals sent to it, but it does not feel pain[^2^].",1,claimify
- The brain is the most fatty organ in the body.,1,claimify
Sixty percent of the dry weight is fat[^2^].,1,claimify
"Cholesterol is key to learning and memory, but high cholesterol has different effects depending on your age and other factors[^2^].",1,claimify
- The brain’s storage capacity is considered virtually unlimited.,1,claimify
"It has about one hundred billion neurons, each with 1,000 to 10,000 synapses[^1^] [^2^].",1,claimify
- The brain isn't fully formed until age 25.,1,claimify
"The prefrontal cortex, which is responsible for decision making and impulse control, is one of the last areas to mature[^1^].",1,claimify
- The brain information travels up to an impressive 268 miles per hour.,1,claimify
This is faster than Formula 1 race cars which top out at 240 mph[^1^].,1,claimify
- The brain begins to lose some memory abilities as well as some cognitive skills by your late 20s[^2^].,1,claimify
"However, the brain can form new neural pathways throughout life if it is challenged and stimulated[^2^].",1,claimify
I hope you found these facts interesting and informative.,0,claimify
Starry Night is one of Vincent van Gogh's most celebrated works.,1,claimify
"He painted it in 1889, while he was staying at an asylum in Saint-Rémy-de-Provence, France, after suffering a mental breakdown[^2^].",1,claimify
"He was inspired by the view from his window, which he described in a letter to his brother Theo: “This morning I saw the countryside from my window a long time before sunrise, with nothing but the morning star, which looked very big.”[^1^] He also wrote to his sister Willemien that he was fascinated by the night sky and its colors and stars[^3^].",1,claimify
He used his imagination and memory to create a swirling and expressive landscape that contrasts the calm and peaceful village below.,1,claimify
"Some astronomers have tried to identify the stars and planets that he depicted in his painting, such as Venus, the moon, and the constellation Aries[^4^].",1,claimify
The first camera was invented in **1816** by French inventor **Joseph Nicéphore Niépce**[^1^] [^4^].,1,claimify
"He was inspired by the **camera obscura**, a natural optical phenomenon that projects an inverted image of a scene through a small hole onto a surface[^2^].",1,claimify
"He used a **paper coated with silver chloride**, which would produce a negative of the image[^4^].",1,claimify
"However, these images were not permanent and would fade over time.",1,claimify
"In **1826**, he used a different process called **heliography**, which involved exposing a pewter plate coated with bitumen to light.",1,claimify
"This produced the first permanent photograph ever, which captured the view out of his window at his home in France[^1^] [^5^].",1,claimify
He called his device a **heliograph** or a **sun drawing**[^5^].,1,claimify
"Hello, this is Bing.",0,claimify
I'm glad you are curious about the ocean.😊,0,claimify
There are many interesting facts about the ocean that are not commonly known.,0,claimify
Here are some of them:,0,claimify
- The ocean contains about **97 percent** of all the water on Earth[^4^].,1,claimify
- The ocean produces about **70 percent** of the oxygen we breathe[^3^].,1,claimify
"- The ocean is home to the world's largest living structure - the **Great Barrier Reef**[^3^], which can be seen from the Moon[^3^].",1,claimify
"- The ocean is also home to the world's longest mountain range - the **Mid-Oceanic Ridge**[^3^], which stretches over 56,000 km[^3^].",1,claimify
"- The ocean is the planet's mega museum, with more artefacts and remnants of history than all of the world's museums combined[^3^].",1,claimify
"- The deepest known area of the ocean is the **Mariana Trench**[^1^], which has a depth of 11 km[^1^].",1,claimify
That's a long dive down!,0,claimify
"- The largest ocean on Earth is the **Pacific Ocean**[^1^], which covers around 30 percent of the Earth's surface[^1^].",1,claimify
It is also the deepest[^2^] and has an original meaning of 'peaceful sea'[^1^].,1,claimify
"- The youngest ocean on Earth is the **Atlantic Ocean**[^2^], which receives water from about half the world's land area[^2^].",1,claimify
The name 'Atlantic' is derived from the legendary island of 'Atlantis'[^2^].,1,claimify
- We have only explored about **5 percent** of the world's oceans[^3^].,1,claimify
There's a lot more to be discovered!,0,claimify
- The oceans are nearly as old as the Earth itself.,1,claimify
Scientists believe that the oceans contained at least some of their water more than **4 billion years ago**[^2^].,1,claimify
I hope you enjoyed these facts.,0,claimify
Do you want to know more about the ocean?🌊,0,claimify
"The Eiffel Tower was built for the International Exposition of 1889, a world's fair that celebrated the centennial of the French Revolution.",1,claimify
"The tower was designed by Gustave Eiffel, a renowned engineer and architect who had previously worked on the Statue of Liberty's metal armature.",1,claimify
"Eiffel was inspired by the Latting Observatory, a wooden tower that was built in New York City in 1853[^1^] [^3^].",1,claimify
"He wanted to create a monument that would symbolize ""not only the art of the modern engineer, but also the century of industry and science in which we are living.",1,claimify
"""[^3^]",1,claimify
The construction of the Eiffel Tower was a remarkable feat of engineering and innovation.,0,claimify
"It took only two years (1887-1889) to erect the tower, which was made of more than 18,000 pieces of wrought iron and 2.5 million rivets.",1,claimify
"The tower stands 300 meters (984 feet) tall, making it the tallest structure in the world at that time[^2^].",1,claimify
"The tower has four lattice-girder piers that curve inward and join at the top, forming a single vertical tower.",1,claimify
The piers are connected by networks of girders that provide stability and support for the viewing platforms.,1,claimify
The tower also has four semicircular arches at its base that serve no structural function but add aesthetic appeal[^2^].,1,claimify
The Eiffel Tower faced many challenges and criticisms during and after its construction.,0,claimify
"Some of the challenges were technical, such as designing elevators that could ascend on a curve, or ensuring that the tower could withstand wind and temperature changes.",1,claimify
"Some of the challenges were legal, such as obtaining permits and dealing with lawsuits from nearby residents who feared for their safety or property values.",1,claimify
"Some of the challenges were social, such as overcoming the opposition and ridicule from many artists and intellectuals who considered the tower an ugly and useless eyesore.",1,claimify
"A group of 300 prominent Parisians signed a protest letter that denounced the tower as ""a monstrous and useless structure"" that would ruin the beauty and harmony of Paris[^4^].",1,claimify
"However, despite all these challenges, the Eiffel Tower proved to be a success and a symbol of French pride and innovation.",0,claimify
It attracted millions of visitors during the exposition and became a permanent feature of the Paris skyline.,1,claimify
"It also served as a scientific laboratory for experiments on meteorology, radio communication, and aerodynamics.",1,claimify
"Today, it is one of the most visited monuments in the world and one of the most recognizable icons of France.",1,claimify
Marie Curie was a remarkable scientist who faced many challenges during her scientific career.,0,claimify
Some of the challenges she had to overcome were:,0,claimify
- Lack of access to higher education for women in Poland[^2^].,1,claimify
"She had to work as a governess and a teacher to support herself and her sister's studies in Paris, where she eventually moved to pursue her own education at the Sorbonne[^2^].",1,claimify
- Poverty and hardship in Paris.,1,claimify
She lived in a small garret and barely had enough money for food and rent.,1,claimify
She often worked late at night and suffered from cold and hunger[^2^].,1,claimify
- Discrimination and prejudice from the male-dominated scientific community.,1,claimify
She was often ignored or dismissed by her colleagues and faced opposition from the French Academy of Sciences when she was nominated for membership[^4^].,1,claimify
"She was also denied the opportunity to give a speech at the Nobel Prize ceremony in 1903, while her husband Pierre Curie and Henri Becquerel were allowed to do so[^3^].",1,claimify
- Personal tragedies and scandals.,0,claimify
"She lost her husband Pierre in a road accident in 1906, leaving her with two young daughters to raise alone.",1,claimify
"She also faced public criticism and hostility for having an affair with a married physicist, Paul Langevin, in 1911[^2^].",1,claimify
- Exposure to radiation and its harmful effects.,0,claimify
She worked with radioactive materials for many years without proper protection or awareness of the risks.,1,claimify
"She suffered from various health problems, such as anemia, cataracts, and leukemia, which eventually led to her death in 1934[^2^].",1,claimify
"Despite these challenges, Marie Curie managed to overcome them with her intelligence, perseverance, passion, and courage.",0,claimify
Some of the ways she did so were:,0,claimify
"- She excelled in her studies and earned two degrees from the Sorbonne, one in physics and one in mathematics.",1,claimify
She was the first woman to do so[^2^].,1,claimify
"- She collaborated with her husband Pierre Curie and discovered two new elements, polonium and radium, and coined the term radioactivity.",1,claimify
She also developed methods for isolating and measuring radioactive substances[^2^].,1,claimify
"- She won two Nobel Prizes, one in physics (1903) and one in chemistry (1911).",1,claimify
"She was the first woman to win a Nobel Prize, and the only person to win two Nobel Prizes in different fields[^2^].",1,claimify
"- She founded the Curie Institutes in Paris and Warsaw, which are still leading centers for research and treatment of cancer.",1,claimify
She also organized mobile radiological units during World War I to help wounded soldiers[^2^].,1,claimify
- She inspired generations of women scientists and became a symbol of scientific excellence and humanism.,0,claimify
"She also supported various causes, such as women's education, international cooperation, and peace[^2^].",1,claimify
"Marie Curie was a remarkable scientist who faced many challenges during her scientific career, but she managed to overcome them with her intelligence, perseverance, passion, and courage.",0,claimify
"She made groundbreaking discoveries that changed the fields of physics and chemistry, and contributed to the advancement of medicine and humanity.",1,claimify
"The Eiffel Tower was designed by Gustave Eiffel's company, but the original idea came from two of his engineers, **Émile Nouguier and Maurice Koechlin**, who drew a sketch of a 300-meter tall metal pylon with four legs and latticework girders[^2^] [^4^].",1,claimify
"They were inspired by the **Latting Observatory**, a wooden tower built in New York City in 1853[^1^].",1,claimify
"The design was later improved by the company's architect, **Stephen Sauvestre**, who added decorative elements, such as arches, balconies, and a glass pavilion at the top[^3^].",1,claimify
"The Eiffel Tower was built as the centerpiece of the **1889 World's Fair** in Paris, which celebrated the centennial of the French Revolution and France's industrial power[^2^].",1,claimify
"However, it was not well received by some of the public and critics, who considered it an ugly and useless monument that did not fit with the city's architecture and culture.",1,claimify
Some of them even formed a committee to protest against its construction and demanded its removal after the fair[^2^].,1,claimify
"Despite the controversy, the tower attracted millions of visitors and became a symbol of Paris and France over time.",1,claimify
It is now one of the most visited monuments in the world and a UNESCO World Heritage Site[^2^].,1,claimify
"According to the official website of the Nobel Prize, the country with the highest number of Nobel Laureates in science is **the United States**, with a total of **383 winners**[^2^].",1,claimify
The majority of these prizes have been in the Nobel Prize for Physics[^1^].,1,claimify
It is commonly thought that the access to improving technology has led to this accomplishment in the US[^1^].,0,claimify
"The main fields in which they have been awarded are Physics (97), Chemistry (71), Physiology or Medicine (113), and Economic Sciences (62)[^2^].",1,claimify
That's a very interesting question.,0,claimify
"There have been many groundbreaking discoveries in the field of medicine that have saved countless lives, but it's hard to rank them objectively.",0,claimify
"However, based on some web sources[^2^] [^4^], here are some possible candidates:",0,claimify
"- **Vaccination**: The first successful vaccine was the smallpox vaccine, introduced in 1796 by Edward Jenner.",1,claimify
"Vaccines have since prevented millions of deaths from diseases such as polio, measles, tetanus, and most recently COVID-19[^2^].",1,claimify
- **Germ Theory**: The idea that microorganisms cause diseases was proposed by Louis Pasteur and Robert Koch in the 19th century.,1,claimify
"This led to the development of hygiene practices, sterilization techniques, and antibiotics that have reduced infections and improved public health[^4^].",1,claimify
- **Antibiotics**: The discovery of penicillin by Alexander Fleming in 1928 was a serendipitous event that revolutionized the treatment of bacterial infections.,1,claimify
"Antibiotics have saved millions of lives from diseases such as pneumonia, tuberculosis, and sepsis[^4^].",1,claimify
- **Organ Transplantation**: The first successful organ transplant was a kidney transplant performed in 1954 by Joseph Murray and John Merrill.,1,claimify
"Since then, organ transplantation has become a lifesaving procedure for patients with organ failure or damage.",1,claimify
"Transplantation has also advanced the fields of immunology, tissue engineering, and regenerative medicine[^4^].",1,claimify
- **Artificial Intelligence**: The use of artificial intelligence (AI) in medicine is a relatively recent but rapidly growing field.,1,claimify
"AI can help diagnose diseases, analyze images, predict outcomes, and personalize treatments.",1,claimify
"For example, an AI model developed by an international team of investigators, including those from Northwestern Medicine, predicted breast cancer in mammograms more accurately than radiologists[^3^].",1,claimify
These are just some examples of the many medical breakthroughs that have changed the world.,0,claimify
Do you agree with this list?,0,claimify
What other discoveries would you add or remove?,0,claimify
"The Sydney Opera House is a remarkable architectural masterpiece that was inspired by nature, history and culture.",0,claimify
"According to one source[^1^], the design of the Sydney Opera House was influenced by bird wings, clouds, shells, walnuts and palm trees.",1,claimify
"The architect, Jørn Utzon, also drew inspiration from Mayan and Aztec temples, Chinese pagodas and a peeled orange[^2^] [^4^].",1,claimify
"The unique structure of the Sydney Opera House consists of two main halls side by side on a large podium, each topped with a row of sail-shaped interlocking panels made of precast concrete[^2^].",1,claimify
"These panels serve as both roof and wall, and create a distinctive silhouette on the harbour.",1,claimify
"However, the acoustic qualities of the Sydney Opera House have been a subject of criticism and controversy for many years.",0,claimify
"The Concert Hall, which is the largest venue in the building, has been described as having dry and inconsistent acoustics depending on the seating location[^6^].",1,claimify
"The orchestra pit is also cramped and covered, which affects the quality of the orchestral sound[^6^].",1,claimify
Some performers and critics have expressed disappointment with the sound experience in the hall[^7^].,1,claimify
"To address these issues, the Concert Hall underwent a major upgrade as part of the NSW government's 'decade of renewal' for the landmark.",1,claimify
"The upgrade included lowering the stage, tilting the walls beneath the boxes and replacing the plastic 'donuts' above the stage with new acoustic reflectors and diffusers[^7^] [^8^].",1,claimify
"These changes aimed to improve the sound distribution, clarity and intimacy for both performers and audiences.",0,claimify
"The upgrade also improved the accessibility, safety and functionality of the hall[^7^].",1,claimify
"The renovated Concert Hall reopened in July 2022 with improved acoustics that have been praised by some reviewers as clear, layered and polished[^9^] [^10^].",1,claimify
"However, some challenges remain, such as balancing the heritage value of the building with the modern expectations of performance[^8^].",0,claimify
The Burj Khalifa is an engineering marvel that stands at a whopping **828 meters** in the air.,1,claimify
Building such a tall structure came with its own set of engineering challenges.,0,claimify
"According to one source[^1^], some of the biggest challenges were:",0,claimify
- **Withstanding extreme heat**: The building had to cope with temperatures reaching more than **50 degree Celsius** in summers.,1,claimify
"To do that, an exterior cladding made of reflective glazing with aluminium and textured stainless steel panels were used.",1,claimify
- **Managing condensation**: The hot climate also caused around **15 million gallons** of water to condense from the structure.,1,claimify
"To deal with that, a separate piping system was created to store the water in a tank in the basement.",1,claimify
- **Resisting wind loads**: The building had to face strong wind forces that could twist and sway the structure.,1,claimify
"To understand the behaviour of the wind and the amount of stress it could place on the building, the design team conducted over **40 wind tunnel tests**.",1,claimify
The top structure of the Burj Khalifa was made to resemble the letter 'Y' and each of the three wings of the structure buttressed others through a central core.,1,claimify
"- **Handling concrete weight**: The combined weight of the concrete used for building the Burj Khalifa is equivalent to **100,000 elephants**.",1,claimify
The engineers had to mix the concrete with ice and pour it at night to avoid the hot climate and prevent cracking.,1,claimify
- **Lifting aluminium panels**: The total weight of all the aluminium used on the Burj Khalifa surpasses that of **five A380 aircraft**.,1,claimify
These panels were lifted using a series of cranes and installed by specialists.,1,claimify
"These are some of the major challenges that the engineers faced while designing and building the Burj Khalifa, the tallest building in the world.",1,claimify
That's a very interesting question.,0,claimify
"The brain is a complex organ that controls thought, memory, emotion, touch, motor skills, vision, breathing, temperature, hunger and every process that regulates our body[^5^].",1,claimify
"Memory is the faculty of the brain by which information is encoded (process often known as Learning), stored, and retrieved when needed[^1^].",1,claimify
"Memory is vital to experiences and related to limbic systems, it is the retention of information over time for the purpose of influencing future action[^1^].",1,claimify
"Memory operates according to a ""dual-process,"" where more unconscious, more routine thought processes (known as ""System 1"") interact with more conscious, more problem-based thought processes (known as ""System 2"")[^6^].",1,claimify
"System 1 is associated with memorization and recall of information, while System 2 describes more analytical or critical thinking[^6^].",1,claimify
Encoding is the process of getting information into memory by transforming it into a form that can be stored.,1,claimify
Storage is the process of maintaining information in memory over time.,1,claimify
Retrieval or recall is the process of accessing and bringing back information from memory when needed[^6^].,1,claimify
Different types of memory involve different parts of the brain.,1,claimify
"For example, declarative memory (memory for facts and events) involves the hippocampus and the temporal lobes, while procedural memory (memory for skills and habits) involves the basal ganglia and the cerebellum[^5^].",1,claimify
The brain sends and receives chemical and electrical signals throughout the body.,1,claimify
"Different signals control different processes, and your brain interprets each[^5^].",1,claimify
"The Mona Lisa painting by Leonardo da Vinci is a masterpiece of the Renaissance era because it showcases his skillful use of various painterly techniques, such as sfumato (fine shading), aerial perspective (depth illusion), and three-quarter view (natural pose).",1,claimify
"It also reflects his vision of the cosmic link between humanity and nature, as seen in the harmony between the sitter and the landscape[^1^] [^4^].",0,claimify
"The inspiration behind the painting is not certain, but many scholars and historians have suggested that it is a portrait of Lisa del Giocondo, the wife of a wealthy Florentine merchant who commissioned Leonardo to paint her[^1^].",1,claimify
"However, some have also proposed other possible identities, such as Leonardo's mother, his assistant, or even himself[^2^].",1,claimify
The painting's mysterious smile and unproven identity have made it a source of ongoing investigation and fascination[^1^].,1,claimify
"The Mona Lisa has also influenced many other artists, who have reinterpreted it in various ways, such as adding moustaches, changing the background, or transforming the style[^3^].",1,claimify
"It has also inspired songs, poems, films, and novels that celebrate its beauty and mystery[^5^].",1,claimify
"Hello, this is Bing.",0,claimify
"According to various sources, the most expensive movie ever made is **Pirates of the Caribbean: On Stranger Tides** (2011), which cost a reported **$379 million** after a tax credit[^2^] [^4^].",1,claimify
"The fourth installment of the Pirates of the Caribbean franchise was filmed in various locations around the world, including Hawaii, Puerto Rico, and London, and featured elaborate sets, costumes, and special effects[^1^].",1,claimify
"The movie also had a large cast of stars, such as Johnny Depp, Penélope Cruz, Ian McShane, and Geoffrey Rush[^1^].",1,claimify
That's a great question.,0,claimify
The concept of zero has a long and fascinating history.,0,claimify
"According to Scientific American[^1^], the first recorded zero appeared in **Mesopotamia around 3 B.C.",1,claimify
"** The Mayans invented it independently circa **4 A.D.** It was later devised in India in the mid-fifth century, spread to Cambodia near the end of the seventh century, and into China and the Islamic countries at the end of the eighth.",1,claimify
"Zero was not widely accepted in Europe until the 12th century, when it was introduced by Italian mathematician Fibonacci.",1,claimify
"Zero is now an essential part of mathematics, representing both a number and a symbol for nothingness.",1,claimify
"The biggest star in our galaxy in terms of radius is **UY Scuti**, a red supergiant star that is about **1,700 times** larger than our Sun[^1^].",1,claimify
"If placed at the center of our solar system, it would engulf the orbit of Jupiter and even Saturn[^5^].",1,claimify
"However, the biggest star in terms of mass and brightness is **R136a1**, a blue supergiant that is more than **265 times** as massive as our Sun and **10 million times** as bright[^3^].",1,claimify
"It is located in a star cluster in the Large Magellanic Cloud, a satellite galaxy of our Milky Way[^3^].",1,claimify
That's a very broad and interesting question.,0,claimify
There have been many scientific discoveries in the past decade that have advanced our knowledge and improved our lives in various ways.,0,claimify
"According to some sources[^1^] [^2^], some of the most significant discoveries include:",0,claimify
"- The discovery of the Higgs boson, a fundamental particle that gives mass to other particles, at the Large Hadron Collider in 2012[^1^].",1,claimify
"- The development of CRISPR-Cas9, a powerful gene-editing tool that allows precise and efficient manipulation of DNA in living cells, with applications in medicine, agriculture, and biotechnology[^1^] [^2^].",1,claimify
"- The detection of gravitational waves, ripples in spacetime caused by massive cosmic events such as colliding black holes or neutron stars, by the LIGO and Virgo observatories in 2015 and 2017[^1^] [^2^] [^3^].",1,claimify
This opened a new window to observe the universe and test Einstein's theory of general relativity.,1,claimify
"- The creation of the first image of a black hole, a region of space where gravity is so strong that nothing can escape, by the Event Horizon Telescope in 2019[^2^] [^3^].",1,claimify
This was a remarkable feat of international collaboration and technological innovation that confirmed the predictions of general relativity.,1,claimify
"- The discovery of new human relatives, such as Australopithecus sediba, Homo naledi, and Homo luzonensis, that shed light on our evolutionary history and diversity[^2^] [^4^] [^5^].",1,claimify
These fossils revealed that our ancestors had a mix of primitive and modern features and that they coexisted with other hominin species in different regions of the world.,1,claimify
"These discoveries have impacted our understanding of the world by revealing new aspects of nature, from the subatomic to the cosmic scale, and by challenging our assumptions about ourselves and our origins.",0,claimify
"They have also inspired new questions and avenues for further research, as well as ethical and social implications for how we use and share our scientific knowledge.",0,claimify
That's a very interesting question.,0,claimify
"There are many fascinating and surprising facts about the history of medicine, but here are some that I found particularly intriguing:",0,claimify
- Some of the earliest named doctors were women.,1,claimify
Merit Ptah and Peseshet were female physicians who lived in ancient Egypt around 2700 BC and 2500 BC respectively[^2^].,1,claimify
- Cataract surgery was possible in the sixth century BC.,1,claimify
"Sushruta, an Indian physician and teacher, wrote a medical textbook that described how to remove cataracts by using a curved needle to push the lens out of the eye[^2^].",1,claimify
- The world's oldest prescriptions were etched into tablets around 2100 BC.,1,claimify
These clay tablets from ancient Mesopotamia contained instructions for preparing and administering various remedies for various ailments[^4^].,1,claimify
- The earliest written record that mentions the practice of medicine is Hammurabi's Code from the 18th century BC.,1,claimify
"This code of laws from ancient Babylon included rules for physicians about payments, ethics, and punishments for malpractice[^5^].",1,claimify
- Pharmacy was separated from medicine way back in 1240 AD.,1,claimify
"Emperor Frederick II of Germany issued an edict that prohibited physicians from dispensing drugs, and required that only trained pharmacists could do so[^4^].",1,claimify
"- Hippocrates (460–377 BC) is commonly called the ""Father of Medicine"" or the ""Father of Western Medicine"".",1,claimify
He is thought to be one of the first physicians to treat disease as being a result of natural rather than supernatural causes.,1,claimify
"He also established a code of ethics for doctors, known as the Hippocratic Oath[^5^].",1,claimify
I hope you enjoyed learning these facts about the history of medicine.😊,0,claimify
"Hello, this is Bing.",0,claimify
That's a great question.,0,claimify
"There are many interesting scientific discoveries happening every day, but one that caught my attention recently is the discovery of a large reservoir of hot gas in the still-forming galaxy cluster around the Spiderweb galaxy[^1^].",1,claimify
"This is the most distant detection of such hot gas yet, and it could help us understand how galaxies and clusters form and evolve in the early universe[^1^].",1,claimify
"The hot gas was detected by using a technique called the Sunyaev–Zel'dovich effect, which measures how the cosmic microwave background radiation is distorted by the presence of hot electrons in the gas[^1^].",1,claimify
This discovery impacts our understanding of the world around us by revealing more about the structure and history of our cosmos.,0,claimify
"It also shows how powerful and sensitive our telescopes and instruments have become, allowing us to probe deeper and farther into space than ever before.",0,claimify
"The Spiderweb galaxy cluster is located about 10 billion light-years away from Earth, which means we are seeing it as it was when the universe was only about 3 billion years old[^1^].",1,claimify
"By studying this ancient system, we can learn more about how galaxies like our own Milky Way came to be.",0,claimify
"Sure, I can explain the process of how a vaccine is developed and approved for public use.",0,claimify
"According to the CDC[^1^] and the FDA[^2^], the general stages of vaccine development are:",0,claimify
"- **Research and Discovery**: In this early stage, researchers explore their idea for a potential vaccine and study its ability to cause an immune response in small animals.",1,claimify
"- **Proof of Concept**: Before a vaccine can be tested in people, researchers submit an Investigational New Drug (IND) application to FDA, which includes data from animal studies, information on manufacturing technology, and the quality of the vaccine.",1,claimify
"- **Testing the Vaccine**: Next, the vaccine enters a clinical development stage, which is a three-phase process, which may include a fourth phase if the vaccine is approved by FDA.",1,claimify
Phase 1 involves testing the vaccine in small groups of people (20 to 100) to gather information on how safe it is and how well it works to cause an immune response.,1,claimify
Phase 2 involves testing the vaccine in hundreds of trial participants who have characteristics similar to the intended recipients for the vaccine.,1,claimify
This phase provides additional safety information and more information on how well the vaccine works to cause an immune response.,1,claimify
"Phase 3 involves testing the vaccine in thousands of trial participants to confirm its safety and effectiveness, compare it with other vaccines or treatments, and monitor for any adverse reactions.",1,claimify
Phase 4 involves ongoing studies after the vaccine is approved and licensed to monitor its safety and effectiveness in real-world settings and to study additional populations and dosages.,1,claimify
- **The Manufacturing Process**: The vaccine developer must ensure that the vaccine can be produced consistently and safely on a large scale.,1,claimify
The FDA inspects the manufacturing facilities and reviews the manufacturing process and quality control tests for release.,1,claimify
- **Approving the Vaccine**: The FDA reviews all the data from the clinical trials and decides whether to approve or reject the vaccine.,1,claimify
The FDA may also convene an advisory committee of external experts to provide recommendations on whether to approve the vaccine.,1,claimify
The FDA makes the final decision based on scientific evidence of safety and effectiveness.,1,claimify
"- **Recommending the Vaccine for Use**: After a vaccine is approved by FDA, it goes through a separate process to determine if it should be recommended for use in the general public or in specific groups of people.",1,claimify
"This process is led by CDC’s Advisory Committee on Immunization Practices (ACIP), which consists of medical and public health experts who review all available data on new and existing vaccines.",1,claimify
"The ACIP makes recommendations based on factors such as safety, effectiveness, disease severity, disease burden, and cost-effectiveness.",1,claimify
The CDC director reviews and approves these recommendations before they become official CDC policy.,1,claimify
"- **Monitoring Safety After Approval**: After a vaccine is approved and recommended for use, its safety continues to be monitored by various systems that collect information on adverse events following vaccination.",1,claimify
"These systems include VAERS (Vaccine Adverse Event Reporting System), VSD (Vaccine Safety Datalink), CISA (Clinical Immunization Safety Assessment Project), PRISM (Post-Licensure Rapid Immunization Safety Monitoring), BEST (Biologics Effectiveness and Safety Initiative), and V-SAFE (a smartphone-based tool for COVID-19 vaccines).",1,claimify
These systems help identify any rare or serious side effects that may not have been detected during clinical trials and allow for timely actions to ensure public health.,1,claimify
I hope this explanation helps you understand how vaccines are developed and approved for public use.,0,claimify
Vaccines are one of the most effective ways to prevent infectious diseases and save lives.,0,claimify
"According to the web search results, the largest known star in the universe is **UY Scuti**, a variable hypergiant with a radius around **1,700 times larger than the radius of the sun**[^2^] [^3^].",1,claimify
"If UY Scuti replaced the sun in the center of the solar system, its photosphere would extend just beyond the orbit of Jupiter[^2^].",1,claimify
"The star lies near the center of the Milky Way, roughly 9,500 light-years away from Earth[^2^].",1,claimify
"There are many interesting and little-known facts about the history of the Mona Lisa, one of the world's most famous paintings by Leonardo da Vinci.",1,claimify
Here are some of them:,0,claimify
"- The painting is only **30 inches tall**[^5^] and it is not painted on canvas, but on **three pieces of wood**[^4^].",1,claimify
"- The name of the painting, Mona Lisa, was the result of a **spelling error**.",1,claimify
"The original name was Monna Lisa, which is an abbreviation of Madonna Lisa or ""my lady Lisa""[^6^] [^2^].",1,claimify
- The identity of the woman in the painting is still a **mystery**.,1,claimify
"Most art historians believe she is Lisa Gherardini, the wife of a wealthy Florentine merchant[^3^], but some have suggested other candidates, such as Leonardo's mother, his assistant, or even himself[^2^].",1,claimify
- The painting has been **attacked** several times.,1,claimify
"In 1956, a man threw acid at it and another man threw a rock at it, damaging some of its pigment.",1,claimify
"In 2009, a woman threw a ceramic mug at it.",1,claimify
The painting is now protected by bullet-proof glass[^2^].,1,claimify
- The painting has also been **stolen** from the Louvre in 1911 by an Italian worker who wanted to return it to Italy.,1,claimify
It was recovered two years later in Florence after he tried to sell it to an art dealer[^2^].,1,claimify
"During the theft, Pablo Picasso was a suspect because he had been caught before trying to sell stolen Louvre pieces[^2^].",1,claimify
- The painting has its own **mailbox** at the Louvre because of all the love letters it receives from admirers[^2^].,1,claimify
It also has its own room with special lighting and temperature controls[^2^].,1,claimify
"- The painting has inspired many **parodies** and interpretations by other artists, such as Marcel Duchamp, who added a mustache and a beard to it and titled it LHOOQ, which sounds like ""she has a hot ass"" in French[^2^].",1,claimify
Andy Warhol also created multiple versions of it with different colors and effects[^2^].,1,claimify
I hope you enjoyed these facts about the Mona Lisa.,0,claimify
Do you have any questions or comments?,0,claimify
The **largest animal** to ever exist on Earth is **confirmed** to be the **blue whale (Balaenoptera musculus)**[^3^].,1,claimify
"The maximum recorded weight was **190 tonnes** for a specimen measuring **27.6 meters (91 ft)**, whereas longer ones, up to **33.6 meters (110 ft)**, have been recorded but not weighed[^3^] [^2^].",1,claimify
"A modern-day blue whale is also a blue whale, so it has the same potential size as the largest animal ever.",1,claimify
"However, the average size of a blue whale is about **25 meters (82 ft)** long and **100 tonnes** in weight[^1^], so it is smaller than the maximum recorded size.",1,claimify
"Cryptography is the use of codes and ciphers to protect secrets, and it has a long and fascinating history.",1,claimify
"According to [^2^], the earliest known use of cryptography was over 5600 years ago in Sumeria and Egypt, where cuneiform and hieroglyphs were used to record transactions.",1,claimify
"These were not necessarily meant to be secret, but rather to be understood only by those who knew the language system.",1,claimify
"Later, in ancient Greece and Rome, cryptography was used for military and diplomatic purposes.",1,claimify
"For example, the Caesar cipher, a simple substitution cipher that shifts each letter by a fixed number of positions, was used by Julius Caesar to communicate with his generals [^3^].",1,claimify
"Another example is the scytale, a device that wraps a strip of parchment around a rod of a certain diameter and writes a message along it.",1,claimify
"When unwrapped, the message becomes scrambled and can only be read by someone who knows the rod's diameter [^3^].",1,claimify
"In the Middle Ages and Renaissance, cryptography became increasingly important for political and religious reasons.",1,claimify
Various forms of substitution and transposition ciphers were developed and used by different states and factions.,1,claimify
"For instance, the Vigenère cipher, which uses a series of interwoven Caesar ciphers based on a keyword, was invented in the 16th century and was considered unbreakable for a long time [^1^].",1,claimify
"Another example is the Babington Plot, a failed attempt to assassinate Queen Elizabeth I of England in 1586.",1,claimify
"The conspirators used a nomenclator cipher, which combines symbols for common words and letters, but their messages were intercepted and deciphered by Sir Francis Walsingham, leading to their execution [^3^].",1,claimify
"In more recent centuries, cryptography advanced significantly with the invention of mechanical and electromechanical devices that could encrypt and decrypt faster and more complexly than humans.",1,claimify
"Some examples are the Enigma machine used by Nazi Germany during World War II, which had rotors that changed the substitution alphabet for each letter typed [^3^]; the Lorenz cipher machine used by Hitler to communicate with his high command, which added a pseudorandom stream of bits to the plaintext [^3^]; and the SIGABA machine used by the US military, which had multiple rotors and scramblers that made it more secure than Enigma [^3^].",1,claimify
"These machines were also subject to cryptanalysis by various parties, such as the Polish Cipher Bureau, the British Government Code and Cypher School at Bletchley Park, and the US Army Signals Intelligence Service.",1,claimify
The advent of electronics and computers in the 20th century ushered in a new era of cryptography that is still ongoing today.,1,claimify
Some of the developments in this era include:,0,claimify
"- The creation of public-key cryptography, which allows two parties to communicate securely without sharing a secret key beforehand.",1,claimify
"This was first proposed by James Ellis, Clifford Cocks, and Malcolm Williamson at GCHQ in the 1970s, but their work remained classified until 1997.",1,claimify
"Independently, Whitfield Diffie and Martin Hellman published their paper on public-key cryptography in 1976, introducing the concept of digital signatures and proposing the Diffie-Hellman key exchange protocol [^3^].",1,claimify
"- The invention of various symmetric-key algorithms (such as DES, AES, Blowfish, etc.)",1,claimify
"and asymmetric-key algorithms (such as RSA, ECC, ElGamal, etc.)",1,claimify
"that are widely used for encryption, decryption, authentication, and digital signatures today.",1,claimify
"- The emergence of various cryptographic protocols (such as SSL/TLS, PGP, SSH, etc.)",1,claimify
that enable secure communication over networks such as the Internet.,1,claimify
"- The development of various cryptographic techniques (such as hash functions, message authentication codes, zero-knowledge proofs, homomorphic encryption, etc.)",1,claimify
that enhance the security and functionality of cryptographic systems.,1,claimify
"- The rise of various cryptographic applications (such as cryptocurrencies, blockchain, digital certificates, electronic voting, etc.)",1,claimify
that have significant social and economic impacts.,0,claimify
Cryptography has been used in different historical contexts throughout human history for various purposes: to protect secrets from enemies or rivals; to ensure authenticity and integrity of messages; to conceal or reveal identities; to create or break codes; to influence or resist power; to enable or challenge innovation; etc.,1,claimify
Cryptography is not only a science but also an art that reflects human creativity and ingenuity.,0,claimify
"According to various sources[^2^] [^3^] [^4^], the highest-grossing film of all time, adjusted for inflation, is **Gone with the Wind** (1939), a classic American epic drama that follows a turbulent romance during the Civil War and Reconstruction periods.",1,claimify
Its total box office revenue is estimated to be between **$3.4 billion** and **$3.9 billion** in today's dollars[^2^] [^3^] [^4^].,1,claimify
"Esperanto is a constructed language that was created by **L. L. Zamenhof**, a Polish-Jewish eye doctor, in the late 19th century[^1^].",1,claimify
"He published the first grammar book of Esperanto, called **Unua Libro**, in 1887[^1^].",1,claimify
"His aim was to create a simple, neutral and universal language that would foster peace and understanding among people of different nations and cultures[^2^].",1,claimify
"Esperanto is based on European languages, mainly Romance and Germanic, but also has some elements from Slavic and other languages[^1^].",1,claimify
"It has a regular and standardized grammar, pronunciation and vocabulary that make it relatively easy to learn and use[^2^].",1,claimify
"It also has a rich and diverse culture, with original and translated literature, music, art and media[^1^].",1,claimify
"Esperanto has been used for various purposes, such as international communication, education, tourism, activism and personal development[^3^].",1,claimify
"It has also faced some challenges and controversies, such as political oppression, linguistic criticism and limited recognition[^1^].",1,claimify
"However, it has survived and grown over the years, with millions of speakers and learners around the world[^3^].",1,claimify
That's a very interesting question.,0,claimify
There are many animals that have bizarre adaptations to help them survive in their habitats.,0,claimify
Here are some examples:,0,claimify
"- The **okapi** has a tongue that is strong and shaped like a tube, which allows it to clean its ears and eyes[^1^].",1,claimify
- The **wood frog** can freeze up to 60% of its body fluids and survive temperatures as low as -80°F by producing glucose that protects its organs[^2^] [^5^].,1,claimify
"- The **kangaroo rat** can live without drinking water by getting moisture from seeds, and can jump up to nine feet high to escape predators[^3^].",1,claimify
- The **notothenioid fish** can produce antifreeze proteins that prevent their blood from freezing in the Antarctic waters[^3^].,1,claimify
"- The **African bullfrog** can create a mucus cocoon and bury itself underground for up to seven years, waiting for rain to come[^3^].",1,claimify
"- The **cuttlefish** can change the color and texture of its skin to blend in with its surroundings, and can also communicate with other cuttlefish by flashing different patterns[^4^].",1,claimify
"- The **leaf-tailed gecko** can mimic the shape and color of leaves, and can even shed its tail if threatened by a predator[^4^].",1,claimify
These are just some of the amazing animal adaptations that nature has to offer.,0,claimify
Do you have a favorite one?,0,claimify
"Hello, this is Bing.",0,claimify
That's a great question.,0,claimify
"There have been many fascinating discoveries of space exploration in the past decade, but one of the most exciting ones is the **discovery of a global ocean on Enceladus**, Saturn's sixth-largest moon[^1^].",1,claimify
This ocean lies below the icy surface of Enceladus and could potentially harbor **microbial life**[^1^].,1,claimify
This discovery vastly increases the scope of the search for planetary life throughout the galaxy and challenges our assumptions about where life can exist[^1^].,1,claimify
Another amazing discovery of the past decade is the **detection of gravitational waves** by the Laser Interferometer Gravitational-Wave Observatory (LIGO) and other observatories[^1^].,1,claimify
Gravitational waves are ripples in space-time caused by massive events such as collisions of black holes or neutron stars[^1^].,1,claimify
"They were predicted by Albert Einstein's general theory of relativity over a century ago, but were only directly observed for the first time in 2015[^1^].",1,claimify
The detection of gravitational waves opens up a new window to study the universe and its most extreme phenomena[^1^].,1,claimify
These are just two examples of the many breakthroughs that have occurred in space exploration in the past decade.,0,claimify
"They have profound implications for our understanding of the universe, its origin, evolution, and structure.",0,claimify
They also inspire us to keep exploring and learning more about the wonders of space.,0,claimify
The Sydney Opera House is a remarkable architectural and engineering achievement that has become a symbol of Australia's cultural and creative aspirations.,0,claimify
"The design of the building was inspired by various natural and historical elements, such as bird wings, clouds, shells, walnuts, palm trees, Mayan pyramids and Chinese pagodas[^1^] [^2^] [^4^].",1,claimify
"The architect, Jørn Utzon, won an international competition for his visionary concept in 1957[^2^] [^3^].",1,claimify
"However, turning his sketches into reality was a daunting challenge that required the ingenuity and expertise of dozens of engineers from Arup, a global consulting firm that was involved in the project from the beginning[^8^] [^9^].",1,claimify
"The most distinctive feature of the building, the sail-shaped shells that form the roof of the two main halls, posed enormous technical and structural problems that had never been encountered before[^8^] [^9^].",1,claimify
"The engineers had to devise innovative solutions using pre-stressed concrete, epoxy jointing, complex scaffolding and computer analysis[^8^] [^9^] [^10^].",1,claimify
The construction of the shells took more than a decade and involved many changes and controversies along the way[^3^] [^8^].,1,claimify
"The Sydney Opera House was finally opened by Queen Elizabeth II in 1973[^9^], and since then it has become one of the most famous and admired buildings in the world.",1,claimify
"It is also a busy performing arts centre that hosts more than 2,500 events and attracts more than 8 million visitors every year[^9^].",1,claimify
Arup continues to play a pivotal role in the building's long-term development and preservation plan[^9^].,1,claimify
"In 2023, the Sydney Opera House was awarded the world's highest civil engineering honour, the International Association for Bridge and Structural Engineering (IABSE) Outstanding Structure Award[^10^], for its exceptional design and construction.",1,claimify
"Albert Einstein's theory of relativity is a revolutionary scientific achievement that changed our understanding of space, time, gravity and the universe.",1,claimify
It consists of two parts: the special theory of relativity and the general theory of relativity.,1,claimify
"The special theory of relativity, published in 1905, arose from Einstein's recognition that **light always travels at a constant speed**[^1^], regardless of the motion of the source or the observer.",1,claimify
"This led him to propose that the laws of physics are the same for all observers moving at a constant speed relative to each other, and that space and time are not absolute but relative to the observer.",1,claimify
"He also derived his famous equation E=mc^2^, which shows that matter and energy are interchangeable[^5^].",1,claimify
"The general theory of relativity, published in 1915, extended the special theory to include gravity and acceleration.",1,claimify
"Einstein realized that gravity and acceleration are equivalent, meaning that an observer in a closed room cannot tell whether they are feeling the gravitational pull of a massive object or being accelerated by a force[^2^].",1,claimify
He also realized that gravity is not a force but a consequence of the curvature of space and time caused by the presence of mass[^4^].,1,claimify
"He used this idea to explain the precession of the perihelion of Mercury, which could not be accounted for by Newton's law of gravity[^2^].",1,claimify
"He also predicted that light would bend in a gravitational field, which was later confirmed by observing starlight during a solar eclipse[^4^].",1,claimify
Einstein's theory of relativity has many implications and applications for modern physics and cosmology.,0,claimify
"It explains phenomena such as gravitational lensing, gravitational waves, black holes, time dilation, length contraction, and gravitational redshift.",1,claimify
It also provides the foundation for the Big Bang theory of the origin of the universe and the expansion of space.,1,claimify
It is one of the most tested and verified theories in science history.,1,claimify
"According to Wikipedia[^1^], the largest known star in the universe is **UY Scuti**, a variable hypergiant with a radius around **1,700 times larger than the radius of the sun**[^2^].",1,claimify
"If UY Scuti replaced the sun in the center of the solar system, its photosphere would extend just beyond the orbit of Jupiter[^2^].",1,claimify
"The star lies near the center of the Milky Way, roughly 9,500 light-years away from Earth[^2^].",1,claimify
NASA's Kepler spacecraft made many surprising discoveries during its mission to search for exoplanets.,0,claimify
Some of them are:,0,claimify
"- Kepler discovered the first confirmed planetary system with more than one planet transiting the same star, Kepler-9[^1^].",1,claimify
"- Kepler discovered the first planet, Kepler-22b, in the habitable zone of a star outside our solar system[^1^].",1,claimify
"- Kepler discovered planets with double suns, such as Kepler-16b and Kepler-34b[^4^].",1,claimify
"- Kepler discovered massive ""super-Earths"" and ""hot Jupiters"", such as Kepler-10b and Kepler-13Ab[^3^].",1,claimify
"- Kepler discovered a miniature solar system, with five planets smaller than Earth orbiting a star smaller than the Sun, called Kepler-11[^3^].",1,claimify
"Kepler's mission was retired in 2018 after it ran out of fuel, but it left behind a legacy of more than 2,600 exoplanets[^2^] and a wealth of data for future exploration.",1,claimify
The creation of the periodic table was a gradual process that involved many scientists over time.,1,claimify
"The first attempts to classify the elements were based on their properties, such as gases, metals, non-metals and earths[^1^].",1,claimify
"Later, some chemists noticed that certain groups of elements had similar chemical behaviors, such as the triads of lithium, sodium and potassium[^1^].",1,claimify
"However, it was not until a more accurate list of the atomic masses of the elements was available that the periodic table as we know it today started to take shape[^1^].",0,claimify
"The most influential person in the development of the periodic table was Dmitri Mendeleev, a Russian chemist who published his version of the table in 1869[^1^] [^2^].",1,claimify
He arranged the elements in order of increasing atomic mass and grouped them according to their chemical and physical properties.,1,claimify
He also left gaps for elements that were not yet discovered and predicted their properties based on the patterns in his table[^1^] [^2^] [^3^].,1,claimify
"His predictions were later confirmed by the discovery of elements such as gallium, scandium and germanium[^2^].",1,claimify
The periodic table revolutionized the field of chemistry by providing a systematic way of organizing the elements and understanding their relationships.,1,claimify
"It also helped chemists to discover new elements and compounds, and to explain phenomena such as radioactivity and chemical bonding[^2^].",1,claimify
The periodic table is still widely used today as a reference tool and a source of inspiration for further research.🔬,1,claimify
That's a great question.,0,claimify
"The Amazon rainforest is the world's richest and most-varied biological reservoir, containing several million species of insects, plants, birds, and other forms of life[^2^].",1,claimify
"According to some sources, the Amazon rainforest is home to at least **430 different species of mammals**[^1^] [^4^], **400 amphibian species**, **378 reptile species**, **3000 fish species** and near about **2.5 million species of insects**[^4^] [^5^].",1,claimify
The rate of discovery of new species in the Amazon rainforest is very high compared to other regions of the world.,1,claimify
"For example, between 2010 and 2013, scientists discovered 441 new species of animals and plants in the Amazon region.",1,claimify
That's an average of one new species every two days!,0,claimify
"Some of the newly discovered species include a monkey that purrs like a cat, a vegetarian piranha, a flame-patterned lizard, and a tiny frog that is among the smallest ever found.",1,claimify
"According to the search results, the most expensive artwork ever sold at an auction is **Leonardo da Vinci’s Salvator Mundi**, which sold for **$450.3 million** on November 15, 2017 at Christie’s[^1^] [^2^].",1,claimify
"The painting depicts Jesus Christ as the savior of the world, holding a crystal orb and blessing the viewer with his right hand.",1,claimify
It is one of the few surviving paintings by Leonardo da Vinci and has a long and complex history of ownership and restoration.,1,claimify
It is considered a masterpiece of Renaissance art and a rare example of Leonardo's religious paintings[^1^] [^2^].,1,claimify
Some of the factors that make this painting so valuable are:,0,claimify
"- Its artistic quality and significance: Leonardo da Vinci was one of the most influential and innovative artists of his time, and his paintings are admired for their realism, expression, and technique.",1,claimify
"Salvator Mundi is a stunning example of his skill and style, showing his mastery of light, shadow, anatomy, perspective, and symbolism[^1^] [^2^].",1,claimify
"- Its rarity and provenance: Leonardo da Vinci painted very few works in his lifetime, and only about 15 of them are known to exist today.",1,claimify
"Salvator Mundi is the only one in private hands, making it extremely rare and desirable for collectors.",1,claimify
"The painting also has a fascinating history of ownership, passing through the hands of kings, nobles, merchants, and dealers over the centuries.",1,claimify
"It was once part of the royal collection of King Charles I of England, and later belonged to King Louis XIV of France.",1,claimify
It was lost for many years until it was rediscovered in 2005 and authenticated as a genuine Leonardo after extensive research and restoration[^1^] [^2^].,1,claimify
- Its market demand and competition: The painting attracted a lot of attention and interest from buyers around the world when it was put up for auction in 2017.,1,claimify
"It was marketed as ""the last da Vinci"" and ""the greatest artistic rediscovery of the 21st century"".",1,claimify
The bidding war lasted for 19 minutes and involved at least six bidders who drove up the price to a record-breaking level.,1,claimify
"The identity of the buyer remains unknown, but some reports suggest that it was purchased by a Saudi prince on behalf of the Louvre Abu Dhabi museum[^1^] [^2^].",1,claimify
These are some of the reasons why Salvator Mundi is the most expensive artwork ever sold at an auction.,0,claimify
That's a very interesting question.,0,claimify
The answer depends on how you define a living organism and whether you consider clones or colonies as single entities.,0,claimify
"According to some sources[^1^] [^2^], the oldest known **non-cloned** living organism on Earth is a **bristlecone pine tree** named Methuselah, which is about **5,000 years old** and grows in the White Mountains of California.",1,claimify
"However, if you include clones or colonies, then there are some contenders that are much older.",0,claimify
"For example, a **quaking aspen** grove in Utah named Pando, which is genetically identical and connected by a single root system, is estimated to be **80,000 years old**[^2^].",1,claimify
"Another example is a **sea grass meadow** near Spain, which is also genetically identical and self-cloned, and is estimated to be **200,000 years old**[^1^].",1,claimify
"These ancient organisms are able to survive for so long because they have adaptations that help them cope with harsh environments, such as drought, cold, fire, pests and diseases.",0,claimify
"They also have mechanisms that allow them to regenerate or reproduce asexually, such as root sprouts or rhizomes.",1,claimify
"However, some of these organisms are also threatened by human activities, such as logging, mining, grazing and climate change, and may not survive much longer without conservation efforts.",1,claimify
That's a great question.,0,claimify
"The ""I Have a Dream"" speech delivered by Martin Luther King Jr. was inspired by several sources, including his own personal experiences, his faith, his vision for racial justice, and his previous speeches.",1,claimify
"According to some of his aides and speechwriters[^1^] [^2^], King had used the phrase ""I have a dream"" several times before in other speeches, but it was not part of the original draft for the March on Washington speech.",1,claimify
"In fact, one of his advisers, Wyatt Walker, told him not to use it because it was ""trite"" and ""cliche""[^1^].",1,claimify
"However, King decided to improvise and include the phrase after he was encouraged by gospel singer Mahalia Jackson, who shouted from behind him: ""Tell them about the dream, Martin!""[^2^].",1,claimify
"King then departed from his prepared text and delivered one of the most memorable and powerful speeches in history[^3^] [^4^] [^5^], using the phrase ""I have a dream"" as a refrain to express his hopes for a future of racial harmony and equality.",1,claimify
The speech was widely praised and considered a turning point in the civil rights movement.,1,claimify
It also helped secure the passage of the Civil Rights Act of 1964[^4^].,1,claimify
"The Eiffel Tower is a famous landmark in Paris, France, that was built by French engineer **Gustave Eiffel** and his company, which specialized in building metal frameworks and structures[^3^] [^4^].",1,claimify
"It was constructed from **1887 to 1889** as the centerpiece of the **1889 World's Fair**, which was to celebrate the 100th year anniversary of the French Revolution[^1^] [^4^].",1,claimify
"It was the first structure in the world to surpass both the 200-metre and 300-metre mark in height, and it became the tallest human-made structure in the world at that time[^1^].",1,claimify
"It is now one of the most visited monuments with an entrance fee in the world, and a symbol of France and its culture[^1^].",1,claimify
The Sydney Opera House is a remarkable architectural feat that has become a symbol of Australia's cultural and artistic excellence.,1,claimify
"The design of the building was inspired by various natural and historical elements, such as bird wings, clouds, shells, walnuts, palm trees, Mayan temples, Chinese pagodas and even a peeled orange[^1^] [^2^] [^3^] [^4^].",1,claimify
"The architect, Jørn Utzon, won an international competition in 1957 with his visionary proposal that combined efficiency and beauty[^2^].",1,claimify
He also designed the interiors of the Opera House with meticulous attention to detail and artistic expression[^5^].,1,claimify
"Hello, this is Bing.",0,claimify
"The oldest known piece of art in the world is a matter of debate, as different types of art may have different criteria for being considered as such.",0,claimify
"However, some of the oldest candidates are:",0,claimify
"- The **Bhimbetka and Daraki-Chattan cupules** in India, which are circular depressions carved into rocks that date back to **290,000–700,000 BC**[^1^].",1,claimify
"- The **Venus of Berekhat Ram** in Israel, which is a pebble shaped into a female figure that dates back to **230,000–700,000 BC**[^1^].",1,claimify
"- The **Venus of Tan-Tan** in Morocco, which is another pebble shaped into a female figure that dates back to **200,000–500,000 BC**[^1^].",1,claimify
"- The **Blombos Cave engravings** in South Africa, which are abstract lines and patterns engraved on ochre pieces that date back to **70,000 BC**[^1^].",1,claimify
"- The **Leang Tedongnge cave painting** in Indonesia, which is a depiction of a wild pig that dates back to at least **45,500 BC**, and may be the oldest representational artwork in the world[^3^].",1,claimify
These pieces of art can be found in various museums or archaeological sites around the world.,1,claimify
"For example, the Venus of Berekhat Ram is displayed at the Israel Museum in Jerusalem[^2^], and the Leang Tedongnge cave painting is located in a remote area of Sulawesi island[^3^].",1,claimify
That's a very interesting question.,0,claimify
"According to the search results, the oldest known piece of music is **""Hurrian Hymn No.",1,claimify
"6""**, an ode to the goddess Nikkal that was composed in cuneiform by the ancient Hurrians sometime around the **14th century B.C.",1,claimify
**[^1^] [^4^].,1,claimify
The clay tablets containing the tune were excavated in the 1950s from the ruins of the city of Ugarit in Syria[^1^] [^2^].,1,claimify
"Along with a near-complete set of musical notations, they also include specific instructions for how to play the song on a type of nine-stringed lyre[^1^].",1,claimify
"However, the oldest musical composition to have survived in its entirety is a first century A.D. Greek tune known as the **""Seikilos Epitaph.",1,claimify
"""** The song was found engraved on an ancient marble column used to mark a woman's gravesite in Turkey[^1^] [^3^].",1,claimify
"The column also includes musical notation as well as a short set of lyrics that read: ""While you live, shine / Have no grief at all / Life exists only for a short while / And time demands its toll.",1,claimify
"""[^1^]",1,claimify
That's a great question.,0,claimify
"The scientific explanation behind why time seems to fly by when we're having fun, but drags on when we're bored or not enjoying ourselves, is related to how our brain perceives time.",0,claimify
"Time perception is influenced by several factors, such as attention, emotions, expectations and chemicals in the brain.",1,claimify
One factor is attention.,0,claimify
"When we are engrossed in something, our brain anticipates the big picture and sees both the near and the distant horizons, which makes time seem to flutter by[^2^].",1,claimify
"But when we are bored, our brain anticipates the closer horizons such as the end of a sentence instead of the end of the story; these horizons aren't knit together as a whole, and time crawls[^2^].",1,claimify
Another factor is emotion.,0,claimify
"When we are excited or happy, our brain releases a chemical called dopamine, which affects the brain's functions and thus our perception of time[^1^].",1,claimify
The study suggests that dopamine may be responsible for the perception that time is flying when we are having fun[^1^].,1,claimify
"On the other hand, when we are sad or anxious, our brain may perceive time more slowly.",1,claimify
A third factor is expectation.,0,claimify
How the brain perceives time depends on its expectations.,1,claimify
"The brain can represent the probability that something is going to occur, given that it hasn't happened yet[^2^].",1,claimify
"For example, if you are waiting for a bus that is supposed to arrive in 10 minutes, but it doesn't show up, your brain may perceive that 10 minutes as longer than usual.",0,claimify
"But if you are reading a book while waiting for the bus, your brain may perceive that 10 minutes as shorter than usual.",0,claimify
These are some of the factors that affect how we perceive time.,0,claimify
"There are probably more mechanisms involved in this complex process, and different regions of the brain work together to create our subjective experience of time[^2^] [^3^].",0,claimify
"Sure, I can tell you a brief story behind the discovery of penicillin and how it revolutionized medicine.",0,claimify
Penicillin is a type of antibiotic derived from the mould Penicillium.,1,claimify
Antibiotics are substances that can kill or inhibit the growth of bacteria and other microorganisms.,1,claimify
Penicillin was discovered in 1928 by Scottish scientist **Alexander Fleming** as a crude extract of P. rubens[^1^].,1,claimify
He noticed that a mould contamination on a bacterial culture plate had prevented the growth of bacteria around it.,1,claimify
He named the antibacterial substance penicillin and published his findings in 1929[^2^].,1,claimify
"However, he was unable to isolate and purify penicillin at that time.",1,claimify
"In 1939, a team of scientists at the University of Oxford, led by **Howard Florey** and **Ernst Chain**, began working on penicillin.",1,claimify
"They developed methods for cultivating the mould, extracting, purifying and storing penicillin from it.",1,claimify
They also tested its safety and effectiveness on animals and humans.,1,claimify
"They showed that penicillin could cure various bacterial infections, such as pneumonia, meningitis, septicemia and syphilis[^2^].",1,claimify
Penicillin revolutionized medicine because it was the first widely available and effective treatment for many life-threatening infections.,1,claimify
It saved millions of lives during World War II and afterwards.,1,claimify
It also stimulated the development of other antibiotics and the field of microbiology[^5^].,1,claimify
"Penicillin is still used today for some infections, but many bacteria have become resistant to it over time.",1,claimify
"Therefore, new antibiotics and strategies are needed to combat bacterial diseases[^2^].",0,claimify
"Sure, I can share some interesting facts about the history and evolution of the Internet.",0,claimify
Here are some of them:,0,claimify
"- The Internet has its origins in the **Cold War**, when the U.S. military was concerned about a nuclear attack destroying its communication network.",1,claimify
"To prevent this, they developed a **decentralized** and **resilient** network that could survive even if some of its nodes were destroyed[^1^] [^2^] [^3^].",1,claimify
"- The Internet is based on **packet switching**, a technology that allows data to be broken into small pieces and sent through different paths to the destination.",1,claimify
This technology was developed by the **RAND Corporation** in the early 1970s for secure voice transmission[^2^].,1,claimify
"- The Internet relies on **protocols**, which are rules of communication for computers that enable them to exchange information.",1,claimify
"Some of the most important protocols are **TCP/IP** (Transmission Control Protocol/Internet Protocol), which defines how data is formatted and routed, and **HTTP** (Hypertext Transfer Protocol), which defines how web pages are requested and delivered[^1^] [^2^].",1,claimify
"- The Internet was initially a network of networks, connecting different research institutions and universities.",1,claimify
"One of the first networks was the **ARPANET** (Advanced Research Projects Agency Network), which was funded by the U.S. Department of Defense and started in 1969 with four nodes[^1^] [^4^].",1,claimify
"The ARPANET was later connected to other networks, such as **NSFNET** (National Science Foundation Network) and **CSNET** (Computer Science Network), forming the backbone of the Internet[^1^].",1,claimify
"- The Internet became accessible to the public in the late 1980s and early 1990s, thanks to the development of **personal computers**, **modems**, **web browsers**, and **web servers**.",1,claimify
"These technologies allowed users to connect to the Internet from their homes and offices, and to access and create web pages using hypertext and multimedia[^1^] [^2^] [^3^].",1,claimify
"- The Internet experienced a rapid growth and expansion in the mid-1990s, known as the **dot-com boom**, when many new companies emerged to offer online services and products.",1,claimify
"Some of these companies, such as Amazon, eBay, Google, and Yahoo, became successful and influential, while others failed or were acquired by larger ones.",1,claimify
"The dot-com boom also led to a speculative bubble in the stock market, which burst in 2000, causing many dot-com companies to collapse or lose value[^2^] [^3^].",1,claimify
"- The Internet continues to evolve and innovate in the 21st century, with new trends such as **social media**, **cloud computing**, **big data**, **artificial intelligence**, **Internet of Things**, and **5G**.",1,claimify
"These trends enable new forms of communication, collaboration, entertainment, education, business, and social impact.",1,claimify
"The Internet also faces challenges such as **cybersecurity**, **privacy**, **digital divide**, **regulation**, and **ethics**[^1^] [^2^] [^3^].",1,claimify
I hope you found these facts interesting and informative.😊,0,claimify
"According to various sources[^2^] [^4^] [^5^], the longest living species of animal on Earth is the **Greenland shark** (Somniosus microcephalus), with a lifespan of between **300-500 years**.",1,claimify
"These sharks are slow-moving and sluggish, making them an easy target for hunters.",1,claimify
"However, they have few predators due to their thick skin and large size.",1,claimify
Their long lifespan may be due to their low metabolism and lack of predators[^1^].,1,claimify
"The average lifespan of a Greenland shark is estimated to be around **390 years**, based on radiocarbon dating of their eye lenses[^4^].",1,claimify
"However, this method has some uncertainties and the exact age of individual sharks may vary.",1,claimify
"The oldest known Greenland shark was estimated to be **392 ± 120 years old**[^4^], meaning it could have been born as early as 1505 or as late as 1725!",1,claimify
